"","0"," 1.00000"," 1.00000"," 1.00000"," 1.00000"," 2.00000"," 2.00000"," 2.00000","pVal","BHpVal"
"1","1::P05367","18.87220","18.94320","18.41619","18.38620","14.35959","13.70671","14.16932","4.16227985365121e-05","0.00994785441636033"
"2","1::P20033","15.55427","15.68896","15.52408","15.42457","16.46789","16.39174","16.35662","6.6540832216457e-05","0.00994785441636033"
"3","1::Q9JKR6","18.23539","18.11084","18.15494","18.09822","17.64697","17.66833","17.76931","0.000517625990375541","0.0515900570407622"
"4","1::Q8CEF9","13.97707","13.66862","13.72649","14.13698","15.09280","14.69177","14.90569","0.00176616852183321","0.102585584550673"
"5","1::Q61805","23.08642","22.82774","22.72438","22.96011","20.52845","19.97515","19.87330","0.0020492994631088","0.102585584550673"
"6","1::P18419","23.42923","20.73274","23.41743","23.99735","17.56661","17.40583","16.71892","0.00250588884022773","0.102585584550673"
"7","1::P05208","14.99508","15.11200","15.32946","15.73446","14.21363","13.97956","14.12709","0.00263179594501293","0.102585584550673"
"8","1::Q8K0C5","17.02851","16.50013","17.18045","17.46026","15.24894","15.19083","15.22792","0.00274476480403139","0.102585584550673"
"9","1::Q8BGD9","15.33889","15.05517","14.98121","15.17349","15.55791","15.79346","15.69920","0.00333856984784002","0.110914709389352"
"10","1::Q9DBB9","20.79420","21.40569","21.41944","21.45469","22.73088","22.39417","22.18433","0.00392313379631907","0.11730170050994"
"11","1::Q61581","18.32580","18.37218","18.63081","18.19711","18.99082","19.00656","18.97050","0.00642593772078185","0.171942326552508"
"12","1::Q64487","18.55070","18.72401","18.99875","18.63498","19.23378","19.30518","19.34340","0.00690069538003376","0.171942326552508"
"13","1::Q8BK62","16.55861","16.83817","17.04895","16.82911","17.34267","17.56137","17.26746","0.00796992644541853","0.183308308244626"
"14","1::Q91YW3","13.86992","13.61411","13.52585","14.00411","14.51723","14.20379","14.29119","0.0100676831731488","0.185385502380721"
"15","1::Q9JJH1","22.76264","22.64611","22.94840","22.90703","22.09675","22.08732","22.41098","0.0105602629912477","0.185385502380721"
"16","1::P32921","16.83302","16.56160","16.43606","16.80168","15.93587","16.03183","15.56551","0.010762819314101","0.185385502380721"
"17","1::O88803","16.27695","16.50815","17.16293","16.78792","17.37398","17.70630","17.70286","0.0109542321519097","0.185385502380721"
"18","1::Q64739","14.57567","14.77122","14.84080","15.00858","15.30500","15.49773","15.17369","0.0111603312469999","0.185385502380721"
"19","1::Q62151","13.87037","13.87493","13.78579","13.90524","15.28715","15.99368","15.87434","0.0126098722549438","0.195144416716572"
"20","1::P29788;1::Q8BP99","22.49332","22.34894","22.87180","22.48111","21.95307","22.05474","21.98466","0.013248920736273","0.195144416716572"
"21","1::Q91X72","16.40206","15.93336","16.54454","16.51807","15.76586","15.15962","15.43788","0.0146082941864753","0.195144416716572"
"22","1::Q8K1M6","15.28701","15.51055","15.06788","14.83726","15.62647","15.86491","15.98836","0.0153436708966208","0.195144416716572"
"23","1::P21570","20.23142","20.01748","20.33435","20.06735","18.78946","19.03197","19.42033","0.0166021784063116","0.195144416716572"
"24","1::O55226","13.94006","14.03009","14.09766","14.25079","14.49952","14.40085","14.29045","0.0166105349127624","0.195144416716572"
"25","1::P47877","19.20891","18.81063","19.32993","19.30960","20.79390","19.99124","20.43053","0.016737545791747","0.195144416716572"
"26","1::P48787","16.19014","16.39803","16.35677","15.82754","15.21897","14.72819","14.29201","0.017369159391409","0.195144416716572"
"27","1::Q61646","18.40592","17.58387","18.50601","18.21904","15.90687","13.95803","14.77688","0.0181573664885221","0.195144416716572"
"28","1::Q61543","14.44955","15.11611","15.27454","14.53004","15.50935","16.10862","15.71728","0.0183160031330145","0.195144416716572"
"29","1::P50752","17.16072","17.56944","16.89804","16.52221","16.21601","15.27741","15.34269","0.0194565043629307","0.195144416716572"
"30","1::P31532","18.97238","17.45863","17.46589","18.21581","16.84646","15.87499","16.62999","0.0195797073628668","0.195144416716572"
"31","1::Q8BH64","15.87993","16.59719","16.16665","15.55708","14.69188","15.38641","14.61122","0.0203754352699748","0.196524359539435"
"32","1::P31725","15.64384","17.23192","16.07120","17.88601","15.34698","14.19009","14.48441","0.0232854119110855","0.217573067544205"
"33","1::P05366","19.12410","19.11926","18.63355","18.77418","16.26150","14.70913","16.45212","0.0254356427581388","0.22763186686974"
"34","1::P10922","15.04307","14.92527","15.03911","15.04052","14.39704","14.07595","13.85427","0.0258845601122782","0.22763186686974"
"35","1::P11276","27.18515","26.77841","26.64554","27.47495","26.45853","26.38054","26.14606","0.0280573687833734","0.234956158821543"
"36","1::Q91XQ5","16.78398","17.42317","17.45102","17.38849","17.64573","17.94228","17.97341","0.0282890358447343","0.234956158821543"
"37","1::P10126","20.26857","20.51924","20.37839","20.14794","20.13414","19.94365","20.03226","0.0299635471321759","0.237003802612316"
"38","1::Q3UQ28","17.34935","17.84371","17.02093","17.50267","16.64988","16.91283","16.89643","0.0301208846129364","0.237003802612316"
"39","1::P50228","14.16341","14.47139","14.48488","13.65178","14.86829","14.98277","14.88988","0.0322957028260357","0.244054104874605"
"40","1::P98064","17.50196","17.60761","17.85462","17.77306","18.65743","18.10296","18.62035","0.0326493785785424","0.244054104874605"
"41","1::Q9DD06","20.15235","20.17197","20.22077","20.06509","20.70957","20.64927","20.39160","0.0364708656436462","0.265970459206103"
"42","1::Q61247","18.59405","18.38262","18.57442","18.91399","18.86543","19.02892","19.04151","0.0388735439533709","0.276742610525188"
"43","1::Q8VI78","18.21138","17.67234","18.11224","17.81564","17.46348","17.59565","17.08940","0.0403321671771358","0.280449255487526"
"44","1::O09164","19.73859","20.08661","20.35939","20.05740","20.42384","20.37203","20.61609","0.0423212456781786","0.287592101313077"
"45","1::P05017","22.64545","22.40628","22.50559","22.47766","23.62928","23.05362","23.10423","0.0463332562671202","0.30285540203268"
"46","1::O70410","19.52443","18.59072","17.32441","18.95841","16.97943","15.72722","17.45270","0.0465931387742585","0.30285540203268"
"47","1::P97430","21.40732","21.58142","21.58874","21.29165","21.96292","22.26007","21.75790","0.0484768754132637","0.308395441458848"
"48","1::O08692","19.09808","18.26324","18.40766","18.78439","17.80252","15.89480","16.40712","0.0643747255410958","0.401000894516409"
"49","1::Q8QZT1","16.24601","16.00591","16.18939","16.53429","15.87353","15.42439","15.00126","0.0663531729424573","0.404889769587647"
"50","1::P07724;2::P02769","23.12401","21.68832","22.20562","22.16616","21.39889","21.23288","21.79636","0.0682061192902381","0.407872593355624"
"51","1::Q62009","18.72123","17.97752","17.57625","18.46609","19.56001","18.80275","18.73707","0.0718917971249076","0.421483281183282"
"52","1::Q99PL5","15.26387","14.78243","15.40592","15.41811","14.83354","14.61383","13.98668","0.0778625785901275","0.441007814428251"
"53","1::Q80YC5","26.28261","25.62491","26.22291","26.22638","26.71197","26.38775","26.41176","0.0793394626205832","0.441007814428251"
"54","1::Q9JM99","22.50801","22.41498","22.27818","22.43645","19.97384","21.55190","21.08154","0.079646896251256","0.441007814428251"
"55","1::P60867","16.21804","15.24827","15.28533","16.01483","14.97298","15.35723","14.89101","0.089387113685582","0.469570161404617"
"56","1::Q6ZWN5","15.86738","15.09809","14.91569","16.64484","15.18849","14.23199","14.31981","0.0895053821255272","0.469570161404617"
"57","1::P27656","19.62201","19.39411","19.66590","19.53659","20.86168","20.09891","20.05238","0.0895167197326528","0.469570161404617"
"58","1::P07759;1::Q03734","19.88914","19.46319","19.87192","20.36673","19.65758","19.00009","18.65002","0.0937566001075591","0.480805043210015"
"59","1::P32261","29.86147","29.40962","29.24883","29.37818","30.05968","30.05084","29.59754","0.0948745737437821","0.480805043210015"
"60","1::Q6ZWY9","19.14320","18.69902","19.03213","18.76660","18.17144","17.90913","16.49840","0.111306457577525","0.546497817007374"
"61","1::P0C0S6;1::P22752;1::Q64522","16.96355","16.42113","16.67983","17.25021","16.15704","16.09228","14.75543","0.11149286567709","0.546497817007374"
"62","1::P26043","18.21228","18.43405","18.29442","17.98827","18.34341","18.92376","18.65674","0.116561649234922","0.555426269617673"
"63","1::A2A8L5","18.08104","17.57184","17.16854","18.40095","19.54603","18.15716","18.66372","0.120088781713598","0.555426269617673"
"64","1::P31240","17.43438","17.61352","17.50870","17.29947","17.93962","18.56205","17.74269","0.121130083878365","0.555426269617673"
"65","1::A6X935","26.22110","25.62415","25.05171","26.70614","25.53968","23.12552","23.94204","0.121440026707578","0.555426269617673"
"66","1::Q6YGZ1","15.01639","15.05169","14.93575","14.66342","16.07475","16.39731","15.13156","0.122602454163098","0.555426269617673"
"67","1::O08842","15.58968","15.92415","16.01331","15.73873","16.17420","16.86286","16.11793","0.126782745395751","0.563645388168114"
"68","1::P13020","23.58387","21.58011","22.77535","23.12567","24.95175","23.11140","24.09998","0.128186911021511","0.563645388168114"
"69","1::P70274","18.46669","18.41291","18.66313","18.23546","19.34822","18.55180","19.47669","0.132869357109836","0.567227292050171"
"70","1::Q09098","18.88609","14.98201","15.45470","18.93933","15.15207","14.45173","15.10439","0.135155266645417","0.567227292050171"
"71","1::O89053","14.26970","14.15250","14.24935","14.45138","15.77678","14.57251","15.01063","0.135861490549747","0.567227292050171"
"72","1::P17897","19.82859","19.53879","19.88500","19.96682","20.08874","21.32598","20.51712","0.139326258755067","0.567227292050171"
"73","1::Q03401;1::Q03402","17.00572","16.96786","17.35552","17.14557","17.48379","17.83022","17.21893","0.14173708548073","0.567227292050171"
"74","1::Q00724","14.86284","15.98299","16.55984","16.79423","16.65063","17.74585","16.68517","0.142074681798356","0.567227292050171"
"75","1::P11247","17.70891","17.35845","17.71167","17.71598","17.53765","16.58414","16.60940","0.142281093323622","0.567227292050171"
"76","1::Q8CG19","15.91565","16.30690","16.14452","15.64351","16.05164","16.93191","17.03361","0.150784101720959","0.589251203422445"
"77","1::Q4ZJN1","15.66705","15.76494","15.47225","16.10330","15.82310","16.63884","16.94288","0.153038873684219","0.589251203422445"
"78","1::P14869","14.43093","14.21107","14.23795","15.44340","14.39576","13.80927","13.76497","0.158715144529814","0.589251203422445"
"79","1::Q9JHK5","19.85432","19.90217","19.47694","19.19008","18.52590","18.87717","19.54653","0.160393754701463","0.589251203422445"
"80","1::Q9Z0N1","14.33095","13.73768","13.59534","14.06788","14.39513","14.03141","14.37407","0.162234211118873","0.589251203422445"
"81","1::Q8K1B8","18.73806","19.14862","19.03415","18.38464","18.22731","18.40604","18.73652","0.164138310973377","0.589251203422445"
"82","1::P62631","17.60773","17.79629","17.67841","17.17332","17.21276","17.32502","17.40324","0.164782792497792","0.589251203422445"
"83","1::P48678","15.10878","15.09993","15.38190","15.18859","16.07616","15.35762","15.50937","0.165750542765662","0.589251203422445"
"84","1::O70251","15.64698","16.81603","16.60671","16.21617","14.67154","15.51605","16.15097","0.167107195425995","0.589251203422445"
"85","1::Q07456","26.92172","27.12646","27.14499","27.18345","27.46085","27.25909","27.13824","0.168639197015894","0.589251203422445"
"86","1::Q99JY9;1::Q641P0","20.37937","20.02499","19.91159","20.41202","20.09608","19.86010","19.48170","0.169483623726857","0.589251203422445"
"87","1::P27784","17.49871","18.08059","18.21893","15.20627","15.70253","15.93140","16.43341","0.177424814826914","0.60928711759211"
"88","1::Q921I1","20.51934","18.92782","19.58732","19.66979","19.45884","18.29079","19.05040","0.180803822738048","0.60928711759211"
"89","1::Q9CZU6","19.75440","19.58701","19.71217","19.75190","19.59108","18.88333","18.14046","0.185071973656753","0.60928711759211"
"90","1::P02088","17.30750","17.51403","17.92294","18.13217","18.05724","18.55716","17.85003","0.188402901598976","0.60928711759211"
"91","1::Q3THE2","17.56434","17.89512","17.67655","17.07446","16.04649","17.42686","16.89985","0.188725598722147","0.60928711759211"
"92","1::P01867","15.64808","16.01539","15.57598","15.19973","17.37422","15.77583","16.33928","0.189833251601236","0.60928711759211"
"93","1::Q8BWT1","16.68854","16.16547","16.16681","16.45556","16.25996","15.72509","14.94137","0.189860776584929","0.60928711759211"
"94","1::Q61702","27.28357","27.64418","27.68329","27.66359","27.53228","27.30319","27.01701","0.191548458373439","0.60928711759211"
"95","1::Q8VDD5;1::Q61879","19.83860","19.92995","19.51283","19.42868","18.04299","19.19659","19.42243","0.199134521984856","0.626749706036548"
"96","1::P15864;1::P43274","17.67201","17.33320","17.39900","17.37642","16.64853","17.33365","17.20591","0.202492519516914","0.630679826412056"
"97","1::P97290","15.26422","15.43488","15.66635","16.17469","17.69201","15.68167","16.65406","0.207409254244701","0.639333680609954"
"98","1::P20029;1::P16627;1::P17879","16.47689","16.21375","16.23809","16.53841","15.96730","15.68449","16.37941","0.211447230901894","0.643161059668174"
"99","1::P09535","17.27420","17.79114","17.34987","17.32675","18.48026","17.57488","17.72749","0.212952993000499","0.643161059668174"
"100","1::Q8R429","15.37440","16.42221","16.31868","16.41492","14.26280","15.20414","16.11979","0.215381371607179","0.643990301105465"
"101","1::P09803","18.33916","17.99943","18.57076","18.06451","18.30647","17.27422","17.54646","0.218412795043504","0.64658837344562"
"102","1::Q62446","16.01474","16.69518","16.12457","15.89317","16.04010","15.54105","15.98805","0.229915165200315","0.668641517632562"
"103","1::P06684","17.97909","17.29076","17.87269","18.46123","20.78932","18.62935","18.25229","0.230815502921017","0.668641517632562"
"104","1::Q8VCM7","29.05155","27.88940","27.52380","28.65466","28.44473","26.61720","26.87600","0.232570962654804","0.668641517632562"
"105","1::P26262","25.19661","25.00192","25.30064","25.25699","26.21192","25.40125","25.34576","0.235549901476241","0.669766491564972"
"106","1::P06728","16.53721","17.82287","15.93665","17.64169","15.72153","16.43326","16.64758","0.237442301357482","0.669766491564972"
"107","1::P47880","19.90759","19.58373","19.36165","19.80117","20.47279","19.70868","19.90888","0.248490836724877","0.69048211235118"
"108","1::Q60817","17.05919","17.73487","17.47356","17.02944","17.82406","18.82671","17.36815","0.249404910146915","0.69048211235118"
"109","1::Q8K182","20.62349","20.82683","20.79390","21.38173","23.96201","21.40547","21.35311","0.259284814589904","0.69453124616097"
"110","1::P12399","15.17918","15.71958","15.77558","15.48471","15.40064","16.26027","16.44830","0.259768422415117","0.69453124616097"
"111","1::Q9WTI7","17.24311","17.52558","17.89312","16.83565","15.84375","17.20208","17.06574","0.259860869726703","0.69453124616097"
"112","1::E9Q414;1::Q9EST8","22.29956","22.44601","21.63619","21.75116","21.10839","19.59231","22.07669","0.261733077588149","0.69453124616097"
"113","1::Q00896;1::Q00897","18.19379","17.30940","17.62303","17.87612","17.26556","17.57017","17.58998","0.26248170841535","0.69453124616097"
"114","1::Q9R098","13.93592","14.40057","14.44706","15.07167","16.67661","14.88455","14.69924","0.264810449692124","0.694546705771448"
"115","1::O08638","13.63914","13.55725","13.52585","13.65178","14.14868","13.60063","13.75953","0.272483019838161","0.696345495141967"
"116","1::P62918","13.63914","13.55725","13.52585","13.65178","14.14868","13.60063","13.75953","0.272483019838161","0.696345495141967"
"117","1::Q6URW6","13.63914","13.55725","13.52585","13.65178","14.14868","13.60063","13.75953","0.272483019838161","0.696345495141967"
"118","1::Q99MQ4","16.50561","16.27210","16.74058","15.03019","14.59951","15.96457","15.73872","0.276497359782866","0.700616191314212"
"119","1::P08607","27.51381","28.22567","28.13664","27.89469","27.05231","27.81277","27.81878","0.281474672353753","0.707234680956069"
"120","1::Q9QWK4","13.99542","13.98838","13.79455","13.94055","14.17781","13.89110","14.57910","0.28562691373097","0.711687060046333"
"121","1::P24369","17.42355","17.25796","17.74728","17.46013","16.94600","17.49153","17.27805","0.29015549265125","0.716995804154742"
"122","1::Q07235","15.87934","16.72265","17.15548","16.16084","16.24795","18.36795","17.42361","0.293660740599181","0.719709519993074"
"123","1::O70362","15.60700","15.48968","15.66717","16.53682","17.88181","15.92089","16.21269","0.299003032653891","0.725569508825484"
"124","1::P26928","17.86477","18.46195","18.66661","18.23452","19.43595","18.18068","18.80522","0.303365278909526","0.725569508825484"
"125","1::P01029","23.19665","22.84923","23.56456","23.55356","23.85474","23.50673","23.31073","0.305558049058033","0.725569508825484"
"126","1::P42669","18.45548","17.91363","18.52892","18.36284","18.37946","17.89085","16.87675","0.306633956095845","0.725569508825484"
"127","1::P97298","15.43193","16.05927","16.36448","15.70388","21.15238","16.40344","16.48326","0.308185042210156","0.725569508825484"
"128","1::P26039;1::Q71LX4","18.33899","18.32983","18.54873","17.62984","16.71761","17.78487","18.29367","0.319202842722008","0.741428726330492"
"129","1::Q9JJN5","24.69698","24.58335","24.44428","24.31127","25.47657","24.92785","24.37083","0.321075390205829","0.741428726330492"
"130","1::P47878","23.08719","23.23838","23.11362","23.27686","24.08527","23.18986","23.33779","0.324157617885086","0.741428726330492"
"131","1::Q9CVB6","18.40816","17.94532","17.51766","18.24055","17.99433","17.82998","16.90210","0.325214576171168","0.741428726330492"
"132","1::P06909","21.39966","21.11546","21.30235","21.62945","21.47005","20.85687","21.03375","0.328074683872552","0.741428726330492"
"133","1::P21981","16.51619","16.25244","16.56074","16.89206","14.72366","16.74752","15.95864","0.332294731162744","0.741428726330492"
"134","1::P59999","18.35778","18.08146","17.57390","18.42847","18.15541","17.85579","17.08565","0.341060700683781","0.741428726330492"
"135","1::Q61035","15.98168","15.90276","15.77960","15.59198","15.85654","16.43451","15.85960","0.348281107042564","0.741428726330492"
"136","1::Q91WP0","16.54512","15.22903","14.62653","17.73291","17.33926","16.50608","16.61555","0.351317998354583","0.741428726330492"
"137","1::P47879","20.17829","20.25250","20.23900","20.09001","20.19112","19.57120","20.10800","0.352562999391245","0.741428726330492"
"138","1::Q8VCC9","17.74556","17.77464","18.29511","18.06890","17.83316","17.94618","17.65617","0.354351485235456","0.741428726330492"
"139","1::P41317","19.54370","18.14638","18.19569","20.53581","19.48211","19.87848","19.86157","0.354415674566664","0.741428726330492"
"140","1::Q9Z126","25.24108","25.09104","24.61185","25.03334","24.71167","26.52992","25.61528","0.356111711919949","0.741428726330492"
"141","1::Q6P5F6","14.61861","15.36155","15.09997","15.22338","15.40185","14.98528","15.56419","0.357264491062176","0.741428726330492"
"142","1::E9PV24","30.29989","29.52611","29.48417","30.03139","30.35458","28.25812","28.59251","0.360236535240377","0.741428726330492"
"143","1::B5X0G2","16.69864","17.40585","17.44915","16.93919","17.15410","15.99377","16.93371","0.360473825110567","0.741428726330492"
"144","1::P61161","18.81142","18.73721","18.44547","18.77288","18.77741","18.48786","17.91269","0.361549337835766","0.741428726330492"
"145","1::Q61508","24.75354","24.62802","24.94664","24.86811","25.47174","24.78543","24.89248","0.361642590315191","0.741428726330492"
"146","1::P62751","17.38350","17.60350","17.63482","17.07059","17.30899","18.07808","17.69139","0.36430910775833","0.741428726330492"
"147","1::P39876","20.66112","20.68689","21.21498","20.33669","20.30675","22.00016","21.66908","0.368371222433939","0.741428726330492"
"148","1::P62827;1::Q61820","20.59525","20.05089","19.92664","20.25250","19.49043","20.43467","19.66782","0.368868047516522","0.741428726330492"
"149","1::Q9JM76","17.10728","16.77927","16.45617","17.23426","16.95654","16.68730","16.10961","0.3694745157968","0.741428726330492"
"150","1::Q8K0E8;1::Q9JJ59","29.47279","28.62522","28.55571","29.36153","29.55097","27.38233","27.80400","0.374575370603733","0.745364300815938"
"151","1::Q8K0D2","20.29427","19.66779","19.90535","19.88487","19.98396","19.74645","19.56411","0.376421436198015","0.745364300815938"
"152","1::Q8K003","15.20316","15.86411","15.89705","14.95900","15.67496","15.79428","15.70265","0.380811541214698","0.749096386994701"
"153","1::Q91WP6;1::Q5I2A0;1::Q80X76","19.16103","17.97762","18.80913","19.75238","20.30347","15.83320","15.52946","0.385422817378378","0.750076968823124"
"154","1::Q07079","21.70462","21.62668","21.63708","21.83808","22.29089","21.65517","21.79582","0.386327268223281","0.750076968823124"
"155","1::Q8BGZ7","15.42991","13.68723","14.76280","13.94626","14.34584","14.76231","16.53715","0.395624281319632","0.763172000739161"
"156","1::Q64514","14.98094","16.96245","15.49793","15.99966","15.89209","17.43426","16.06072","0.398768965280753","0.764077417379056"
"157","1::P26041","18.98681","19.08393","18.18190","18.68406","19.50618","18.36793","19.62433","0.406450380292236","0.764077417379056"
"158","1::P11152","15.84336","16.19609","15.78743","15.79070","15.63261","16.33981","16.81582","0.408654499585814","0.764077417379056"
"159","1::Q99MN1","15.61538","15.76735","15.50888","15.26252","15.40538","15.95321","15.80186","0.409159729958473","0.764077417379056"
"160","1::Q8VCG4","21.08455","21.06212","21.02436","21.21797","23.72254","21.17369","21.06608","0.413005079192425","0.764077417379056"
"161","1::Q9JKF1","16.28529","16.57184","16.52897","16.20302","14.72445","16.67996","16.01999","0.413227623257686","0.764077417379056"
"162","1::P27773","20.22389","20.35015","20.30157","20.07493","20.15915","20.53802","20.36708","0.413981744533134","0.764077417379056"
"163","1::P26040","16.52142","17.12866","16.43882","16.50514","16.97753","16.54721","16.97723","0.429272355647867","0.785326059105663"
"164","1::P40124;1::Q9CYT6","18.98932","19.66428","18.95680","18.75266","18.42667","19.25884","18.77779","0.433197444697948","0.785326059105663"
"165","1::P70389","14.32820","14.97140","14.95096","14.96722","15.99570","14.44720","15.29421","0.4333739122155","0.785326059105663"
"166","1::P08226","25.02436","25.23522","24.44737","24.79516","24.47090","23.75373","25.18949","0.440415834071711","0.793279122815912"
"167","1::P97333","19.67080","19.77572","19.87481","19.74739","20.11535","19.50115","20.55534","0.443271978516348","0.793642644169988"
"168","1::Q60605;1::Q8CI43","18.64426","19.27853","19.21975","18.43704","17.10942","18.81645","19.03526","0.4502219275126","0.797364007273509"
"169","1::Q71KU9","14.44268","13.99759","14.41649","14.07992","14.51309","13.62873","13.78491","0.452133195197259","0.797364007273509"
"170","1::P35441;1::Q03350;1::Q05895","25.42222","25.38200","25.54526","25.27933","25.14010","26.59395","25.66502","0.453761751740021","0.797364007273509"
"171","1::P01942","13.65041","16.82048","16.40454","13.65893","14.14868","17.21804","17.29229","0.461423574024005","0.797364007273509"
"172","1::O70165","15.46405","14.78731","15.03027","15.34567","14.48488","16.25110","16.42099","0.462062558458423","0.797364007273509"
"173","1::Q8BH43","15.14728","15.87105","15.42117","15.00962","15.19257","15.82757","15.72239","0.462106019132688","0.797364007273509"
"174","1::Q9WV32","19.77933","19.42009","19.26822","19.75274","19.76689","19.05227","19.22987","0.464017850386591","0.797364007273509"
"175","1::Q9CQJ6","15.55806","16.23360","15.88875","15.40175","15.72970","16.42482","15.81960","0.479443361044363","0.819163228298655"
"176","1::P29621","13.88473","13.78645","13.80977","14.00267","15.18642","13.70019","13.90819","0.486136012361166","0.819239464178426"
"177","1::Q99PP7","20.43937","19.93248","19.83700","20.37287","20.78102","18.68921","19.39269","0.486167073349822","0.819239464178426"
"178","1::P51437","19.07931","19.02815","18.47834","18.50491","18.21089","16.89115","19.38322","0.487707774661404","0.819239464178426"
"179","1::Q61147","17.48633","17.38837","17.75391","17.69938","17.87504","17.17050","17.04055","0.491579848751765","0.821130585345127"
"180","1::P11983","14.89551","15.22709","15.20709","14.16524","14.95725","15.69359","14.78822","0.500316751409178","0.827917307929828"
"181","1::P04186","21.10275","19.80921","19.82515","21.27166","25.76792","20.06207","20.25818","0.502078452679234","0.827917307929828"
"182","1::Q8QZR4","19.84113","19.69920","19.76774","19.89162","20.14328","18.85768","19.50055","0.505027340005411","0.827917307929828"
"183","1::P39061","14.53137","13.96504","13.61465","14.51883","15.94492","13.91597","14.17259","0.507626243363104","0.827917307929828"
"184","1::P57776","15.69038","16.33553","16.50600","16.65130","15.23816","16.22311","16.46889","0.509487574110663","0.827917307929828"
"185","1::P80313","18.75360","18.90083","19.06127","18.60942","17.95248","19.22174","18.43597","0.512990329417941","0.828479496833251"
"186","1::P29351","15.09090","14.98859","14.28680","15.22843","15.78043","14.56158","15.24674","0.515375205387909","0.828479496833251"
"187","1::P22599","20.62241","20.10207","19.92841","20.30166","19.85725","21.27596","20.54814","0.522646492660019","0.831523449668992"
"188","1::O88783","23.79970","23.80683","23.88002","23.87955","23.52024","23.99749","23.68313","0.522850018875931","0.831523449668992"
"189","1::P62908","15.89274","15.42533","15.63730","16.41667","15.59434","15.91079","15.52046","0.526961560919788","0.831523449668992"
"190","1::Q3SXB8","20.14138","20.44984","20.36078","20.34535","19.95184","20.92528","20.79185","0.528392827548858","0.831523449668992"
"191","1::Q9DCD0","16.68723","16.04614","15.85436","16.42559","18.51181","15.74880","16.38788","0.532382864012465","0.833416106490718"
"192","1::O08538","18.71799","19.06652","18.56983","18.33526","18.08616","18.88367","18.48913","0.540865920079326","0.842285990123533"
"193","1::P28665;1::P28666","21.05693","21.57488","21.18708","20.78871","20.85964","21.49290","21.69819","0.549247201421659","0.850326580817904"
"194","1::Q05117","17.72303","17.26199","17.53583","17.72579","17.80838","17.26157","17.16447","0.555164437283153","0.850326580817904"
"195","1::P01837","17.11244","17.25813","17.46114","17.93317","17.11178","17.66141","18.33398","0.556431842171201","0.850326580817904"
"196","1::Q61838","20.39518","19.97886","20.08107","20.12932","19.90597","19.47700","20.45432","0.558482637866798","0.850326580817904"
"197","1::P19221","23.42296","24.45323","23.49424","21.78922","23.11980","24.29058","23.67571","0.560657631664944","0.850326580817904"
"198","1::B0V2N1","16.96371","16.08127","16.21511","16.44778","16.95378","15.91416","17.31980","0.563092518401153","0.850326580817904"
"199","1::P20918","18.41158","18.30497","18.44907","18.57778","18.52124","18.38274","18.19855","0.570490426901953","0.854235661615663"
"200","1::P97855","15.78121","16.13851","16.16205","15.72512","15.47535","16.70053","16.44350","0.571395091381715","0.854235661615663"
"201","1::Q61704","19.70438","20.11386","20.60191","20.78012","19.14456","20.27295","20.55845","0.574997182465121","0.855344067448115"
"202","1::Q9ES30","17.97317","18.63942","18.48345","18.31264","18.38458","18.08206","18.29787","0.590577928017378","0.860308214950455"
"203","1::P39039","17.15634","17.20102","17.24568","17.90821","18.00457","17.28177","17.34656","0.597541253287263","0.860308214950455"
"204","1::Q922B2","15.32737","15.50192","14.48639","15.47761","15.49367","15.89023","14.86523","0.598098268830596","0.860308214950455"
"205","1::P14131","15.72576","15.10271","15.48389","16.50063","15.48620","16.02211","14.83623","0.600152827305195","0.860308214950455"
"206","1::P55065","17.02311","16.74132","16.41116","17.45051","18.70652","16.18545","17.20593","0.600490296281016","0.860308214950455"
"207","1::P51859","15.57461","16.18478","15.53286","15.30113","15.94743","15.59976","15.75789","0.601794107057819","0.860308214950455"
"208","1::Q61398","20.12703","19.98180","20.19171","20.30428","20.54447","20.14806","20.05060","0.603113480203518","0.860308214950455"
"209","1::Q9JHU4","18.92340","17.97111","17.83126","18.89226","19.36336","16.94921","17.52144","0.604012378212705","0.860308214950455"
"210","1::Q3UHX2","15.74624","16.13700","16.15981","15.59583","15.57012","16.83382","16.02246","0.604229849965203","0.860308214950455"
"211","1::O88947","17.87994","18.24392","17.95604","18.05395","18.03457","17.46196","18.19554","0.611938690547482","0.86715482688956"
"212","1::P59325","16.74025","16.91119","16.72094","16.11001","16.30679","17.29473","16.80105","0.62300740841225","0.870565895374416"
"213","1::Q9QXC1","14.84514","14.67526","14.76105","15.38749","15.10195","14.82747","15.11594","0.62307379694193","0.870565895374416"
"214","1::P52480","15.90128","15.56039","15.82158","16.48130","16.31841","15.88165","15.99166","0.623425258666178","0.870565895374416"
"215","1::P56716","18.97269","18.59420","18.80474","16.95837","18.49946","18.21908","19.11017","0.628081447117039","0.870565895374416"
"216","1::Q9WVE8","15.18544","16.01611","15.56067","15.26199","14.66357","17.00256","16.02037","0.628903790638374","0.870565895374416"
"217","1::P80317;1::Q61390","15.60632","15.60673","15.76067","15.77260","15.21718","16.88923","15.72539","0.65542320089142","0.90250220056341"
"218","1::P62245","14.96031","14.88712","15.09899","14.82027","15.06132","15.32796","14.71629","0.658011637868975","0.90250220056341"
"219","1::P61358","14.65419","15.10171","14.55408","15.00839","15.12886","14.85632","14.74356","0.667734879410597","0.908231091328402"
"220","1::Q9ER72","13.74784","14.52833","14.68278","14.56127","14.47781","14.97834","14.13038","0.669190389408205","0.908231091328402"
"221","1::Q9WUM4","14.37358","14.76258","14.95798","14.35799","14.73585","14.35368","15.11478","0.671554619063642","0.908231091328402"
"222","1::P31230","15.30685","15.75303","15.67733","15.33301","15.22713","16.16965","15.57544","0.674338803595","0.908231091328402"
"223","1::P09405","17.11353","17.13448","16.90036","16.64023","16.47718","17.15005","16.91402","0.687967397511465","0.91379993143526"
"224","1::P40224","16.00498","15.77302","16.14550","15.71406","15.00220","16.08321","16.12428","0.689263477827905","0.91379993143526"
"225","1::O35451","17.21913","17.76981","17.31904","17.62796","18.06147","17.52606","17.22635","0.690861128471373","0.91379993143526"
"226","1::Q8R0Z6;1::Q9R045","18.06305","18.44936","18.50760","17.78272","17.06438","19.23812","19.32437","0.692854012515895","0.91379993143526"
"227","1::P26645","16.41978","16.07427","16.06127","16.63045","16.58687","15.57482","16.29453","0.693754462996","0.91379993143526"
"228","1::Q8CF98","18.76358","18.81525","18.77783","19.05713","18.46098","19.39584","19.06592","0.70611943197991","0.920994378866139"
"229","1::P80315","15.75017","16.13130","15.59392","15.66759","15.51844","16.39882","14.85296","0.709252013682435","0.920994378866139"
"230","1::Q78PY7","15.78403","16.23436","16.25727","15.17512","14.85679","16.22245","15.92886","0.714378875867503","0.920994378866139"
"231","1::Q8BND5","17.32818","16.31314","17.43265","17.96312","16.63733","17.32423","17.33737","0.716826546588354","0.920994378866139"
"232","1::P01631","16.45204","15.49506","15.66547","17.00402","15.62838","16.48119","16.94643","0.721629037864959","0.920994378866139"
"233","1::P60710;1::P62737;1::Q8BFZ3","18.02508","17.77328","18.19763","18.65119","18.39347","17.99214","18.35357","0.722382180069951","0.920994378866139"
"234","1::P80314","16.52344","17.04629","16.64241","16.52321","15.65854","17.33376","16.46080","0.724138783330274","0.920994378866139"
"235","1::Q9Z1R3","16.19098","16.23932","15.23525","14.29844","16.68027","14.11107","16.82555","0.726283082130823","0.920994378866139"
"236","1::Q9ESB3","28.44482","28.93789","29.00067","28.65556","29.77203","28.39625","28.62947","0.729422790217225","0.920994378866139"
"237","1::Q60847","17.33456","16.92795","16.97691","17.53605","18.10503","16.82098","17.13247","0.730018955823662","0.920994378866139"
"238","1::Q8CGC7","16.61518","16.70582","16.79393","16.53810","15.94550","17.04754","16.63014","0.741972193943396","0.928058939320864"
"239","1::P11031","16.12987","16.37635","16.08010","15.34094","15.19466","16.45686","15.84564","0.746832259322272","0.928058939320864"
"240","1::P51125","15.94603","15.87556","15.73464","15.84830","15.84711","15.79153","15.99163","0.746935345170689","0.928058939320864"
"241","1::Q8CG14;1::Q8CFG8","20.21571","21.52598","21.41922","20.80476","20.72483","20.80619","21.96014","0.748034128348924","0.928058939320864"
"242","1::Q9D0R2","15.76180","16.11853","16.03727","15.77003","15.59444","16.51143","15.95390","0.755583557360747","0.929776324794251"
"243","1::O08677","26.84517","26.96344","27.24875","26.92709","27.31929","26.69730","26.74949","0.757659150216578","0.929776324794251"
"244","1::Q9DC11","16.96894","17.18361","17.35543","17.06483","17.17440","16.66389","17.99564","0.763987442246805","0.929776324794251"
"245","1::P14106;1::Q9R171","24.85365","24.76578","25.22857","25.04605","23.31830","25.40565","25.46640","0.764363076746854","0.929776324794251"
"246","1::P19253","15.18699","13.70259","13.52585","15.55497","15.32995","13.68643","13.75953","0.766195785322706","0.929776324794251"
"247","1::P51670","19.20379","19.31883","19.47511","19.29966","19.55347","19.13280","19.13990","0.76807609439525","0.929776324794251"
"248","1::P98086","24.94321","25.23665","25.34575","25.15106","23.22486","25.73361","25.74868","0.781106626298555","0.938775638091874"
"249","1::P42932","15.45214","15.65085","15.65902","15.62461","15.65804","16.20043","15.20477","0.783089568795412","0.938775638091874"
"250","1::P80318;1::P60334","17.11997","17.22803","16.80019","16.48968","16.20116","17.43575","16.73910","0.786043383184035","0.938775638091874"
"251","1::Q00623","14.95636","14.63058","14.31754","15.43305","14.78014","14.56961","14.93109","0.789958282162013","0.938775638091874"
"252","1::Q02105","25.33604","25.13200","25.66629","25.51195","24.05110","25.78158","25.86710","0.793466192443872","0.938775638091874"
"253","1::P01872","20.01822","20.23188","20.33272","20.82752","18.05135","20.58340","21.49759","0.79434861684697","0.938775638091874"
"254","1::Q9R182","21.23775","21.56249","21.43785","21.26718","20.75811","21.80345","21.88444","0.800384097119941","0.942184429286859"
"255","1::P06683","21.00406","20.03751","20.96344","21.70896","20.83444","20.93897","21.30843","0.803665198047727","0.942336840063805"
"256","1::P21180","23.96230","23.37835","22.83811","23.79800","24.45416","22.41885","24.15871","0.808228300746968","0.94398539813806"
"257","1::P63325","15.41962","15.36843","15.88997","14.69937","14.41382","15.80905","15.43966","0.813440861897677","0.946376722596908"
"258","1::Q8BH61","21.33849","20.95232","20.69360","21.52869","22.03338","20.35312","20.57357","0.819538679495009","0.949775446391502"
"259","1::Q01339","21.25208","19.84233","20.38753","21.83437","21.70197","20.03436","20.28589","0.830491974266079","0.951217540865845"
"260","1::B2RPV6","19.69512","19.89057","20.02456","18.78143","18.40759","20.11281","19.86099","0.833288115508782","0.951217540865845"
"261","1::P47857","16.05450","15.55917","15.80991","15.70048","16.18932","15.74173","15.20186","0.835049908190427","0.951217540865845"
"262","1::P01027","21.34996","20.88219","21.67377","22.07571","21.53486","21.27941","21.49449","0.835402789073889","0.951217540865845"
"263","1::Q6WVG3","18.82936","19.18336","19.20916","19.03620","19.38067","19.09263","18.83533","0.844084561359645","0.951217540865845"
"264","1::Q8CG16;1::Q8CFG9;1::Q3UZ09","19.63745","21.48981","21.09055","20.13283","20.12849","20.09931","21.99594","0.850032849917205","0.951217540865845"
"265","2::P00924","23.72351","23.95118","23.83709","22.56615","23.59856","23.34472","23.82000","0.854552108632671","0.951217540865845"
"266","1::Q61268","17.24069","17.84368","16.72608","16.81823","17.74445","15.84316","18.36207","0.857326513132198","0.951217540865845"
"267","1::P16858;1::Q64467","16.83335","15.95271","16.71340","16.73120","15.92888","17.53802","16.50281","0.860424389181249","0.951217540865845"
"268","1::P08071","22.75473","22.63239","23.11534","22.70524","23.17964","22.54600","22.54623","0.862474871633818","0.951217540865845"
"269","1::P43025","23.44829","23.66859","23.54460","23.75198","22.77070","24.14339","23.65972","0.86375557622045","0.951217540865845"
"270","1::Q6ZWY3","15.10582","14.51114","13.96389","15.47197","15.12310","14.91210","14.45991","0.86643545370187","0.951217540865845"
"271","1::P62900","15.88731","15.12346","15.40355","15.13302","15.39418","16.04199","14.44871","0.866518123061374","0.951217540865845"
"272","1::O88968","19.95546","20.10762","19.13568","19.90035","20.77431","18.36923","19.77580","0.867936918827438","0.951217540865845"
"273","1::P62242","18.11884","15.86932","16.05088","17.76612","18.09082","16.28337","16.02243","0.868502972094902","0.951217540865845"
"274","1::Q8BP67","17.24972","15.40791","15.28872","17.86112","17.88883","15.21086","15.73013","0.874716645902138","0.952176814968951"
"275","1::P63158","17.02487","17.33225","17.38061","16.49694","16.86099","17.43868","17.00816","0.875747906744019","0.952176814968951"
"276","1::P50580","17.63278","17.49121","17.79662","16.97931","16.93199","18.30122","17.40290","0.883482537731851","0.957106082542839"
"277","1::Q61703","26.97316","27.20401","27.28187","27.28600","27.55909","27.01413","26.88351","0.888467227157028","0.957229066121051"
"278","1::Q8BYK5","15.04739","14.63328","14.57811","15.18276","15.85878","14.02691","14.43091","0.890667525007925","0.957229066121051"
"279","1::P26638","16.35644","17.09074","16.32358","16.77882","15.97963","17.25706","16.49564","0.894060054618999","0.957229066121051"
"280","1::Q61129","17.30360","17.41293","17.76400","18.12037","17.82601","17.30032","17.93547","0.896401801049814","0.957229066121051"
"281","1::P01592","15.79142","16.20466","16.22258","15.91415","15.17632","16.16795","16.97869","0.900640091712489","0.958332339580193"
"282","1::P80316","16.83049","17.32301","16.71957","16.47894","16.47924","17.36209","16.55134","0.910234849595384","0.960048036174121"
"283","1::Q06890","20.70423","21.15715","20.96571","21.28154","20.84466","21.35688","20.80135","0.910471004426639","0.960048036174121"
"284","1::P56959","15.30327","16.08123","16.21539","15.65036","15.70605","15.67270","15.97878","0.912796133129607","0.960048036174121"
"285","1::P33622","19.14841","20.68212","17.90426","16.89786","19.66726","16.05482","20.79504","0.918896193693227","0.960048036174121"
"286","1::P29699","19.60139","19.72183","19.94206","19.97709","19.23123","20.09118","20.21486","0.921722892442601","0.960048036174121"
"287","1::Q99020","16.63568","17.04686","16.89629","16.38825","16.83613","16.86548","16.57678","0.922185602038809","0.960048036174121"
"288","1::Q91Y47","22.68231","22.37786","22.53448","22.70704","23.12435","22.51165","21.98310","0.924728543204504","0.960048036174121"
"289","1::O70172","15.29575","15.44075","15.41436","15.16665","15.41749","15.38134","15.21405","0.929636973495769","0.961804342820882"
"290","1::P46412","14.60148","13.88299","15.64305","14.49925","15.52711","14.21654","14.33816","0.9493911011492","0.975603865895695"
"291","1::Q8BH35","18.42961","18.35532","18.74502","18.96043","18.85282","18.46199","18.58929","0.949500752426914","0.975603865895695"
"292","1::P34928","18.74493","19.12458","17.00998","16.50222","17.63755","15.49127","20.13113","0.954586624002443","0.97747054992031"
"293","1::Q8C8R3","16.16304","15.50549","15.65251","15.81472","15.49520","15.72722","16.09617","0.962944008712134","0.980800959797192"
"294","1::P63005","18.38774","18.44582","18.58995","18.11602","18.13724","18.81115","18.24006","0.96439960595443","0.980800959797192"
"295","1::P25444","16.36809","15.73819","16.07321","16.71186","15.70405","17.02757","15.98639","0.973183340617123","0.985408787201025"
"296","1::Q8BP47","16.44326","17.46272","16.71345","16.30805","16.24981","16.83810","17.08044","0.98068874558832","0.985408787201025"
"297","1::Q9R0Q6","16.65934","16.79358","16.44638","16.22720","16.13967","16.90072","16.53484","0.980808621635073","0.985408787201025"
"298","1::P58252","15.73487","14.15190","15.06175","15.67192","16.82465","14.41451","14.29244","0.98211310563848","0.985408787201025"
"299","1::P62264","18.35680","15.05887","15.21952","17.88581","17.93723","16.21389","15.78623","0.989163211972535","0.989163211972535"
