"","0","1.000000e+00","1.000000e+00","1.000000e+00","1.000000e+00","2.000000e+00","2.000000e+00","2.000000e+00","pVal","BHpVal"
"1","1::Q9DD06","1.178298e+06","1.141040e+06","1.205736e+06","9.589923e+05","1.726399e+06","1.806942e+06","1.666275e+06","0.000318154024220999","0.0358077656599395"
"2","1::Q07456","1.299479e+08","1.429624e+08","1.478496e+08","1.348150e+08","1.879562e+08","1.778073e+08","1.807355e+08","0.000358511391349122","0.0358077656599395"
"3","1::P10922","2.148277e+04","1.861135e+04","2.180663e+04","1.843699e+04","3.473956e+03","5.372718e+03","1.153235e+03","0.000386114184165675","0.0358077656599395"
"4","1::P20033","3.616120e+04","3.980201e+04","3.521170e+04","2.753106e+04","7.376330e+04","8.145519e+04","8.572952e+04","0.000479033654313571","0.0358077656599395"
"5","1::Q61805","9.091795e+06","7.252864e+06","6.892573e+06","7.206727e+06","1.520536e+06","1.127304e+06","1.158268e+06","0.000641051323066703","0.0383348691193889"
"6","1::P05366","5.710844e+05","5.439699e+05","3.934574e+05","3.852114e+05","6.146837e+04","1.591238e+04","9.275641e+04","0.0013311728044283","0.0663367780873437"
"7","1::Q9DBB9","1.845827e+06","2.699278e+06","2.782703e+06","2.531035e+06","7.064877e+06","6.088636e+06","5.814917e+06","0.0022124647083282","0.0798006622189025"
"8","1::Q61581","3.228552e+05","3.193551e+05","3.926874e+05","2.544681e+05","5.116444e+05","5.693435e+05","6.116154e+05","0.0022390164594077","0.0798006622189025"
"9","1::Q8CEF9","3.446488e+03","9.455313e+02","1.756056e+03","4.556259e+03","1.708374e+04","1.555768e+04","2.060094e+04","0.00240202662197365","0.0798006622189025"
"10","1::Q91YW3","2.265343e+03","4.736659e+02","1.089577e-05","3.152986e+03","5.382177e+03","7.145430e+03","7.568555e+03","0.00348980804201801","0.104053129009537"
"11","1::P05367","4.775053e+05","4.801255e+05","3.367869e+05","2.916970e+05","2.911162e+03","1.050856e+03","5.580034e+03","0.00387675623831744","0.104053129009537"
"12","1::P48787","6.340725e+04","7.252521e+04","7.188010e+04","4.006850e+04","2.033423e+04","1.630677e+04","7.582447e+03","0.00417604531141954","0.104053129009537"
"13","1::P05208","2.035321e+04","2.280767e+04","2.928628e+04","3.685413e+04","8.516772e+02","4.135871e+03","4.929186e+03","0.00472112774357943","0.108585938102327"
"14","1::Q61646","3.420348e+05","1.799692e+05","3.591754e+05","2.585390e+05","4.404617e+04","3.870727e+03","1.739185e+04","0.00563432879204691","0.114323946941048"
"15","1::P32921","1.063219e+05","8.264225e+04","7.660431e+04","8.968289e+04","4.531562e+04","6.043767e+04","4.238482e+04","0.00573531506393218","0.114323946941048"
"16","1::Q8K0C5","1.236407e+05","7.870531e+04","1.362573e+05","1.481453e+05","2.114898e+04","2.766929e+04","3.000267e+04","0.00712180921904501","0.133088809780904"
"17","1::Q80YC5","8.343603e+07","5.048284e+07","7.802216e+07","6.943796e+07","1.118391e+08","9.719036e+07","1.092251e+08","0.00963819704013371","0.168375607814045"
"18","1::Q91X72","7.550165e+04","4.931903e+04","8.350309e+04","7.164781e+04","3.822449e+04","2.678298e+04","3.736021e+04","0.0101363242162301","0.168375607814045"
"19","1::Q8QZT1","6.642571e+04","5.246850e+04","6.272052e+04","7.258632e+04","4.261782e+04","3.494720e+04","2.317388e+04","0.0130624891655181","0.20556232949947"
"20","1::Q64487","3.795163e+05","4.107965e+05","5.101760e+05","3.487347e+05","6.088767e+05","7.034356e+05","7.970099e+05","0.0138019974398681","0.206339861726028"
"21","1::O08692","5.606458e+05","2.952730e+05","3.347320e+05","3.880269e+05","2.141549e+05","5.371636e+04","8.938720e+04","0.0151885363537825","0.216255827132427"
"22","1::Q8BK62","8.564888e+04","1.025883e+05","1.233643e+05","9.162244e+04","1.506619e+05","2.003993e+05","1.761044e+05","0.0163537390066526","0.22226218013587"
"23","1::P32261","9.971468e+08","6.959051e+08","6.355736e+08","6.172259e+08","1.138724e+09","1.231346e+09","9.940261e+08","0.0187184473851808","0.24333981600735"
"24","1::Q99PL5","2.719159e+04","1.574842e+04","3.151941e+04","2.735739e+04","1.123347e+04","1.401614e+04","2.896947e+03","0.0208168050933358","0.259342696787808"
"25","1::Q6ZWY9","5.788695e+05","4.035408e+05","5.223920e+05","3.831323e+05","2.819373e+05","2.587678e+05","9.633333e+04","0.0234027416148356","0.273116032825381"
"26","1::P05017","6.693919e+06","5.412516e+06","5.921020e+06","5.155049e+06","1.318486e+07","9.624836e+06","1.101685e+07","0.0245954095411649","0.273116032825381"
"27","1::P21570","1.245411e+06","1.023971e+06","1.305458e+06","9.605126e+05","4.425859e+05","5.797046e+05","8.415888e+05","0.0246626517935963","0.273116032825381"
"28","1::P50752","1.367565e+05","1.780609e+05","1.099469e+05","7.188623e+04","5.898683e+04","3.023079e+04","3.389153e+04","0.0271525119883421","0.289950038732653"
"29","1::O88803","6.814800e+04","7.920968e+04","1.344703e+05","8.872332e+04","1.543729e+05","2.230277e+05","2.441161e+05","0.0310609691989488","0.320249303120196"
"30","1::P0C0S6;1::P22752;1::Q64522","1.176231e+05","7.388535e+04","9.286606e+04","1.265318e+05","5.588453e+04","6.361174e+04","1.688491e+04","0.0342937230575925","0.340841768917942"
"31","1::P97430","2.830205e+06","3.050464e+06","3.130651e+06","2.259363e+06","4.141209e+06","5.546959e+06","4.322549e+06","0.0353381098209238","0.340841768917942"
"32","1::Q9JM99","6.084492e+06","5.445348e+06","5.055836e+06","5.009569e+06","1.029347e+06","3.389957e+06","2.698460e+06","0.037282314381277","0.342282016751784"
"33","1::P47877","6.064517e+05","4.369422e+05","6.448514e+05","5.634209e+05","1.831432e+06","1.140101e+06","1.712319e+06","0.0377769449926718","0.342282016751784"
"34","1::Q8BH64","4.861879e+04","8.499984e+04","6.155604e+04","3.127416e+04","8.454000e+03","3.368212e+04","1.366418e+04","0.0402196977423017","0.34922117350561"
"35","1::P01029","9.814740e+06","7.361892e+06","1.234883e+07","1.087966e+07","1.541815e+07","1.318131e+07","1.271481e+07","0.0410286114008734","0.34922117350561"
"36","1::P18419","1.153393e+07","1.688675e+06","1.115041e+07","1.480231e+07","1.790630e+05","1.785144e+05","1.150429e+05","0.0420466964755919","0.34922117350561"
"37","1::P50228","5.721192e+03","1.041307e+04","1.110333e+04","6.795609e-06","1.195797e+04","2.210733e+04","2.019161e+04","0.0450551213454438","0.364094088710478"
"38","1::Q62009","4.287694e+05","2.401111e+05","1.829733e+05","3.089520e+05","7.680550e+05","4.925272e+05","5.177124e+05","0.0512529061681146","0.393330873984205"
"39","1::P20918","3.434315e+05","3.042824e+05","3.448216e+05","3.347372e+05","3.643656e+05","3.646568e+05","3.511531e+05","0.0514824487486463","0.393330873984205"
"40","1::Q61247","3.914893e+05","3.217579e+05","3.771864e+05","4.255667e+05","4.675138e+05","5.784534e+05","6.433250e+05","0.052619514914275","0.393330873984205"
"41","1::P98064","1.767255e+05","1.831496e+05","2.244114e+05","1.867665e+05","4.022651e+05","2.979515e+05","4.761608e+05","0.0556883716443586","0.399175622208927"
"42","1::O09164","8.812584e+05","1.074811e+06","1.328518e+06","9.538311e+05","1.412888e+06","1.488621e+06","1.949671e+06","0.0563812942769744","0.399175622208927"
"43","1::Q91XQ5","1.023329e+05","1.597605e+05","1.667856e+05","1.404039e+05","1.901977e+05","2.651028e+05","2.979669e+05","0.0574065276086416","0.399175622208927"
"44","1::Q62151","2.270149e+03","2.901433e+03","2.323428e+03","2.189344e+03","2.221249e+04","5.850199e+04","5.655062e+04","0.0666219470404338","0.446172759354991"
"45","1::P27656","8.118377e+05","6.605935e+05","8.170217e+05","6.613567e+05","1.920419e+06","1.229514e+06","1.313585e+06","0.0693936399245878","0.446172759354991"
"46","1::Q61398","1.157570e+06","9.986698e+05","1.181462e+06","1.133981e+06","1.537726e+06","1.272594e+06","1.311949e+06","0.0695200695652968","0.446172759354991"
"47","1::Q8BGD9","2.933864e+04","2.147271e+04","2.048678e+04","2.131596e+04","3.061322e+04","4.914063e+04","4.814697e+04","0.0703402868122179","0.446172759354991"
"48","1::Q64739","1.192899e+04","1.553548e+04","1.749751e+04","1.778417e+04","2.271902e+04","3.748631e+04","2.826994e+04","0.0735755129205357","0.446172759354991"
"49","1::P07759;1::Q03734","9.796241e+05","6.935724e+05","9.442371e+05","1.184642e+06","8.230837e+05","5.667342e+05","4.864058e+05","0.0745111721472843","0.446172759354991"
"50","1::P11276","1.559820e+08","1.123155e+08","1.045821e+08","1.650038e+08","9.381819e+07","9.670585e+07","9.085057e+07","0.074610829323577","0.446172759354991"
"51","1::P48678","2.309137e+04","2.251974e+04","3.080502e+04","2.165992e+04","5.183039e+04","3.274495e+04","4.011962e+04","0.0765705263624035","0.448913478085464"
"52","1::Q61543","9.838627e+03","2.290627e+04","2.775369e+04","9.550170e+03","2.898811e+04","6.449264e+04","4.896780e+04","0.0817062533586393","0.465106309016165"
"53","1::O70410","7.578892e+05","3.735080e+05","1.517862e+05","4.392282e+05","1.130157e+05","4.631912e+04","2.025553e+05","0.0850188962839175","0.465106309016165"
"54","1::P31725","3.931204e+04","1.384665e+05","5.686408e+04","2.029031e+05","2.393559e+04","6.947955e+03","1.108627e+04","0.0853166282337792","0.465106309016165"
"55","1::Q8K1M6","2.784191e+04","3.380495e+04","2.248255e+04","1.451839e+04","3.300236e+04","5.233351e+04","6.259554e+04","0.0855546722270538","0.465106309016165"
"56","1::A6X935","7.995280e+07","5.045637e+07","3.463927e+07","9.683593e+07","4.961464e+07","1.011734e+07","1.970409e+07","0.0878004676414881","0.468791782585802"
"57","1::Q71KU9","9.729822e+03","4.203697e+03","1.004514e+04","3.937827e+03","5.313743e+03","2.709170e+02","3.016731e+02","0.0904706612268207","0.474574170295077"
"58","1::P29788;1::Q8BP99","6.022718e+06","5.201165e+06","7.635358e+06","5.167430e+06","4.112896e+06","4.809278e+06","5.061135e+06","0.1006776538137","0.502483981658843"
"59","1::Q03401;1::Q03402","1.214993e+05","1.133422e+05","1.553510e+05","1.168840e+05","1.680421e+05","2.442639e+05","1.697183e+05","0.100997865206467","0.502483981658843"
"60","1::P31532","5.127788e+05","1.640279e+05","1.686350e+05","2.579358e+05","1.014388e+05","5.279669e+04","1.071521e+05","0.102258015586778","0.502483981658843"
"61","1::Q8VI78","2.972450e+05","1.920923e+05","2.705795e+05","1.927023e+05","1.654356e+05","2.055478e+05","1.536893e+05","0.103568720980885","0.502483981658843"
"62","1::P47880","9.924002e+05","7.550325e+05","6.594472e+05","7.967695e+05","1.462286e+06","9.348708e+05","1.187614e+06","0.104835411002375","0.502483981658843"
"63","1::Q9JKR6","3.024524e+05","2.644949e+05","2.790598e+05","2.368568e+05","1.903785e+05","2.168778e+05","2.564229e+05","0.105874551319422","0.502483981658843"
"64","1::Q3UQ28","1.576786e+05","2.178032e+05","1.207656e+05","1.529042e+05","8.616404e+04","1.228667e+05","1.323248e+05","0.107585664039372","0.502626774183939"
"65","1::Q9JJH1","7.261482e+06","6.393543e+06","8.052348e+06","6.945949e+06","4.545522e+06","4.919431e+06","6.807010e+06","0.112856250110367","0.509464773524297"
"66","1::Q6ZWN5","4.808472e+04","2.247618e+04","1.905561e+04","7.927267e+04","1.952271e+04","7.558189e+03","8.060455e+03","0.113712605669182","0.509464773524297"
"67","1::P14869","9.545125e+03","6.751349e+03","7.507571e+03","2.804227e+04","3.454495e+03","2.142818e+03","6.420989e+01","0.114665369349954","0.509464773524297"
"68","1::Q8BWT1","9.494871e+04","5.997842e+04","6.156437e+04","6.812720e+04","6.138315e+04","4.623032e+04","2.154176e+04","0.121574009102751","0.509464773524297"
"69","1::P26043","2.974397e+05","3.338626e+05","3.085767e+05","2.186417e+05","3.199669e+05","5.368215e+05","4.887556e+05","0.123350367645729","0.509464773524297"
"70","1::P11247","2.059938e+05","1.522363e+05","2.021347e+05","1.790807e+05","1.751376e+05","9.503512e+04","1.053938e+05","0.12407844643602","0.509464773524297"
"71","1::P27784","1.762990e+05","2.587637e+05","2.922486e+05","2.206741e+04","3.578904e+04","5.544956e+04","9.134302e+04","0.124280570439317","0.509464773524297"
"72","1::Q07079","3.480861e+06","3.148060e+06","3.237718e+06","3.304961e+06","5.202929e+06","3.642534e+06","4.438116e+06","0.124709570332206","0.509464773524297"
"73","1::Q61508","2.890203e+07","2.529005e+07","3.220528e+07","2.707721e+07","4.733143e+07","3.200024e+07","3.809323e+07","0.125424563670917","0.509464773524297"
"74","1::P09535","1.490138e+05","2.095880e+05","1.546981e+05","1.340464e+05","3.536432e+05","2.024139e+05","2.486110e+05","0.127536395120066","0.509464773524297"
"75","1::Q6WVG3","4.631522e+05","5.692141e+05","5.921256e+05","4.641944e+05","6.761134e+05","6.051911e+05","5.553976e+05","0.127868730553321","0.509464773524297"
"76","1::P02088","1.527979e+05","1.709087e+05","2.358641e+05","2.427679e+05","2.590741e+05","4.132841e+05","2.721533e+05","0.130992132822672","0.509464773524297"
"77","1::P31240","1.680421e+05","1.839495e+05","1.740670e+05","1.313220e+05","2.373447e+05","4.147343e+05","2.514243e+05","0.133043722900334","0.509464773524297"
"78","1::P26262","3.929680e+07","3.277560e+07","4.116497e+07","3.545781e+07","7.907383e+07","4.904527e+07","5.216184e+07","0.13312600334541","0.509464773524297"
"79","1::P60867","6.489994e+04","2.623162e+04","2.805024e+04","4.719955e+04","1.424919e+04","3.273241e+04","2.022056e+04","0.134631283018626","0.509464773524297"
"80","1::O89053","7.156318e+03","6.014436e+03","7.660304e+03","8.439166e+03","3.865520e+04","1.323218e+04","2.343553e+04","0.137017073325226","0.509464773524297"
"81","1::A2A8L5","2.704421e+05","1.783771e+05","1.350407e+05","2.948119e+05","7.604680e+05","3.098854e+05","4.912088e+05","0.139369857467778","0.509464773524297"
"82","1::P70274","3.573120e+05","3.288356e+05","4.018506e+05","2.616294e+05","6.606669e+05","4.117009e+05","8.757949e+05","0.139719436217366","0.509464773524297"
"83","1::Q6YGZ1","2.085020e+04","2.139251e+04","1.948706e+04","1.157795e+04","5.176180e+04","8.182359e+04","2.696814e+04","0.154134556614989","0.549475158619547"
"84","1::Q9JJN5","2.779032e+07","2.451859e+07","2.273193e+07","1.840315e+07","4.749012e+07","3.532188e+07","2.652968e+07","0.154367603090441","0.549475158619547"
"85","1::P13020","1.284043e+07","3.047673e+06","7.140862e+06","8.084454e+06","3.300218e+07","1.001869e+07","2.198571e+07","0.162775301806922","0.57258606165023"
"86","1::P47878","9.096663e+06","9.644961e+06","9.030830e+06","8.978921e+06","1.809284e+07","1.057938e+07","1.295588e+07","0.168178210485753","0.582968994618669"
"87","1::Q9CZU6","8.911117e+05","7.567805e+05","8.440301e+05","7.696363e+05","7.851746e+05","5.216068e+05","3.366242e+05","0.170025949647417","0.582968994618669"
"88","1::Q09098","4.822518e+05","1.982959e+04","3.300718e+04","4.333099e+05","1.857538e+04","1.106488e+04","2.614852e+04","0.171576158951314","0.582968994618669"
"89","1::P17897","9.388241e+05","7.315147e+05","9.529460e+05","8.950993e+05","1.116215e+06","2.896585e+06","1.819289e+06","0.174941123522272","0.58772354981078"
"90","1::O08842","3.738351e+04","4.893012e+04","5.416568e+04","3.699693e+04","5.677397e+04","1.182163e+05","7.007131e+04","0.178294307262867","0.592333309684414"
"91","1::O55226","3.028539e+03","4.567674e+03","5.722409e+03","5.865263e+03","5.090944e+03","1.020478e+04","7.555950e+03","0.185804494765021","0.610500482799356"
"92","1::P26928","2.309809e+05","3.406115e+05","4.028501e+05","2.614511e+05","7.032470e+05","3.152045e+05","5.435745e+05","0.192438479683341","0.619456658025719"
"93","1::P27773","1.238857e+06","1.292579e+06","1.275865e+06","9.656322e+05","1.172968e+06","1.671815e+06","1.637910e+06","0.192673810021378","0.619456658025719"
"94","1::Q00724","1.742865e+04","5.145615e+04","8.451852e+04","8.916260e+04","8.621835e+04","2.296076e+05","1.119907e+05","0.195543672854933","0.620071212562205"
"95","1::Q8CG19","5.016399e+04","6.736666e+04","6.044030e+04","3.390733e+04","5.064551e+04","1.246853e+05","1.472159e+05","0.197012592620099","0.620071212562205"
"96","1::P01867","3.946628e+04","5.289203e+04","3.693147e+04","2.191593e+04","1.544020e+05","4.837718e+04","8.450224e+04","0.199715220112244","0.622029695974594"
"97","1::Q4ZJN1","4.016097e+04","4.258985e+04","3.355477e+04","5.090391e+04","4.051929e+04","9.923884e+04","1.372100e+05","0.212741453471566","0.655770047298951"
"98","1::P97290","2.720116e+04","3.147703e+04","4.007800e+04","5.406312e+04","1.970004e+05","4.445233e+04","1.092402e+05","0.215312314729274","0.656922266367888"
"99","1::Q8BH35","3.479134e+05","3.155078e+05","4.260061e+05","4.398613e+05","4.632845e+05","3.860231e+05","4.656569e+05","0.219369721871687","0.662540877168025"
"100","1::P07724;2::P02769","9.332112e+06","3.285973e+06","4.807267e+06","4.151762e+06","2.795162e+06","2.714710e+06","4.439796e+06","0.22898665110453","0.681884655652623"
"101","1::P39039","1.363025e+05","1.352841e+05","1.431016e+05","2.062249e+05","2.491247e+05","1.626734e+05","1.869851e+05","0.230335619467943","0.681884655652623"
"102","1::P26040","8.313777e+04","1.280914e+05","7.677362e+04","7.090731e+04","1.128433e+05","9.228618e+04","1.409245e+05","0.24383770533065","0.711619232826014"
"103","1::O70251","3.942628e+04","1.008474e+05","8.769670e+04","5.597224e+04","8.076946e+03","3.814093e+04","7.208734e+04","0.245139735722674","0.711619232826014"
"104","1::P39876","1.682034e+06","1.635486e+06","2.413451e+06","1.160001e+06","1.301308e+06","4.630239e+06","4.063431e+06","0.254691859684692","0.731126145849375"
"105","1::O35451","1.429454e+05","2.063410e+05","1.511785e+05","1.678087e+05","2.598909e+05","1.952216e+05","1.706811e+05","0.258432723879504","0.731126145849375"
"106","1::P62751","1.617674e+05","1.825951e+05","1.910411e+05","1.103886e+05","1.467598e+05","2.926244e+05","2.420496e+05","0.260704399658891","0.731126145849375"
"107","1::Q60817","1.265781e+05","2.011222e+05","1.695955e+05","1.069648e+05","2.176540e+05","5.010041e+05","1.900611e+05","0.263572005729565","0.731126145849375"
"108","1::P26041","5.180633e+05","5.305239e+05","2.845440e+05","3.611956e+05","7.392446e+05","3.607920e+05","9.719923e+05","0.268872620308712","0.731126145849375"
"109","1::P51670","6.042595e+05","6.264121e+05","7.143585e+05","5.594729e+05","7.644961e+05","6.226668e+05","6.899248e+05","0.271059794246473","0.731126145849375"
"110","1::P52480","4.953768e+04","3.540655e+04","4.596440e+04","6.955842e+04","6.468460e+04","5.310433e+04","6.277796e+04","0.271631510698115","0.731126145849375"
"111","1::Q3THE2","1.851098e+05","2.261295e+05","1.969910e+05","1.107161e+05","5.039927e+04","1.813372e+05","1.326797e+05","0.276252653062944","0.731126145849375"
"112","1::P60710;1::P62737;1::Q8BFZ3","2.596583e+05","2.068658e+05","2.877931e+05","3.528030e+05","3.319168e+05","2.749079e+05","3.929077e+05","0.276358628196384","0.731126145849375"
"113","1::P06728","8.419646e+04","2.145112e+05","5.075513e+04","1.695225e+05","3.650869e+04","8.423477e+04","1.086747e+05","0.278502567364689","0.731126145849375"
"114","1::P12399","2.489791e+04","4.090793e+04","4.415360e+04","2.918753e+04","2.554292e+04","7.316383e+04","9.246653e+04","0.280596724554993","0.731126145849375"
"115","1::Q9Z126","4.052747e+07","3.486503e+07","2.553313e+07","3.036420e+07","2.793999e+07","1.072572e+08","6.287970e+07","0.283888019004962","0.731126145849375"
"116","1::Q99MQ4","8.208976e+04","6.548077e+04","9.736530e+04","1.822438e+04","6.783174e+03","5.705917e+04","4.995491e+04","0.285205674049904","0.731126145849375"
"117","1::Q07235","4.859337e+04","9.378990e+04","1.337172e+05","5.343818e+04","6.072114e+04","3.607973e+05","1.981739e+05","0.286421304078843","0.731126145849375"
"118","1::Q921I1","1.523371e+06","4.749100e+05","7.730891e+05","7.264266e+05","7.147862e+05","3.412920e+05","6.474063e+05","0.288538077626175","0.731126145849375"
"119","1::Q99JY9;1::Q641P0","1.381310e+06","1.029376e+06","9.708851e+05","1.222789e+06","1.121998e+06","1.039848e+06","8.789024e+05","0.296043252193337","0.737430542824378"
"120","1::Q3SXB8","1.169274e+06","1.385894e+06","1.329815e+06","1.167055e+06","1.013491e+06","2.190803e+06","2.204469e+06","0.30397148600703","0.737430542824378"
"121","1::O70362","3.799227e+04","3.315078e+04","4.010750e+04","7.273400e+04","2.272979e+05","5.494734e+04","7.597936e+04","0.307882792998357","0.737430542824378"
"122","1::Q8VCM7","5.687801e+08","2.426067e+08","1.922480e+08","3.738005e+08","3.717537e+08","1.139473e+08","1.506926e+08","0.308612791347364","0.737430542824378"
"123","1::P06684","2.511024e+05","1.447199e+05","2.273887e+05","3.078747e+05","1.825572e+06","4.351948e+05","3.651226e+05","0.309001304456399","0.737430542824378"
"124","1::P09803","3.259806e+05","2.439655e+05","3.762010e+05","2.311243e+05","3.114126e+05","1.617525e+05","2.172947e+05","0.310329239416168","0.737430542824378"
"125","1::P70389","7.992415e+03","1.959806e+04","1.981805e+04","1.695984e+04","4.801672e+04","1.098717e+04","3.221091e+04","0.312305927850443","0.737430542824378"
"126","1::P97333","8.402080e+05","8.641750e+05","9.461536e+05","7.672008e+05","1.137339e+06","8.077777e+05","1.868579e+06","0.314493056841109","0.737430542824378"
"127","1::Q8R429","3.039463e+04","7.394957e+04","6.970140e+04","6.591923e+04","1.522391e+03","2.805310e+04","7.018321e+04","0.317509214767204","0.737430542824378"
"128","1::Q8VDD5;1::Q61879","9.454530e+05","9.630062e+05","7.335975e+05","6.128775e+05","2.563471e+05","6.514362e+05","8.428450e+05","0.318319344050109","0.737430542824378"
"129","1::Q9R098","2.982524e+03","9.350685e+03","1.051195e+04","1.908791e+04","8.812094e+04","1.974738e+04","1.559160e+04","0.321415867527372","0.737430542824378"
"130","1::Q61035","5.312336e+04","4.803714e+04","4.430925e+04","3.231844e+04","4.190262e+04","8.431915e+04","5.580298e+04","0.323064165083705","0.737430542824378"
"131","1::P35441;1::Q03350;1::Q05895","4.595093e+07","4.265813e+07","4.877358e+07","3.601121e+07","3.760737e+07","1.121251e+08","6.508588e+07","0.323088298026734","0.737430542824378"
"132","1::P41317","7.682585e+05","2.713837e+05","2.873895e+05","1.333358e+06","7.267099e+05","1.053354e+06","1.148750e+06","0.326658097876909","0.739930085342392"
"133","1::Q8K182","1.638392e+06","1.803267e+06","1.799550e+06","2.405654e+06","1.660972e+07","3.061448e+06","3.260884e+06","0.3293035238407","0.740313937055407"
"134","1::Q6P5F6","1.268342e+04","2.933463e+04","2.325225e+04","2.246642e+04","2.557992e+04","2.216983e+04","4.233043e+04","0.333324509462318","0.743761405442037"
"135","1::P22599","1.637155e+06","1.086519e+06","9.824144e+05","1.131903e+06","9.480026e+05","2.797412e+06","1.859187e+06","0.342241592886011","0.750250268514079"
"136","1::O70165","3.317872e+04","1.584160e+04","2.160185e+04","2.546040e+04","4.852880e+03","7.261362e+04","9.041489e+04","0.344787416017772","0.750250268514079"
"137","1::P28665;1::P28666","2.217121e+06","3.036611e+06","2.367000e+06","1.591015e+06","1.917683e+06","3.253559e+06","4.146625e+06","0.345696170369656","0.750250268514079"
"138","1::Q8K003","2.553390e+04","4.645659e+04","4.906338e+04","1.679891e+04","3.476192e+04","4.917650e+04","4.830292e+04","0.346269354698806","0.750250268514079"
"139","1::P42669","3.544439e+05","2.292023e+05","3.651109e+05","2.868285e+05","3.285305e+05","2.553376e+05","1.303024e+05","0.357486872632812","0.760979065674898"
"140","1::P29351","2.264626e+04","1.997390e+04","8.171005e+03","2.258506e+04","3.880004e+04","1.302855e+04","3.061926e+04","0.358058323227867","0.760979065674898"
"141","1::P01942","1.024105e+02","1.011952e+05","7.469496e+04","5.661064e+01","9.987119e-06","1.550502e+05","1.794561e+05","0.358856348696189","0.760979065674898"
"142","1::P11152","4.707531e+04","6.151704e+04","4.461463e+04","3.877136e+04","3.322199e+04","7.808967e+04","1.242133e+05","0.365116375643779","0.764852591857801"
"143","1::Q8R0Z6;1::Q9R045","2.669296e+05","3.375498e+05","3.595843e+05","1.880979e+05","1.209911e+05","6.708622e+05","7.863441e+05","0.365799065671122","0.764852591857801"
"144","1::Q61703","1.346651e+08","1.508579e+08","1.625654e+08","1.447474e+08","2.012031e+08","1.500392e+08","1.514794e+08","0.37080070142924","0.769926456439881"
"145","1::Q8CF98","4.419291e+05","4.383809e+05","4.360729e+05","4.711416e+05","3.487027e+05","7.499482e+05","6.545899e+05","0.373585378840978","0.770358815678982"
"146","1::Q8VCG4","2.260240e+06","2.124784e+06","2.113286e+06","2.146302e+06","1.406653e+07","2.605030e+06","2.669508e+06","0.377470077311312","0.77303803504166"
"147","1::Q9Z0N1","8.032465e+03","1.569402e+03","5.808392e+02","3.810351e+03","3.444932e+03","4.790979e+03","9.019925e+03","0.385126241686187","0.773103809260515"
"148","1::Q9WTI7","1.455599e+05","1.723771e+05","2.307989e+05","9.209050e+04","4.136965e+04","1.531936e+05","1.509134e+05","0.388710064862546","0.773103809260515"
"149","1::B0V2N1","1.176382e+05","5.591207e+04","6.405999e+04","6.769978e+04","1.106989e+05","5.462804e+04","1.832379e+05","0.401022313094085","0.773103809260515"
"150","1::Q62446","5.465718e+04","9.179959e+04","5.944919e+04","4.246273e+04","5.009489e+04","3.904764e+04","6.257887e+04","0.402049800838928","0.773103809260515"
"151","1::P97298","3.216134e+04","5.488793e+04","7.232808e+04","3.584268e+04","2.353246e+06","8.223004e+04","9.515015e+04","0.402848393895562","0.773103809260515"
"152","1::E9Q414;1::Q9EST8","5.264154e+06","5.563992e+06","3.235718e+06","3.111048e+06","2.282020e+06","8.613582e+05","5.395651e+06","0.403795092435712","0.773103809260515"
"153","1::P01837","1.318272e+05","1.412214e+05","1.680421e+05","2.100232e+05","1.256494e+05","2.157747e+05","3.873816e+05","0.406971853692002","0.773103809260515"
"154","1::P55065","1.231304e+05","9.516508e+04","7.509302e+04","1.470714e+05","4.168256e+05","6.877210e+04","1.680440e+05","0.407451305395838","0.773103809260515"
"155","1::Q91WP0","8.473054e+04","2.572849e+04","1.346096e+04","1.813288e+05","1.502624e+05","8.930620e+04","1.059158e+05","0.409286133608676","0.773103809260515"
"156","1::Q99MN1","3.828966e+04","4.268097e+04","3.471960e+04","2.339710e+04","2.568768e+04","5.650365e+04","5.294855e+04","0.409289514108551","0.773103809260515"
"157","1::P97855","4.454131e+04","5.865084e+04","6.132269e+04","3.654279e+04","2.788278e+04","1.041747e+05","9.210333e+04","0.411543842922545","0.773103809260515"
"158","1::Q9JHK5","9.559506e+05","9.444145e+05","7.152807e+05","5.177206e+05","3.656042e+05","5.193270e+05","9.200724e+05","0.411679270313343","0.773103809260515"
"159","1::Q9CVB6","3.425862e+05","2.345526e+05","1.752240e+05","2.625952e+05","2.472327e+05","2.442208e+05","1.329131e+05","0.417053487153449","0.773103809260515"
"160","1::Q9DCD0","9.485004e+04","5.428442e+04","4.729053e+04","6.649291e+04","3.618691e+05","4.722399e+04","8.797870e+04","0.418273269907831","0.773103809260515"
"161","1::Q9ESB3","3.735042e+08","5.018142e+08","5.351308e+08","3.740319e+08","9.328805e+08","3.910994e+08","5.081284e+08","0.424513075537623","0.773103809260515"
"162","1::Q60847","1.559371e+05","1.099291e+05","1.167841e+05","1.567494e+05","2.684237e+05","1.144409e+05","1.588601e+05","0.42513334656114","0.773103809260515"
"163","1::Q64514","2.002759e+04","1.128739e+05","3.436820e+04","4.658702e+04","4.340880e+04","1.823396e+05","6.668764e+04","0.425221220041749","0.773103809260515"
"164","1::P04186","2.289088e+06","8.847441e+05","9.137402e+05","2.228117e+06","5.812200e+07","1.198166e+06","1.517598e+06","0.427183236408388","0.773103809260515"
"165","1::Q9CQJ6","3.629042e+04","6.344733e+04","4.871458e+04","2.692066e+04","3.682072e+04","8.366296e+04","5.381341e+04","0.428009704064465","0.773103809260515"
"166","1::Q9R182","2.514919e+06","3.010548e+06","2.818586e+06","2.221169e+06","1.786110e+06","4.038295e+06","4.720357e+06","0.429214823870386","0.773103809260515"
"167","1::P21180","1.669548e+07","1.062879e+07","7.458887e+06","1.289047e+07","2.336970e+07","6.193917e+06","2.289991e+07","0.432785827690286","0.774868038798775"
"168","1::P59325","9.888909e+04","1.085246e+05","9.588970e+04","5.119453e+04","6.401761e+04","1.642652e+05","1.227752e+05","0.441957865010801","0.78492325257657"
"169","1::P59999","3.303839e+05","2.589264e+05","1.826559e+05","3.007076e+05","2.786179e+05","2.488765e+05","1.532467e+05","0.448166022201241","0.78492325257657"
"170","1::Q9WVE8","2.506297e+04","5.292425e+04","3.641780e+04","2.338450e+04","7.930612e+03","1.316326e+05","6.438074e+04","0.448408928793183","0.78492325257657"
"171","1::P10126","1.278239e+06","1.454766e+06","1.346291e+06","1.016353e+06","1.152488e+06","1.102662e+06","1.295160e+06","0.449042266369195","0.78492325257657"
"172","1::Q61702","1.669953e+08","2.046832e+08","2.147222e+08","1.880546e+08","1.974978e+08","1.833270e+08","1.661670e+08","0.451527757335017","0.78492325257657"
"173","1::Q9Z1R3","6.345178e+04","6.374601e+04","2.669269e+04","6.444740e+03","8.839160e+04","5.844160e+03","1.251689e+05","0.45623441517659","0.784988007755955"
"174","1::Q06890","1.733440e+06","2.270255e+06","2.028637e+06","2.243501e+06","1.897675e+06","2.959599e+06","2.219141e+06","0.462213332161229","0.784988007755955"
"175","1::Q99020","9.106388e+04","1.203836e+05","1.097994e+05","6.450343e+04","1.005833e+05","1.184563e+05","1.026580e+05","0.467004288445005","0.784988007755955"
"176","1::Q8BH43","2.406841e+04","4.673738e+04","3.197920e+04","1.780512e+04","1.963033e+04","5.064507e+04","4.920210e+04","0.46729799648683","0.784988007755955"
"177","1::P51125","5.150875e+04","4.692063e+04","4.258970e+04","4.081409e+04","4.150929e+04","4.905659e+04","6.277640e+04","0.467345634799491","0.784988007755955"
"178","1::Q8BGZ7","3.209823e+04","1.110750e+03","1.595827e+04","2.581195e+03","2.708092e+03","1.702621e+04","9.941677e+04","0.470286937590443","0.784988007755955"
"179","1::P51859","3.685962e+04","6.094510e+04","3.549846e+04","2.434053e+04","4.582897e+04","4.124032e+04","5.085019e+04","0.470897498840947","0.784988007755955"
"180","1::Q61129","1.523499e+05","1.585469e+05","2.100350e+05","2.406972e+05","2.179729e+05","1.649557e+05","2.897925e+05","0.473011141314938","0.784988007755955"
"181","1::Q3UHX2","4.316252e+04","5.857718e+04","6.120941e+04","3.243517e+04","3.103046e+04","1.155868e+05","6.449841e+04","0.477081756336224","0.784988007755955"
"182","1::P39061","1.117378e+04","3.847303e+03","7.472046e+02","9.388013e+03","4.571723e+04","3.363987e+03","5.631197e+03","0.477818787329712","0.784988007755955"
"183","1::Q9JM76","1.313104e+05","9.801401e+04","7.784417e+04","1.250159e+05","1.109461e+05","1.030979e+05","6.957059e+04","0.482296462878104","0.786290598773337"
"184","1::P29699","8.001277e+05","8.320581e+05","9.918617e+05","9.015727e+05","6.077692e+05","1.222864e+06","1.472197e+06","0.483871137706669","0.786290598773337"
"185","1::P80317;1::Q61390","3.796831e+04","3.694573e+04","4.357897e+04","3.814631e+04","2.028604e+04","1.206501e+05","4.933975e+04","0.501326354457423","0.791087906375622"
"186","1::P29621","2.423406e+03","2.028336e+03","2.559537e+03","3.138455e+03","1.946825e+04","9.839558e+02","1.844070e+03","0.501835262297838","0.791087906375622"
"187","1::P08071","7.221725e+06","6.332883e+06","9.041645e+06","6.037824e+06","9.649324e+06","6.765833e+06","7.477670e+06","0.502994556187684","0.791087906375622"
"188","1::P63005","3.375879e+05","3.366941e+05","3.813943e+05","2.399388e+05","2.749008e+05","4.954851e+05","3.618978e+05","0.506634916729966","0.791087906375622"
"189","1::Q61268","1.452937e+05","2.177982e+05","9.627393e+04","9.084887e+04","2.049768e+05","5.134462e+04","3.953321e+05","0.512161415621697","0.791087906375622"
"190","1::P19221","1.148382e+07","2.240302e+07","1.176082e+07","3.194518e+06","9.256524e+06","2.270454e+07","1.637976e+07","0.512919640217985","0.791087906375622"
"191","1::Q9DC11","1.181126e+05","1.335198e+05","1.553406e+05","1.099037e+05","1.320423e+05","1.012176e+05","3.028550e+05","0.513925882161304","0.791087906375622"
"192","1::P21981","8.278973e+04","6.443564e+04","8.457844e+04","9.621631e+04","9.054028e+03","1.080776e+05","6.097367e+04","0.514291020949327","0.791087906375622"
"193","1::O08638","1.081975e-05","1.075932e-05","1.089577e-05","6.795609e-06","9.987119e-06","8.900801e-06","1.581710e-05","0.515926895462362","0.791087906375622"
"194","1::P62918","1.081975e-05","1.075932e-05","1.089577e-05","6.795609e-06","9.987119e-06","8.900801e-06","1.581710e-05","0.515926895462362","0.791087906375622"
"195","1::Q6URW6","1.081975e-05","1.075932e-05","1.089577e-05","6.795609e-06","9.987119e-06","8.900801e-06","1.581710e-05","0.515926895462362","0.791087906375622"
"196","1::Q922B2","2.900171e+04","3.353339e+04","1.112721e+04","2.898821e+04","2.847516e+04","5.350341e+04","1.956205e+04","0.522208071750598","0.795198041158295"
"197","1::B5X0G2","9.570724e+04","1.577138e+05","1.665534e+05","9.978873e+04","1.299392e+05","5.850645e+04","1.362328e+05","0.523926468589245","0.795198041158295"
"198","1::O08677","1.232311e+08","1.276862e+08","1.588759e+08","1.128648e+08","1.703878e+08","1.204537e+08","1.380395e+08","0.527207575089961","0.795673129320055"
"199","1::P20029;1::P16627;1::P17879","8.021497e+04","6.241960e+04","6.527686e+04","7.282630e+04","4.672084e+04","4.456612e+04","8.736432e+04","0.529561714831742","0.795673129320055"
"200","1::P15864;1::P43274","2.004631e+05","1.493909e+05","1.604626e+05","1.391402e+05","8.606603e+04","1.691322e+05","1.680421e+05","0.537574507990455","0.798480661422787"
"201","1::Q91Y47","6.867509e+06","5.306716e+06","6.041040e+06","6.045403e+06","9.285808e+06","6.606316e+06","5.055656e+06","0.538995088322742","0.798480661422787"
"202","1::P06683","2.136880e+06","1.038456e+06","2.025420e+06","3.021048e+06","1.884154e+06","2.211831e+06","3.160920e+06","0.543905001170371","0.798480661422787"
"203","1::Q8CG14;1::Q8CFG8","1.231785e+06","2.935010e+06","2.782273e+06","1.608940e+06","1.744958e+06","2.016134e+06","4.975554e+06","0.544582169264482","0.798480661422787"
"204","1::P56716","5.128896e+05","3.744363e+05","4.445062e+05","1.012766e+05","3.586290e+05","3.240758e+05","6.755110e+05","0.544807239733283","0.798480661422787"
"205","1::Q9D0R2","4.377174e+04","5.768232e+04","5.526952e+04","3.805813e+04","3.187200e+04","8.968925e+04","6.071788e+04","0.549652796038718","0.798480661422787"
"206","1::Q8K1B8","4.339542e+05","5.553931e+05","5.231415e+05","2.913692e+05","2.938004e+05","3.708182e+05","5.175080e+05","0.550123800177572","0.798480661422787"
"207","1::P31230","2.840802e+04","4.214336e+04","4.047373e+04","2.513853e+04","2.055440e+04","6.787331e+04","4.279444e+04","0.557719343201963","0.80559460684728"
"208","1::P01631","7.862254e+04","3.331839e+04","4.004624e+04","1.048982e+05","3.307067e+04","8.754377e+04","1.375898e+05","0.569218758935014","0.815905224668905"
"209","1::P26039;1::Q71LX4","3.259406e+05","3.097768e+05","3.703205e+05","1.680421e+05","9.119313e+04","2.362804e+05","3.762415e+05","0.570315023263549","0.815905224668905"
"210","1::Q9QXC1","1.705707e+04","1.377897e+04","1.592472e+04","2.654389e+04","1.730999e+04","1.844799e+04","2.649507e+04","0.575838322703727","0.81673809621795"
"211","1::P11983","1.812644e+04","2.567810e+04","2.594979e+04","4.871749e+03","1.389429e+04","4.493508e+04","1.766321e+04","0.5763640347601","0.81673809621795"
"212","1::P50580","1.947354e+05","1.680421e+05","2.151058e+05","1.029237e+05","1.087628e+05","3.438674e+05","1.951066e+05","0.582814095871917","0.81673809621795"
"213","1::P63158","1.232964e+05","1.492857e+05","1.582817e+05","7.044102e+04","1.026524e+05","1.829415e+05","1.443461e+05","0.58368473513044","0.81673809621795"
"214","1::P42932","3.279890e+04","3.845803e+04","3.981538e+04","3.331803e+04","3.414110e+04","6.963342e+04","2.925514e+04","0.58455502538676","0.81673809621795"
"215","1::P16858;1::Q64467","1.063487e+05","5.014370e+04","9.532850e+04","8.486443e+04","4.500756e+04","1.969617e+05","9.667958e+04","0.590588963685253","0.817196145055373"
"216","1::O88783","1.491458e+07","1.430848e+07","1.536984e+07","1.364073e+07","1.222373e+07","1.852784e+07","1.646434e+07","0.592367657061098","0.817196145055373"
"217","1::P01592","4.494985e+04","6.195353e+04","6.445341e+04","4.325138e+04","1.920355e+04","6.777740e+04","1.410839e+05","0.593756909224576","0.817196145055373"
"218","1::P19253","2.510401e+04","1.248690e+03","1.089577e-05","3.121180e+04","2.343778e+04","8.439703e+02","1.581710e-05","0.596314668690489","0.817196145055373"
"219","1::P61358","1.332577e+04","2.256211e+04","1.222617e+04","1.778033e+04","1.798382e+04","1.909851e+04","1.660746e+04","0.598548347047246","0.817196145055373"
"220","1::E9PV24","1.351254e+09","7.544261e+08","7.481918e+08","9.706968e+08","1.396988e+09","3.553897e+08","4.952757e+08","0.604900994645789","0.820737759013763"
"221","1::Q9QWK4","3.657730e+03","4.102125e+03","2.409177e+03","2.525905e+03","3.772484e+02","3.071250e+03","1.298958e+04","0.609466062315296","0.820737759013763"
"222","2::P00924","1.414671e+07","1.581538e+07","1.491894e+07","5.481865e+06","1.290667e+07","1.177974e+07","1.810449e+07","0.611061336995062","0.820737759013763"
"223","1::P43025","1.168749e+07","1.299999e+07","1.217904e+07","1.248541e+07","7.263077e+06","2.050102e+07","1.619908e+07","0.612967574534936","0.820737759013763"
"224","1::P33622","5.810129e+05","1.630047e+06","2.326789e+05","9.664969e+04","8.287515e+05","6.162932e+04","2.209377e+06","0.615469130877485","0.820737759013763"
"225","1::Q8K0E8;1::Q9JJ59","7.616475e+08","4.040319e+08","3.931078e+08","6.101461e+08","8.003496e+08","1.936661e+08","2.867284e+08","0.619984941773227","0.820737759013763"
"226","1::P01872","1.072530e+06","1.189915e+06","1.303970e+06","1.634695e+06","2.579439e+05","1.725675e+06","3.606130e+06","0.620950673396675","0.820737759013763"
"227","1::P61161","4.572692e+05","4.146794e+05","3.439314e+05","3.848547e+05","4.387509e+05","3.932564e+05","2.849859e+05","0.625114532551698","0.820737759013763"
"228","1::Q8CG16;1::Q8CFG9;1::Q3UZ09","8.207123e+05","2.862061e+06","2.213048e+06","1.005639e+06","1.147913e+06","1.229858e+06","5.101016e+06","0.625846853027218","0.820737759013763"
"229","1::P34928","4.360874e+05","5.460203e+05","1.197634e+05","7.074050e+04","1.890189e+05","3.725718e+04","1.388234e+06","0.629243418212208","0.821588567884062"
"230","1::P98086","3.296476e+07","3.856874e+07","4.247286e+07","3.294688e+07","9.957164e+06","6.175503e+07","6.897291e+07","0.640532348131407","0.832692052570829"
"231","1::P62631","1.911602e+05","2.103802e+05","1.972605e+05","1.193745e+05","1.360979e+05","1.680421e+05","1.951573e+05","0.643446171389638","0.832858897166674"
"232","1::O70172","2.809030e+04","3.165319e+04","3.177318e+04","2.116118e+04","2.606008e+04","3.351576e+04","2.955320e+04","0.659458098238122","0.844679493158491"
"233","1::Q00896;1::Q00897","2.934850e+05","1.467548e+05","1.893906e+05","2.014391e+05","1.418594e+05","2.017097e+05","2.244679e+05","0.660634791368441","0.844679493158491"
"234","1::Q9R0Q6","9.278472e+04","9.910833e+04","7.723873e+04","5.648902e+04","5.499466e+04","1.217250e+05","9.923096e+04","0.661053516384906","0.844679493158491"
"235","1::Q9JKF1","6.861873e+04","8.331505e+04","8.248061e+04","5.536107e+04","9.069235e+03","1.025049e+05","6.435931e+04","0.665389029383532","0.846601360790111"
"236","1::P62245","1.955809e+04","1.781876e+04","2.322850e+04","1.421510e+04","1.631623e+04","3.179904e+04","1.597865e+04","0.669926569734334","0.848762899790533"
"237","1::Q02105","4.328575e+07","3.586921e+07","5.304280e+07","4.231417e+07","1.766888e+07","6.384343e+07","7.487421e+07","0.67811197615337","0.850577765069887"
"238","1::Q00623","1.946913e+04","1.300014e+04","8.600141e+03","2.776048e+04","1.015359e+04","1.317791e+04","2.126816e+04","0.678620527796907","0.850577765069887"
"239","1::P08607","1.958936e+08","3.062917e+08","2.940049e+08","2.207277e+08","1.415989e+08","2.609981e+08","2.896817e+08","0.683658448144695","0.850577765069887"
"240","1::O88968","1.026316e+06","1.090749e+06","5.621372e+05","8.542834e+05","1.806485e+06","3.611286e+05","1.081469e+06","0.684774339353536","0.850577765069887"
"241","1::P14106;1::Q9R171","3.097978e+07","2.782514e+07","3.915838e+07","3.063313e+07","1.062462e+07","4.919531e+07","5.671264e+07","0.687062517905091","0.850577765069887"
"242","1::Q9ES30","2.500206e+05","3.867334e+05","3.534205e+05","2.766312e+05","3.297641e+05","2.934705e+05","3.773864e+05","0.692751177304621","0.850577765069887"
"243","1::P25444","7.344157e+04","4.159164e+04","5.695957e+04","8.358350e+04","3.584639e+04","1.341748e+05","6.248743e+04","0.695116380863256","0.850577765069887"
"244","1::P01027","2.719379e+06","1.874263e+06","3.321412e+06","3.898765e+06","3.073249e+06","2.804142e+06","3.598360e+06","0.695955315006686","0.850577765069887"
"245","1::P14131","4.237033e+04","2.258599e+04","3.392178e+04","7.065052e+04","2.823261e+04","5.993964e+04","1.883490e+04","0.696961713853252","0.850577765069887"
"246","1::P62908","4.916846e+04","3.119184e+04","3.904484e+04","6.601298e+04","3.186854e+04","5.446844e+04","4.056034e+04","0.701640573743483","0.852807038818298"
"247","1::P58252","4.272111e+04","6.007048e+03","2.233748e+04","3.480795e+04","9.963966e+04","1.043276e+04","7.589908e+03","0.718468159579628","0.86972461422797"
"248","1::Q9WUM4","8.664735e+03","1.537261e+04","1.997202e+04","7.196250e+03","9.287797e+03","9.434061e+03","2.646002e+04","0.747994576187812","0.901816041452241"
"249","1::P26638","7.274602e+04","1.244635e+05","6.997864e+04","8.809414e+04","4.728008e+04","1.596775e+05","9.611654e+04","0.752736369189888","0.903888250553319"
"250","1::Q60605;1::Q8CI43","4.058163e+05","6.088309e+05","5.965719e+05","3.025684e+05","1.254129e+05","4.973578e+05","6.404701e+05","0.759365145223112","0.905119877404145"
"251","1::Q8BH61","2.697734e+06","1.968210e+06","1.677909e+06","2.664842e+06","4.349391e+06","1.469058e+06","1.892551e+06","0.761582764005544","0.905119877404145"
"252","1::P80316","1.061123e+05","1.482574e+05","9.578737e+04","6.942622e+04","7.449157e+04","1.727734e+05","1.005678e+05","0.762843508715199","0.905119877404145"
"253","1::Q8C8R3","6.198480e+04","3.364538e+04","3.958310e+04","3.961322e+04","2.852493e+04","4.631890e+04","6.876855e+04","0.77244700716394","0.911785623978906"
"254","1::B2RPV6","8.547151e+05","9.367585e+05","1.050928e+06","3.872101e+05","3.353628e+05","1.241550e+06","1.148281e+06","0.774560362844957","0.911785623978906"
"255","1::P62827;1::Q61820","1.606372e+06","1.048241e+06","9.811921e+05","1.093599e+06","7.310176e+05","1.555290e+06","1.002257e+06","0.777641859274669","0.911823199698534"
"256","1::Q8BP47","7.806666e+04","1.645271e+05","9.533252e+04","6.040035e+04","6.082299e+04","1.159716e+05","1.526325e+05","0.78389264809409","0.915562116328644"
"257","1::O88947","2.335591e+05","2.911885e+05","2.416099e+05","2.293548e+05","2.547484e+05","1.861416e+05","3.503849e+05","0.789754087281798","0.918818957576878"
"258","1::P62264","3.301501e+05","2.155794e+04","2.627584e+04","2.028732e+05","2.369215e+05","7.041462e+04","5.219539e+04","0.800207757480826","0.92737255615026"
"259","1::Q8CGC7","8.959505e+04","9.256603e+04","1.014746e+05","7.280822e+04","4.574308e+04","1.362362e+05","1.071651e+05","0.813130716281663","0.938710749684236"
"260","1::P09405","1.319363e+05","1.286570e+05","1.101422e+05","7.898381e+04","7.435901e+04","1.472797e+05","1.341561e+05","0.823801145213099","0.943521241520397"
"261","1::P57776","4.102801e+04","6.895221e+04","8.099259e+04","7.967987e+04","2.085402e+04","7.095435e+04","9.403893e+04","0.824985600494053","0.943521241520397"
"262","1::P40124;1::Q9CYT6","5.189891e+05","7.990621e+05","4.952195e+05","3.793393e+05","3.400752e+05","6.807664e+05","5.330191e+05","0.830028013369804","0.943521241520397"
"263","1::P24369","1.666875e+05","1.412033e+05","2.074799e+05","1.481309e+05","1.100042e+05","1.902801e+05","1.775278e+05","0.832948299791009","0.943521241520397"
"264","1::P06909","2.815152e+06","2.205254e+06","2.564869e+06","2.858434e+06","2.937431e+06","2.088711e+06","2.609988e+06","0.833436538198227","0.943521241520397"
"265","1::Q99PP7","1.440525e+06","9.647159e+05","9.213759e+05","1.189745e+06","1.814994e+06","4.542139e+05","8.252978e+05","0.836231200678613","0.943521241520397"
"266","1::P80318;1::P60334","1.325856e+05","1.380630e+05","1.019673e+05","7.003013e+04","5.819346e+04","1.825425e+05","1.169018e+05","0.842376766402014","0.945056686256184"
"267","1::Q9ER72","1.022014e+03","1.130582e+04","1.446341e+04","1.000830e+04","4.738786e+03","2.199742e+04","4.979157e+03","0.84391349575385","0.945056686256184"
"268","1::P80314","8.327253e+04","1.203310e+05","9.018788e+04","7.194418e+04","3.415960e+04","1.691460e+05","9.341849e+04","0.868415853405852","0.968866940926678"
"269","1::P08226","3.487272e+07","3.853061e+07","2.278076e+07","2.574147e+07","2.364258e+07","1.564531e+07","4.680511e+07","0.871928963412978","0.969170111748998"
"270","1::Q61838","1.396677e+06","9.966149e+05","1.093377e+06","1.003169e+06","9.811966e+05","7.941402e+05","1.741071e+06","0.882989604822413","0.975221687067693"
"271","1::P56959","2.830512e+04","5.591018e+04","6.407466e+04","3.412290e+04","3.592177e+04","4.409167e+04","6.206900e+04","0.884820599250507","0.975221687067693"
"272","1::Q61147","1.746805e+05","1.556730e+05","2.084894e+05","1.769021e+05","2.261467e+05","1.495789e+05","1.480079e+05","0.887158190242182","0.975221687067693"
"273","1::Q8BYK5","2.158627e+04","1.304650e+04","1.262898e+04","2.152674e+04","4.199659e+04","4.733095e+03","1.006471e+04","0.896492052721752","0.981872248219062"
"274","1::P47857","5.654850e+04","3.536660e+04","4.549941e+04","3.573154e+04","5.756696e+04","4.692599e+04","2.916189e+04","0.903328099987634","0.985748547066798"
"275","1::Q05117","2.081476e+05","1.416303e+05","1.775940e+05","1.803799e+05","2.151011e+05","1.602207e+05","1.628040e+05","0.918809843760246","0.989790636565058"
"276","1::Q91WP6;1::Q5I2A0;1::Q80X76","5.862291e+05","2.401286e+05","4.458973e+05","7.698944e+05","1.298315e+06","5.089703e+04","4.092011e+04","0.921939513075883","0.989790636565058"
"277","1::P51437","5.532304e+05","5.099602e+05","3.521278e+05","3.176885e+05","2.902650e+05","1.208291e+05","8.197911e+05","0.924707857477268","0.989790636565058"
"278","1::Q8BND5","1.551921e+05","6.770922e+04","1.645263e+05","2.146662e+05","8.525785e+04","1.679420e+05","1.856899e+05","0.926499171131633","0.989790636565058"
"279","1::Q8QZR4","9.471350e+05","8.189263e+05","8.776363e+05","8.490574e+05","1.159932e+06","5.121747e+05","8.906803e+05","0.929355815106066","0.989790636565058"
"280","1::P62242","2.779674e+05","4.666744e+04","5.590475e+04","1.858164e+05","2.656110e+05","7.456683e+04","6.449703e+04","0.94118630658654","0.989790636565058"
"281","1::P46412","1.237986e+04","2.983717e+03","3.924761e+04","9.107962e+03","2.957612e+04","7.331100e+03","8.380886e+03","0.941507753871637","0.989790636565058"
"282","1::P47879","1.199912e+06","1.207217e+06","1.221218e+06","9.759004e+05","1.199662e+06","8.486499e+05","1.365882e+06","0.942295526078807","0.989790636565058"
"283","1::Q6ZWY3","2.301727e+04","1.103256e+04","4.174327e+03","2.883063e+04","1.783867e+04","2.039329e+04","1.061361e+04","0.9425683545054","0.989790636565058"
"284","1::Q78PY7","4.465396e+04","6.348673e+04","6.630758e+04","2.135291e+04","1.171637e+04","7.091518e+04","5.938136e+04","0.942899430989709","0.989790636565058"
"285","1::P62900","4.893495e+04","2.308349e+04","3.144849e+04","2.041148e+04","2.534620e+04","6.096204e+04","1.040025e+04","0.943445924485089","0.989790636565058"
"286","1::P26645","7.659618e+04","5.558468e+04","5.639362e+04","7.837343e+04","8.169248e+04","4.029810e+04","8.140358e+04","0.948626344964119","0.99174572428067"
"287","1::P40224","5.420046e+04","4.289531e+04","6.048944e+04","3.617701e+04","1.491902e+04","6.312718e+04","7.045531e+04","0.958192714595359","0.994492373140888"
"288","1::O08538","4.277777e+05","5.240197e+05","3.759506e+05","2.811824e+05","2.646949e+05","5.217357e+05","4.332890e+05","0.964351839979129","0.994492373140888"
"289","1::Q9JHU4","4.952252e+05","2.389945e+05","2.206191e+05","4.190367e+05","6.678301e+05","1.263558e+05","2.132670e+05","0.96925188742322","0.994492373140888"
"290","1::Q9WV32","9.068715e+05","6.728117e+05","6.173559e+05","7.700918e+05","8.893275e+05","5.881147e+05","7.354114e+05","0.971012426492134","0.994492373140888"
"291","1::P80313","4.387928e+05","4.658926e+05","5.332913e+05","3.424123e+05","2.396354e+05","6.631327e+05","4.169998e+05","0.971076283587913","0.994492373140888"
"292","1::Q01339","2.540145e+06","9.055673e+05","1.354923e+06","3.296430e+06","3.452935e+06","1.175111e+06","1.547356e+06","0.971209943000466","0.994492373140888"
"293","1::Q8K0D2","1.301447e+06","8.010407e+05","9.666482e+05","8.450431e+05","1.036725e+06","9.600353e+05","9.315649e+05","0.984594988472917","0.999932832425"
"294","1::Q8VCC9","2.116290e+05","2.070712e+05","3.087300e+05","2.318636e+05","2.191483e+05","2.658575e+05","2.358033e+05","0.987630592784534","0.999932832425"
"295","1::P63325","3.177737e+04","2.953109e+04","4.876575e+04","1.215734e+04","3.731018e+03","4.982389e+04","3.742724e+04","0.989143693902657","0.999932832425"
"296","1::Q8BP67","1.462874e+05","3.067643e+04","2.814405e+04","1.992370e+05","2.284952e+05","2.824849e+04","4.955764e+04","0.990110488766538","0.999932832425"
"297","1::P80315","4.331554e+04","5.829969e+04","3.754071e+04","3.466953e+04","2.928821e+04","8.192346e+04","1.925267e+04","0.998868525216715","0.999932832425"
"298","1::Q61704","8.603023e+05","1.095525e+06","1.573867e+06","1.581494e+06","5.712544e+05","1.388907e+06","1.872643e+06","0.999658696167816","0.999932832425"
"299","1::P11031","6.028016e+04","7.126825e+04","5.728850e+04","2.533968e+04","1.968558e+04","8.585010e+04","5.510265e+04","0.999932832425","0.999932832425"
