"","V1","V2","V3","V4","V5","V6","V7","V8","V9","V10","V11","V12","V13","V14","V15","V16","V17","V18","V19","V20","V21","V22","V23","V24","V25","V26","V27","V28","V29","V30","V31","V32","V33"
"1","0",1,1,1,1,1,1,2,2,2,2,2,2,2,2,2,2,2,2,2,2,2,2,2,2,2,2,2,2,2,2,2,2
"2110","sp|Q2TAY7|SMU1_HUMAN",19.4203143100075,19.6585528754626,19.4315575309925,19.6106525419713,19.5040114568432,19.1985175758224,18.461773501524,19.061499016689,17.7740437196133,18.0755735689042,21.0662071065547,20.756425015273,20.1645144665614,20.0454229259773,20.1308154072058,20.0430699193358,20.8027685274166,20.6556976288811,19.3147025921544,19.268456501766,18.2297121525543,18.3667663748614,18.8179130487084,18.9512991116756,18.7884605580288,19.3652066906487,19.0558868002571,19.0255943293146,16.8266585173901,17.0576228266242,19.5189227318935,19.5435515777788
"2111","sp|P16401|H15_HUMAN",23.7076725573973,20.1596636090392,15.524852038001,16.0464513176076,13.2672884649922,15.8861681375881,19.5024120983803,19.5313929038284,13.5948443237759,11.4731875733196,22.8335071728442,21.4245289949277,16.0603798830731,21.0295985690737,21.9630459608787,21.7814930488268,20.8041034941425,20.2949008300784,20.7645022698606,20.704974425338,16.4303752363638,16.2915653218913,15.6457444998951,15.9469100492842,19.2341381684229,18.4495532997147,14.9546455292363,14.183444141928,19.7778156390256,19.8570524237172,20.1012259920672,12.5011662630351
"2112","sp|Q9ULA0|DNPEP_HUMAN",19.2250972172106,17.813939780646,19.6915047821881,19.8661294713418,18.0282608189691,18.031037906309,19.14464044949,19.0118382763084,18.4228904853917,18.4217922174924,19.9424564579518,19.6812926544264,19.3291588233844,19.3487220052697,20.4051891762724,20.4265952552749,20.4684762886838,20.3464184432905,19.5169129320435,19.2612660790465,18.1843761206813,18.2626167568344,18.9465571686754,19.3666255568873,16.230742249046,15.6946761817992,19.3927147683472,19.5787727196483,17.3701918081467,16.7137218794595,18.435279637113,18.4212033343102
"2113","sp|O00442|RTCA_HUMAN",17.2922709292409,17.4922671339074,20.3130831499325,20.1902177136217,18.7560067021172,19.6568111838736,19.7220915540102,19.4189013128671,18.9083820355019,18.7791190116307,20.3974728197424,20.1289564401619,19.1079884213501,18.8724680469956,19.0263389371677,18.8627535013476,19.325293156366,19.4301344754055,19.2783732275296,19.342354678131,18.6568653926564,18.5441384463779,18.9755786648334,18.9412590323425,17.194198392515,17.5471732664906,19.2113189307346,19.5161944965859,17.1397090506195,17.2862585242235,19.2671947995346,18.9513529231609
"2114","sp|Q9H8Y8|GORS2_HUMAN",19.9143467820271,19.992454207929,20.2575195843985,20.1843353011797,17.4426026057574,17.6205128990217,18.7531956317952,19.0062351872332,17.7406258869862,18.0783360524691,20.6240958839404,20.2338067837979,19.0456828484842,18.7719080330401,20.8028129003345,20.6062073926629,21.2652280699607,21.2461704139604,19.9802433945486,20.1527366202837,19.0713737314749,19.1302569649077,19.7384954249453,19.9555687207315,20.5545614278685,20.7152577895903,19.5652868465473,19.8644519190408,17.5384268256868,17.7413096899905,21.1455322421389,21.2402667648093
"2115","sp|Q59EK9|RUN3A_HUMAN",16.8873054434334,18.1684439459301,20.3047418293587,20.2868632513317,15.7129524524028,16.0963182846589,19.2478627059707,19.1871965527752,19.2701446467296,19.30365223972,20.0092689039331,19.6281639347516,18.1213403621345,18.0184548272932,14.6299195978979,14.764609836512,15.4664962712926,16.364210289843,19.1187012879625,18.9604737443344,18.3868099560623,18.4758757087516,17.9774311411534,18.1688596470942,15.0558136878358,15.9163300425969,20.1177647610082,20.1344126550048,18.3868431093817,18.3539513682378,18.6042213987861,18.2705779070386
"2116","sp|Q16363|LAMA4_HUMAN",21.3673379475426,21.3853690797139,19.4983610567013,20.0268036153075,19.0842584729569,19.293988015468,18.4457423274725,18.4242447554574,14.9388415741862,14.935673561554,20.8372355631885,20.4880361239026,21.3972712922287,21.4768452914009,20.478711536238,20.485466235228,20.4681601986496,20.5965173695321,19.0873292432796,19.1073243951883,16.215908027251,15.9570769942032,17.1878306917459,17.192363946561,19.2186036193942,19.2477211948208,16.4983385831871,15.8422095939758,17.9542960875868,17.8816004887988,17.3394446480241,17.6356667946749
"2117","sp|Q5JSH3|WDR44_HUMAN",19.506035275541,19.2565172948816,22.3083471486873,22.3566810696991,19.9633498155569,18.352736242597,21.7227678451723,21.6214890388449,21.0836706726144,21.1024475685507,21.6295514208694,21.8066482073097,19.8557846252921,20.160897209393,19.6806560967478,20.1092022874649,20.751635105616,20.349604041032,21.9611747984649,21.9162431887371,20.6403022684541,20.6462354317866,21.1670941438029,21.1873737312739,19.855691815715,20.177985965192,21.5567017646515,21.5687524168005,20.4636585251164,20.48645156034,19.6315360142219,19.6586247445123
"2118","sp|Q9HBL0|TENS1_HUMAN",19.0294003405137,19.6064612204037,19.7957451544835,19.7958932253913,18.5202920603558,18.4551739446799,20.0222806967934,20.2281568726087,18.2727032390411,18.2604957316534,20.2420885595255,19.5695080718774,19.3706765928534,19.8048744165154,20.6169825284488,20.5177328834858,20.8223590381316,20.7694252864662,19.0405350099214,18.7630855385247,18.0190773066922,18.1853128462258,18.4495555798898,18.9195150628975,17.4192525934532,17.5521339555916,19.46702623389,19.6624639732148,18.1363433895348,17.8802671507887,17.4759529386418,17.556162492068
"2119","sp|Q9H9P8|L2HDH_HUMAN",13.2715195179097,16.0166923684973,21.0687065117718,21.2276936278213,18.2917127550127,18.4923275934978,20.7477595263125,20.7802798073485,20.3547468757816,20.030662035439,20.1537404632284,19.431519214365,17.9295249386864,17.9668236554156,18.0761597188777,17.4572906244389,18.6518039094595,18.6316805690129,20.1643761064218,20.2358730596595,19.2929323046154,19.5284403416212,19.3997321180435,19.3841191365151,17.1154162237376,17.1982885206941,20.5751481718723,20.7633134290674,19.1006700673047,19.2280531055093,19.0167088386854,18.9915588953182
"2120","sp|Q99873|ANM1_HUMAN",17.6632767861416,17.0166226362438,13.1485241536274,12.4202857584312,16.1678057274967,15.3055144815323,15.3200898899275,12.2268054469978,13.0640866734423,14.2222316846223,14.0625361237709,19.2033119079067,12.8307444657618,18.4999525950415,20.0747407273337,19.7023254410039,20.4979913757629,20.5298983119293,18.5454087174175,18.4274901370857,17.1726535156392,17.0043815796321,17.5201005609421,17.6018444523728,18.9011277355392,19.0475874540551,16.7362003767699,17.2785171174487,16.9174434012297,16.5679421293851,19.102439594097,18.2729129882208
"2121","sp|Q9NR22|ANM8_HUMAN",12.5814596528486,11.2840514316371,18.5173975159737,18.285457877654,13.9987150154672,15.1412702242803,18.195191395373,18.2204897093841,17.2578081071088,17.4274402423575,17.1469981140901,16.6130150150053,13.77806867853,13.8611624176639,13.4127574339187,13.0827815899856,13.4576273436465,13.5129912672605,17.5354127364442,17.7851386248638,16.4905784190412,16.5622024430285,16.7191990803765,16.3451051373975,10.5090529091406,11.9093990658555,18.3938570388605,18.4195744822125,16.4880347429145,16.7206150036358,14.7114101125922,14.6791222079182
"2122","sp|Q9UHD2|TBK1_HUMAN",17.5251297391879,17.6986545090255,20.5355852717146,20.3587900436517,18.0352576962513,18.0032561402061,19.4814239981658,19.6629734187754,18.8291523676609,18.8986972454573,20.2473080088682,20.0639043522249,17.8567602765964,17.6248952893983,19.2306794429308,19.4746455035647,19.9942787462297,19.9956439643579,19.6226076280231,19.5151937216843,18.7389293854797,18.6679391480442,19.0459210449065,18.8934640740797,19.0685762705861,19.1638786862659,19.8794805891733,19.692553561491,17.6164359759009,18.2223050098328,19.2237141799354,18.9400138896007
"2123","sp|O43427|FIBP_HUMAN",17.0040695766446,17.3048794991818,20.7131634311598,20.6501169887297,15.6932150525236,15.7401812729623,20.2208446677988,19.981280985702,19.3843692934112,19.4298513053015,20.2624849909378,20.0800504548753,18.4265064645894,18.3555259648488,17.2754153744252,17.0756796412528,17.5950434554155,17.7385175400199,19.946985125436,20.033419647373,18.936908168577,18.9326071340701,19.411288876928,19.3047226125823,17.0387677874518,17.5681709229986,20.129383695653,20.3285985849451,18.2275639160758,18.3845835308194,18.5637115761718,18.3695610633337
"2124","sp|Q9UPQ0|LIMC1_HUMAN",17.1607712163171,19.1940924232568,20.6680111661956,20.6519586681261,16.2364494566207,16.6290302605102,19.4235082479439,19.4938132861248,18.2633756253788,18.3856208525795,21.3968291182486,20.9822197420846,18.9051568767354,16.8016793026649,19.3449360352848,19.4568614763354,19.316973557257,20.2229303778894,19.9775599102045,19.948108647216,18.5113196370737,18.5375457082937,19.494204263613,18.9033444448775,18.8491844615749,19.4134165033704,20.7620187188171,19.9539292997236,16.8855575968638,17.4126531145927,20.0226364143822,19.9701767417245
"2125","sp|P05156|CFAI_HUMAN",18.6845069233531,18.8244744698974,20.823909266939,20.6813858451912,13.9727489938212,14.8908385019619,16.5398809110799,16.0602002557245,17.1282983133169,16.9670428645253,18.7044328807614,18.4985376832356,21.6373316568486,21.6649002444785,18.0749629593054,17.9136075281837,17.9629898208321,18.0020062544437,18.0974622371147,18.0094484851253,16.3585499432632,16.380935749868,17.5720562842802,17.4276773827363,14.2967443877816,14.8163399989332,18.0473246640796,18.0164027506826,14.2834913554478,15.7685416381136,17.6848252827862,17.249566380776
"2126","sp|P56693|SOX10_HUMAN",17.3654017030411,17.307104771574,17.6095377328579,18.281446011483,16.6850014834842,16.0274830383306,17.551210900106,17.5122780548133,16.3136387767472,16.7139182804877,19.53980994763,19.840884156291,18.844037321211,19.0183016929928,21.0937706591904,21.0819710037171,21.3390099223347,21.40869327616,19.1608318426341,18.9114176948076,17.9613893082029,18.264046024512,18.3934659300575,18.9513152779874,18.299166161465,18.3886119838531,17.5933723456026,17.5661310302101,15.9456173665809,16.6080696690473,19.1310511331767,19.3083695516646
"2127","sp|Q8IW45|NNRD_HUMAN",20.3965332044444,20.299911853764,21.364614282448,22.0693004854247,21.0150299345149,21.1779349816929,21.5120221390148,21.3800240452359,20.9810721414955,21.1532134589437,22.0265675001363,22.0058683055948,20.1817371543374,20.2808204278319,19.386247940927,19.7059926862634,20.1579560272774,20.1420817395978,22.034746052989,21.8604317411803,21.226257299786,21.2283586794583,21.5956356825039,21.5278024053244,19.9979505728692,20.0715115508124,22.8197149023874,22.4684307205847,20.7734174726962,20.578460745173,20.432288298732,20.8166100962514
"2128","sp|P46782|RS5_HUMAN",21.0197346252991,20.6721149971812,21.4061549814583,21.3956269183849,20.3472421143282,20.4958948565208,21.6839089859732,21.5398924507972,20.9489178175086,20.5243672518173,21.9990849320745,21.6045245000899,20.3103113437442,19.7887200873805,20.4299163275507,21.2075832693113,21.7403655454423,21.9098694848056,22.1018088946928,22.1441473558512,20.7076690763911,20.9719705812186,21.1680115801854,21.7050995717647,18.9200149508516,19.1280669262986,22.521751213594,22.2494805375299,18.6922047947797,18.7145383703308,21.5013284043095,20.5204543163474
"2129","sp|Q9NQ79|CRAC1_HUMAN",19.8556235537949,19.7164266995029,22.107054255925,22.1230113390246,18.5453396422275,18.0494008234518,21.3880121245175,21.3916881563856,21.0740320689909,21.0009936713513,22.1890906333652,21.8432455132795,19.6673118048061,20.2083152994889,21.3881141621724,21.3469302632778,21.510139046614,21.4987538799147,21.9547077925991,22.0284372341237,21.0565574138874,21.1043004050964,21.3175016041039,21.2668461093237,20.344296650288,20.3960888312243,21.9059926401576,22.0803735632948,20.9920831852789,21.117379994388,19.719848460021,19.8303345047418
"2130","sp|Q9P0J1|PDP1_HUMAN",19.0891419905512,18.9367909038368,20.3967773829251,20.1497501356993,18.7326106857254,18.0230362338425,18.8829470665725,19.1367784488355,18.966784338498,19.0452088169791,20.6488816444188,20.2469349774691,19.6199887038228,19.187425979849,19.9572091324535,20.1177139482737,20.6960660822315,20.3733557647965,19.8164475115796,20.0106901940016,19.6005492054195,19.7049747956968,19.926162820193,20.3008070860773,18.4331095892837,18.755912308384,19.6387030629314,19.6888083486191,16.9434165628587,17.2070743387273,18.9131878006563,18.4659421726179
"2131","sp|P28288|ABCD3_HUMAN",17.8671119697439,17.7085940290129,20.2433895065392,20.2994488075131,18.140768371168,18.2416997283504,20.698815480992,20.560274406418,18.1616099844164,18.3674988410198,20.972274766348,20.9515210561771,19.7557226793857,19.4404726048984,19.1436677235187,19.0369578414482,19.5642181089041,19.5838633099745,20.1031318354766,20.0391266076492,18.5138393982502,18.8274572311619,19.6177478770995,19.7019243799422,19.0502152377226,19.2666033714504,19.3588754266005,19.3167098816132,17.5449533306819,17.8279870122184,19.7753559893285,19.9283057956825
"2132","sp|P82909|RT36_HUMAN",15.7528162629212,14.5385562346697,21.0021108841648,21.0787269201636,18.2439655532407,18.1174664637094,20.0019765339671,20.0757354413763,19.6305581868374,19.5147871745067,21.6397591318183,21.2242729768365,18.7648094496101,18.4849421143671,18.6905703735468,18.4081961062275,18.1822701448145,17.9672846948637,19.8072682078039,20.1228975501978,19.6724315774689,19.8006908747832,20.1338389062347,20.5474089377623,18.8299410259011,17.7576158099846,21.1504133965207,21.1873726202551,18.4797722503499,18.4940562433375,18.2353694837095,18.6938082907299
"2133","sp|O75190|DNJB6_HUMAN;sp|Q8WWF6|DNJB3_HUMAN",18.0759259969354,17.6052491035276,20.9802869307884,21.6020849412058,20.2720733003033,20.356454138888,20.9847675160814,21.1127681492704,20.1169204227105,19.9880295632874,21.5530119666103,21.0325267227107,19.2296622178022,19.3080103661189,17.5339811389018,17.6989488997593,18.1699988215396,18.0742010297804,21.0841983213078,21.3578050410213,19.7743487887973,19.9902291715887,20.1916320685777,20.1495488045107,19.2719964878772,19.3247705859011,20.493194245875,20.6678391794741,19.2141682717118,19.2888976172334,18.8977104791032,18.5191282895363
"2134","sp|Q96PU8|QKI_HUMAN",19.5684275852749,19.6732765894686,20.0813019273219,20.1501604616988,19.1693720688377,19.1082033659663,20.1021422414238,20.0860816806962,18.1833696649,18.2235917670501,21.8614829989016,21.3139638272525,20.7340080298806,20.4075681370909,21.1161162933487,21.0904810220256,21.4001609193722,21.4470368489281,19.4795636572407,19.7336645974285,18.7128855581298,18.9036110582295,19.6903962257731,19.7222362550312,19.7955154437943,19.7199141001972,19.1869227191436,19.2168674168484,18.3809689032968,18.0662386671838,19.973050937753,20.1913833438801
"2135","sp|Q96DE0|NUD16_HUMAN;sp|Q9BRJ7|SDOS_HUMAN",16.9939037776671,16.8980231992812,20.325614831263,20.2736969650071,17.4788003898386,17.5524931352596,19.784066220604,19.8704071881672,18.7752497558079,19.0232167846182,21.2156325079277,20.7818675756719,19.829830810392,19.7564710631062,19.0930191531566,19.0439846791485,19.1791203791465,19.3593414876362,19.5778041448074,19.3290379509481,18.7028294201902,18.698160471937,18.7347773392227,19.1679091404233,16.7286025828707,16.6840124327283,20.0458972573947,19.9226230813377,17.4574850163351,17.7271918314871,17.4983528107121,17.4783652265412
"2136","sp|Q9H3P7|GCP60_HUMAN",20.5038301227943,18.6126556745752,19.9703406111839,19.8379384930646,17.2508167313189,16.8590171058006,19.5130127368493,19.3170157142491,18.414439769331,18.2652493477956,19.8572083775987,20.8550654649175,19.7833705766364,19.9292326936403,21.1058952615688,20.9251770666031,21.6630633181322,21.6868930102528,20.1036937936013,20.1628701535631,18.8694384497345,19.011783988072,19.6042034609398,19.7167995344292,20.5534733626673,20.7761587081489,19.1655473841844,19.3856633500191,17.4338150215264,17.6531107829963,20.9711191816464,20.3453615154878
"2137","sp|Q9H479|FN3K_HUMAN",17.2239992475266,17.4873833935726,20.7232983921357,21.3415528830376,18.4816820952117,18.417616393739,20.4203025767514,20.6116204007694,19.7285297942077,20.0794797134057,22.2488142238539,21.8915448379252,18.8976624016915,19.1169820697346,16.6084915373124,16.4391234384663,17.2675626029678,17.297914699835,20.7989949045463,20.7756113954877,19.8059575881095,19.9835156630704,20.5412918816725,20.4898405084343,18.4098314987411,18.4820281678693,21.4145668012645,21.3426151236876,19.2055838428595,19.1637336471081,20.0372060983371,19.9910419188061
"2138","sp|P27169|PON1_HUMAN",22.9000637471412,22.9063568537099,21.0077664769014,21.849577223591,16.0567434898222,16.4629340441943,18.6683562312868,18.6452039410167,16.5767492158937,16.9077704862677,19.8023191806,19.8406958736354,20.2050051459172,20.4554064275966,18.5149572711693,18.9831461151247,19.5510688917664,19.3954676698503,19.8469386085648,19.7353881301256,18.4759757596667,18.0541334597085,18.8744854275329,18.7323109280126,17.753510853248,18.1484164133508,19.9321498583038,19.5939644498603,17.9445054176705,17.9481982842071,18.0097903062046,17.9651668301043
"2139","sp|P60510|PP4C_HUMAN",19.4836428219247,18.5086476687549,18.6643576320826,19.3097488789074,18.3746895189886,17.9846605981537,18.2020230213887,18.4077233251244,17.4054429606126,17.7531527495859,20.4525342440265,19.489109138613,20.3348297354314,20.2384992421134,20.7029083459485,20.4287733116067,20.6858360975153,20.845767746228,18.9044260497419,18.8381830748579,17.6902062689482,17.9452194008995,18.4530500453343,18.4102736334531,19.3144720990712,19.703950644873,18.5137106568913,18.5571058928536,17.2496100401238,17.3756532218868,19.3411410763994,19.1955180585365
"2140","sp|O14910|LIN7A_HUMAN",19.1067714222631,19.1818613814099,20.7373805599878,22.2570645026024,18.7263977554752,17.6232762617076,21.256487672578,20.9841326889502,20.864248735746,20.8513753564837,20.6517353800897,19.9387991529129,19.5768956124812,19.3959744121605,18.4514699135024,18.8287927089683,18.9571648454279,18.1108224751753,20.7196413346511,19.8089821692286,20.13892681403,19.3716952890577,19.8183092303364,20.6055176749253,18.6769771997118,18.7954237088383,21.8410713598515,22.1104413670926,18.6098457221585,18.3421045576938,19.2705106220094,18.4290987203134
"2141","sp|Q9GZY8|MFF_HUMAN",17.4333615388979,16.9355092995399,20.9445957360355,21.009747083029,16.5762591902364,16.0274999385402,19.7436950789597,19.7958336788363,19.4280751880775,19.2891591472354,19.5134213478893,19.4680064150061,18.2029187996974,17.6904133107262,17.6090268184023,18.3017693577911,18.2901418744347,18.1572483892225,20.2518209197864,19.4282990809431,19.6657218953652,19.3815056672949,19.4793477237627,19.6424852588675,17.7920553359954,17.8346968324098,20.4458985282824,20.4834503091278,17.4788896934712,17.510295712712,19.7578410136809,18.5014992258776
"2142","sp|K2M2_SHEEP|;sp|KRHB6_HUMAN|",15.7261777937528,13.460826747464,17.432713587813,19.2406962320626,17.5970922496322,16.9966551978116,18.6242340141833,18.9102140932769,17.8683347665386,17.7913701179688,20.3496419233655,20.0974018781926,22.1533339978754,24.7644585834889,18.1376161513544,18.8609744082998,19.599543421651,19.4575797854523,19.2158196129719,19.4988835335741,18.5161463766423,18.4170040604704,18.6801747570435,18.7226447169286,15.0846889457943,14.6103435344102,19.550689401986,19.6668424808549,17.6926106772664,17.9424892237061,17.7332029401027,17.093092091826
"2143","sp|Q9UNN5|FAF1_HUMAN",19.2029469603421,19.1410888367701,20.7842388474865,20.8630158650792,16.0917652072537,16.2017748033453,20.5816972404024,20.5168678961677,19.6072618046999,19.5885711052801,19.1256394288633,19.1685425862542,19.9706805802747,19.8201986037157,20.5265810837778,20.4153089992518,20.9480658526807,20.8675980853641,20.0987579269914,19.9506367001047,19.5301204139614,19.499836443068,19.6032295000179,19.6292200737522,18.6270100736229,18.6931768275656,20.2026403472892,20.3950856721133,17.2892916887637,17.3474335596346,19.9524788044957,19.9088809533355
"2144","sp|TRFL_HUMAN|;sp|Q86TE4|LUZP2_HUMAN",20.4506547971424,20.3710043416832,18.8568395345847,18.5599694032821,15.0831055797718,15.1677232537607,16.8611199613184,16.8721728853511,12.2368370299767,12.4567331665334,19.0642064938498,23.29614100162,15.0235660531113,20.9418349779091,17.297217682371,21.2749637174548,21.8535788707824,21.7141727911117,21.8385664066642,21.9577986596949,20.0000260984752,19.9892324700235,20.8791318529666,21.2062628913017,17.6455124529006,18.3389138476925,13.2249459776574,11.5636383924021,18.7701121418617,18.5048939168708,16.6261801216013,17.0523090066062
"2145","sp|Q92797|SYMPK_HUMAN",16.9059410631271,16.0038106645552,15.3372523312931,15.1078142279815,14.78599289173,15.5185440299092,14.8014878072295,15.1766323038213,11.4054407343944,13.3033331893444,19.6630958227486,23.718164931215,17.8621582836105,21.3702730775195,19.2500536639539,21.9082710369148,22.3610899592557,22.3242831473755,22.2553575889389,22.3711808245317,20.4190881640752,20.4026097077767,21.2927355959274,21.6245806402562,18.7505644631381,19.1945426206721,13.6462552690384,13.6601784714103,19.1438967027688,18.8917576033713,17.8621709340968,18.4412988194913
"2146","sp|Q7L523|RRAGA_HUMAN;sp|P07864|LDHC_HUMAN;sp|Q5VZM2|RRAGB_HUMAN",15.6958575470881,12.1665183455593,16.7345614101459,16.3139354513845,12.1435174565128,15.262596910301,15.3585238098565,15.4419251542743,14.4396649489295,14.9916052171442,19.7198881973355,23.8764270151317,14.5985811812637,21.3901574740822,17.1338225677424,21.6981962705088,22.2541081691982,22.1146686746562,22.2987993364033,22.3986554979334,20.4694090984788,20.5160041275641,21.3222398880278,21.6913426838742,18.235447189418,18.7815906008614,17.4312444411704,15.2273262254634,19.1080688851781,18.9044092432297,17.7151178214088,17.4580930259378
"2147","sp|Q9Y2G0|EFR3B_HUMAN",11.6036301853685,11.4076461734675,18.5449401571919,19.0470651243213,12.4378296759439,14.6815125450151,18.8158776757831,18.7607435443794,17.8109215303254,18.1036769756746,18.3357317736075,18.7225412489305,16.4848320474624,15.6837885078211,13.9171135031993,13.8733540556574,13.8038688997046,14.2929332183612,19.894685856632,19.315564841301,18.3779973396699,17.4007042907964,18.3448148505564,18.0279394752093,14.4139271910988,14.4114513048035,19.2564772927129,19.0531117748785,17.3125278024535,17.13472672072,15.8310553549339,13.6912647052739
"2148","sp|Q92804|RBP56_HUMAN",18.3275438122836,18.5132781805288,19.4225571206628,19.4483354085284,11.6629938569918,14.9938997272174,18.244199801282,18.063968311213,17.1231471355669,17.398495586336,20.7381159852272,20.8351880929422,18.809112464288,18.9927875063016,19.0614955518149,20.1388584807938,19.5453675526256,21.0232576058001,19.6480263531669,20.2258140549057,18.0549282944732,18.9634608140438,18.6129280570377,19.4162128841676,19.1622770262895,19.8132146539071,17.7021690178705,18.5959006624819,15.2576711099026,15.9483060366719,19.3694599862164,19.9021026058433
"2149","sp|P36404|ARL2_HUMAN",18.5119217062135,18.7165250853199,20.9204985699153,20.9516720592286,17.4526202745899,17.5092629346772,18.9748553831662,19.171059003231,19.3778483378752,19.2319440614321,20.180851648307,19.9906443496247,19.8914589603315,19.5680894454433,19.8168894492364,19.5271475863803,20.2772817407509,20.2667798073217,19.8705544037254,19.7751424574202,19.7345416295588,19.6682197317002,20.318572252496,20.3858174452371,20.0380116305104,20.2605512793508,20.9063045057267,21.070758766147,18.6724704020065,18.7753828521005,19.8681203005274,19.8767386900783
"2150","sp|P51513|NOVA1_HUMAN",12.5290838928153,12.4327097936493,18.9296311647828,18.890300304457,13.9445421930994,11.4080979418825,17.8402902826382,17.6362921406272,17.1505080622641,17.5026704154376,17.482838423697,16.5679436604212,14.1441177777605,14.3981326854153,11.3336846328202,12.33107308536,10.2264294496304,11.3874983132835,17.5729638607187,17.8160320186965,16.4527931862829,16.4083206228781,17.1532505553995,16.8732046812611,14.1078259666344,12.1245230073647,18.9566000818931,18.5938976229277,16.718649171278,16.3581104302235,15.912548547671,15.8121616703827
"2151","sp|Q9UNW9|NOVA2_HUMAN",-16.6096404744368,10.4626125747371,18.8305197317939,18.7907275493004,4.23159668921779,4.13156849727558,17.5999424494633,17.3373646037185,16.7537404329774,16.9376556793862,17.3912720605196,16.5682743650408,14.1083212661854,14.2240758516653,5.80453684643537,10.7048414907974,10.6028756311837,9.16947265164963,18.299764573221,18.4506201162063,17.2571851594168,17.4127681425522,17.0233036485865,17.4593536028961,13.0058402603577,12.7088441391495,18.8633442720368,18.5883160879964,16.6728013290711,16.5509235153705,15.6341811138985,15.8265038065481
"2152","sp|Q9Y5X3|SNX5_HUMAN",20.0626869338434,20.0642608006104,20.8492903446732,20.9069484716086,19.8553355327124,19.9332972221878,20.6799724806827,20.5709436713294,19.7856262249545,19.7325778990432,21.4765127985865,21.2121775335892,20.6346127173646,20.4509908505536,20.8358535413371,20.7035384756527,21.4165740582329,21.546053746777,20.6977349903972,20.8440666248277,19.7727275023235,19.940529590889,20.3428171747283,20.4201617665326,21.000481330094,21.0329614691655,20.6582030416415,20.6850508315902,19.1144365771584,19.1833002064914,20.8860822250562,20.9221033835378
"2153","sp|Q10713|MPPA_HUMAN",15.0185208845661,15.4135375604278,18.7597619805612,18.6946192625719,14.8579185006322,13.89774407911,17.8800653099812,18.1995336462083,17.0020113259562,16.9120095398967,19.4248520164855,18.8440655429029,18.0632681736345,17.9404459465291,18.8490635823828,18.6034556863393,19.1604830034577,19.338074675186,18.2314914370771,18.1129691857742,16.9061842100964,16.7253304177591,17.223243944435,17.1515564680922,17.3009762573822,17.0524137161227,18.1064640139937,18.2982584881437,15.3139242655393,15.3202052932432,17.9656075008587,17.9193456672092
"2154","sp|P23588|IF4B_HUMAN",18.7714358945635,15.4851680841976,16.15718187267,19.0047299750852,18.4858117673282,15.3173616924303,18.962944107546,18.3118291579512,18.0289385063806,18.0103816632468,19.8462293561692,20.9864149921706,18.3074328910295,19.9443975165729,19.2682166253169,20.5140093727549,21.4023827326667,21.0483126250926,20.461582032222,20.5201131467503,19.6926609418887,19.9297382627753,19.9665874787463,20.0227666272606,18.7396368406329,17.319827568466,18.8015413201044,18.3252268182307,18.7835732353924,19.2553200269682,19.3626918745888,17.7321455791321
"2155","sp|P17612|KAPCA_HUMAN",17.4799463044236,16.5961165662602,21.6666307650822,21.6755743721639,15.9778503709669,18.0042307095527,20.9092291667953,20.7504898606176,19.7095875717196,19.6627286413756,21.7838983307153,21.0213728847816,19.7189081018954,19.4779234372241,19.479364340431,19.3088712779641,19.3687768617702,19.3813454829817,21.4282422599113,21.3823030037732,20.257995009759,20.3741486295253,20.3487094540121,20.5605282926017,17.3530431702918,17.1986481248546,21.6311966182426,21.8874667671932,16.8235228232217,17.3485993325948,17.8009847525481,17.7466905252532
"2156","sp|Q32P28|P3H1_HUMAN",17.4766216783226,17.0512454571836,18.042526988506,17.6953429627852,14.1939117201835,12.2373587404221,17.9928344385164,16.1349913252262,17.332435985069,17.2646442592109,18.4387164689322,17.9185009612763,20.6809011133153,20.353870305252,21.0531049856029,20.8823551117383,21.5411822383138,21.4177911494629,16.1054911501811,16.2337769606263,15.3529453807925,14.3660683301791,15.5264265997522,15.2144663595641,17.6878961489276,17.7391707695531,15.8957977857854,15.9176636271972,18.1874259411853,17.9144707534252,18.3342165089787,18.2976905436081
"2157","sp|Q96PE3|INP4A_HUMAN",16.9048438941648,17.6111237219257,19.884187263386,19.6270713059276,15.5599198439578,17.0156850511064,19.1187832110359,19.3600330852708,18.6794414966565,18.7090162725051,19.2324790939696,19.5560580104394,17.6925357365147,18.355351736982,15.7649852184468,16.3909273294136,16.731530668676,16.5799474173464,19.9142840520708,19.8602796838795,18.8762095518493,18.6563893101333,18.7496628947489,19.0224907982971,15.9918073871562,16.076755380809,19.0326799054377,18.9245860767814,19.0921845694505,18.8032554496996,17.0420567052439,17.5017531275892
"2158","sp|O96008|TOM40_HUMAN",17.544177628399,17.3130767131516,21.2200655237817,21.1647035001045,16.9621193572908,16.9269848867499,21.1499419537193,20.8398162886558,19.3873738382111,19.2545103983959,22.7285111091249,20.5582939606511,19.789328788076,19.7014326827759,21.2682359503587,21.1808439688264,21.8059264312275,21.9523358260511,21.3468819589107,21.2475692138136,20.1173224113359,20.4256402370962,20.6824756979102,20.5633938690336,17.5030258861911,17.5429716586116,20.7799739572211,20.7136198158056,17.8040502644616,18.6889314951805,20.1208015376918,20.2353457878248
"2159","sp|P23919|KTHY_HUMAN",18.9786476107145,18.7664488615066,19.1665989216702,19.335048988686,18.210076912878,17.9132754362833,18.0372123589379,18.3790671334965,17.6977258634636,17.938642308445,21.0262631554681,20.1107910670197,20.4190581961181,20.1332229442169,20.9010649743856,20.836955672933,21.508336984378,21.3824506360917,19.0396985556458,19.0609854595194,17.8226017323544,17.9271190514506,18.4509388346121,18.4521876146346,15.8623225937223,16.5040469449879,19.1897284547366,19.19728670828,16.9938142890835,16.7762898006846,16.9394075512142,16.6594810895437
"2160","sp|Q8IXS6|PALM2_HUMAN",16.0364795778718,17.0140056500005,20.7940561845862,20.7604011322131,15.7593388041125,15.4358712044002,19.1520446314728,19.680845963695,19.5146105427724,19.2661548150695,20.7703921700648,20.7441793373212,18.1339189071763,18.1400145588586,18.414843449211,19.1837684925005,18.5953639172279,18.6684230064803,20.3918179768156,20.2662792208676,19.3728334362117,19.5076299174088,19.9122422286211,19.8817999140845,16.1508148252473,16.6272030617422,20.0724796381522,20.1944948387076,18.9575915194567,18.7145543403663,18.0642354407254,18.0131998251466
"2161","sp|Q8N465|D2HDH_HUMAN",13.5734480328432,16.1554557423522,20.1573461346933,20.1037638230792,13.3406755286696,13.7968154796228,18.8293226234196,19.3288833465957,18.5960806950997,18.5884533060447,18.9825996317891,18.9146842609301,18.9044504695689,18.3816534256838,18.486779730677,18.3650340002279,18.3442769802223,18.4758669009156,18.0109069318675,19.4463445593936,17.1893789379269,17.9964125272022,16.7908869566652,18.0037480697737,13.4517835266339,13.2133336964026,19.6673643190872,19.2330999556936,18.3206222736628,18.737454007812,17.1231808943688,16.1486792171466
"2162","sp|O00151|PDLI1_HUMAN",21.3144496642509,21.3887282690104,18.8570601950061,19.949072733478,18.3246021358848,18.4217532571036,19.5364290938144,18.9904662520291,17.8807749955724,18.8258734852292,21.5631706322942,21.5093465749196,22.4323762391951,22.0397887618351,21.541639153161,21.2556926724675,21.8062654470691,21.8356865155354,19.0369887062213,18.9658899818711,18.7129122518263,18.6356809207652,18.9773204115133,19.1356260730121,19.2097628706769,19.1307260688417,20.1845383580767,20.2088193865784,18.2331610334087,18.6213256277314,19.2454632411074,19.5337000079602
"2163","sp|Q9UNS2|CSN3_HUMAN",19.2399374053627,19.0056580234552,20.5449857374909,21.1565505369484,20.4825317805855,20.1150657449191,20.8595504781173,20.8917878290118,19.3494576867177,19.4657572143802,21.4507763443797,21.5208219312564,18.6173761256042,18.1423907298459,17.8124781210508,19.2109687862241,19.8164137432657,20.442088670772,21.860782719435,22.1238844067552,20.5333226260859,20.5161411857787,21.3125363087636,21.3254958540638,20.7497072495961,19.8027323206094,21.3022296268224,20.8282340099318,20.1179772251281,19.638238706016,20.704907579408,20.7135265815399
"2164","sp|Q9NYK5|RM39_HUMAN",19.335581619975,19.3072594398975,19.9847440378889,20.2808353518756,18.314577786188,18.1754891549368,19.8622925540346,19.8038918215933,19.0180748157582,19.1905692256225,21.8967548133314,21.5153211227062,20.0508975497288,20.1298535842872,20.9118994786273,20.8828576050718,21.3070887158344,21.2805664071939,19.9966038571717,20.0533162980337,18.9540451845519,19.0861960031523,19.1705717352798,19.1674018664161,20.3128971747312,20.1265484301068,20.1839777584994,20.1058311778051,18.6861597006292,18.7925158736068,19.6503984217577,19.8081057617853
"2165","sp|P30711|GSTT1_HUMAN",11.2948486370804,11.002673296903,20.3004436208305,20.4601906501646,19.0370836193677,18.9573321676054,20.0362608398315,19.996913188717,17.9759527962025,17.2260403919966,18.2097796253015,16.9053976237467,16.6391731580471,17.2784904073242,13.1516558434092,13.1046630626211,12.1755101117547,14.0806145810593,20.4272103604532,20.2962939796926,19.6381931870653,19.3377101114152,19.8968458393363,19.7743692460087,16.626793883189,16.7323367346717,21.1048489370071,21.2078136999272,17.5257782968425,17.4454973078365,18.0662651974319,18.5756198097318
"2166","sp|O75146|HIP1R_HUMAN",16.2306766985869,16.5207848740066,19.8800798326908,19.9263956689342,17.1339124781938,17.1634839033711,19.9123500152737,19.9132923994624,18.5409474885589,18.8933041468452,19.7855931339653,19.6714775156695,16.7125746887079,17.232675594938,16.5507714363225,16.5490005073593,17.2800011568299,17.5205044432389,19.6364012135207,19.5325256685404,18.900731009546,18.9905742334821,19.0939373928861,18.9512083284927,18.4039852076692,18.5190317170278,20.1695863910055,19.7165152562672,17.5310207424261,17.3752471840282,18.7369118035944,18.6902290828785
"2167","sp|Q7L0Y3|MRRP1_HUMAN",18.442285104691,18.367697205158,20.6428818532449,20.6611188652794,17.8463128593292,18.0535164036781,20.155435074788,20.0232506408564,19.1555075813243,19.1999018123587,21.6203698949502,21.1972357008895,19.9703925716955,19.6770976398455,20.8135257884207,20.4283357859594,21.1981833295982,21.2285238518378,20.4136641411721,20.6090708229544,19.173935933839,19.0698675782706,19.6820274327279,19.8667068337711,18.9904868114073,19.5425016119576,19.5774394477204,19.719636690993,18.1487350514845,18.2298479618316,19.6136230036128,19.5974788541328
"2168","sp|P35659|DEK_HUMAN",19.2111791081845,19.4354426612597,19.9368787816314,20.1666750008215,18.2029850895935,17.8660901609634,19.6393909461203,19.5605919903372,18.6594978665247,18.3787841099035,21.6302945001863,21.3989438029462,20.6749740150634,20.4689264465584,21.5941711620587,21.5103558144255,21.8544277467461,21.9113301054398,19.9289016503781,20.1297926553493,19.1080344160019,19.0877925013662,19.8836588501064,19.7784899224476,17.6386219118837,17.8847358008453,18.8129684178691,19.4354452080224,17.8115184089241,17.7710315863231,17.6285191646631,17.3217818640295
"2169","sp|P15882|CHIN_HUMAN",17.7256132100066,18.2193171134435,21.0667011061601,21.0069533281381,16.739384464152,16.8684985484933,19.9189137988013,19.9786720906515,19.8488247153354,19.5234632262385,20.557024614292,20.3941300858327,19.4951485785398,18.9204526711702,19.1046268457045,17.9905086809258,18.5986919580737,18.6243807988334,19.6332796759315,19.7997523075098,19.2459588225393,19.4132876001177,19.4041836502255,19.2016956525249,17.3871870998709,17.3793076936253,20.2711799870051,20.3813682941791,19.1625294486291,19.2099412700601,18.856142092721,18.6645901830591
"2170","sp|P04196|HRG_HUMAN",21.531595575157,22.092278532618,22.2995606715285,21.9321792053831,19.5661318515181,19.7824386426996,19.5563034709266,19.364129912691,19.241480479415,19.0855891111811,22.1528070730894,21.8343455043508,22.8926274930781,22.7104269616527,20.3258956624408,21.0285345326854,20.2507134173575,20.3588716670856,19.6679611363448,20.0566369147622,19.1594442811368,19.165399333003,19.2618443037677,20.5644741253545,21.5301083540071,21.5169576215229,21.2342759973624,20.8163561860866,20.0439927710189,20.3732956631967,20.4756566676178,20.4919880344861
"2171","sp|Q8WVY7|UBCP1_HUMAN",18.0210653571955,18.1661846985824,19.7894331819862,20.259900890115,17.2554064216522,16.8384171173385,19.319038346506,19.7783960821415,19.3061852653334,19.1200104106853,19.9443083795713,19.5108764762491,19.4751277921553,19.3181954269781,20.890268309179,21.1045232817167,21.3282719258996,21.3053386567262,18.5116795209086,18.9900915589941,17.7647267840958,18.0535201232228,18.8804303452081,18.6114257583701,13.4521965738597,13.765197735609,18.4814924460111,18.2484221769656,16.7168350317765,17.2431612765114,17.84875561555,15.490696588347
"2172","sp|Q13224|NMDE2_HUMAN;sp|Q12879|NMDE1_HUMAN;sp|O15399|NMDE4_HUMAN;sp|Q14957|NMDE3_HUMAN",17.4844573975772,16.218534669577,21.1718341661917,21.2490770777498,15.0198162734207,15.3159811921981,20.5214044058909,20.6996340225683,19.2979246211814,19.4852530301008,19.2387700945043,18.925844111384,15.9743016097491,16.0718032226777,14.9211159610423,15.5639279915411,16.5342887644581,16.965788858449,20.3478209283436,20.2296219721168,19.0632569818711,19.2473344119344,19.1642009500498,19.1329959763491,18.0435925476569,18.0020483384442,20.235003814734,20.2680548755444,17.892239852558,18.2253899293932,17.0178041604554,17.11445915654
"2173","sp|Q9Y4P8|WIPI2_HUMAN",18.8664567756988,21.4754136723496,21.8989194954231,21.9648639162617,17.3495316776546,17.0580445191788,20.6171012180355,20.6306717773689,20.6126063206783,20.7340156790786,19.8469784436422,20.3104072555292,19.5197917433706,19.3371354728855,19.0477235956167,18.9940895495934,19.9404603227602,19.7158395285966,20.7030038578672,20.7120761776482,20.6705353092595,20.6042552781615,20.9688583609928,21.0893849527192,16.7673508118446,17.250558740983,21.9000869708753,22.123475839907,16.25990504041,16.7161623799841,19.9573670599331,20.1113254160563
"2174","sp|Q9BTW9|TBCD_HUMAN",17.9599383312487,18.4213059297535,19.5832591507516,19.538587431218,15.0427572995798,16.9389412865316,18.3813927764161,18.4467819951958,17.3482459914572,17.3237011244732,19.2097537420049,19.1344356233237,15.3026815811106,17.4134543806973,18.5700366642435,19.4520443145808,19.5929662587343,20.4865531724955,20.4098298986976,20.094414773804,19.3683025569536,19.1354931336571,19.5621271320778,20.1057655396098,15.0132577764265,15.8328898764898,18.9462986500699,18.9342400707252,16.1422537933906,16.9175752973212,19.1010814848836,18.3968012616725
"2175","sp|O14776|TCRG1_HUMAN",18.5012294288907,18.9024519499425,18.4652054635097,18.4238388045357,18.1624474267362,18.1292032342869,18.5810802414726,17.7636235895178,17.0306621892582,16.8943249552709,20.2574937938556,19.9993581142841,19.4810869897379,18.9162795303808,20.4028153504465,20.1900336191485,20.6862453833014,20.8401676841708,18.4589677894016,18.2166263341246,16.9228110289312,16.9813208327819,17.2609171646267,17.3415334282001,18.0146643387842,17.7751003010928,17.5696253749549,17.9558385565369,15.2283402939113,14.9749915215268,18.0547549220229,17.6795506209104
"2176","sp|Q8IVD9|NUDC3_HUMAN",17.3025072472258,17.7324786514525,22.1066022617702,22.0512132790959,16.3073673786009,16.8189379981253,20.8904636252293,20.7918864748109,20.0655134527203,20.0659493206095,20.7980323884983,20.4631990265621,19.758807000369,19.3435597206562,20.0211692644756,20.0983488075152,20.3741889226067,20.366843297556,21.0485246412441,20.9085329259778,20.4850269091348,20.4539384361547,20.3278182229235,20.3748150590097,18.3061930175051,18.6717344687835,21.0563350727426,20.6519838349672,16.8649019632299,16.9910899904292,19.513091474118,19.5199267849361
"2177","sp|Q8TBC4|UBA3_HUMAN",17.3262613709465,17.6050528549497,20.226211223784,20.2769788833192,17.2785884729985,17.5232380659981,19.5866496943725,19.7441577964568,19.0769849482793,19.0761241799397,19.9601932330951,19.8206945550144,19.1400879633929,18.9073185278487,19.3742548729366,19.3542153589303,19.9861557472877,19.9773014884563,19.8263741935752,19.9023963582661,19.0196364503293,19.1300260547841,19.5147119106719,19.6432972055302,18.8584381519214,19.0471857774807,19.8120837801519,20.1045364671005,16.2880778843969,16.5453969217769,20.1737589028068,20.1007981729462
"2178","sp|P29590|PML_HUMAN",20.6071092567954,19.839614361827,17.3361581227144,17.1868832719487,19.0745330186546,19.3193796543895,17.4020957646704,17.6657199994329,16.5650889058219,16.7650547492992,19.8869394477018,19.6250810208902,19.6155192263302,19.3274183945266,19.4112101258129,19.377934814678,19.6605177372253,19.8100539108116,18.8764408754299,18.8719537622233,18.2623692988232,18.2872873273844,19.1234581906456,18.9098209132357,20.6740196594438,20.7630474184977,17.6996529248846,17.5582101130341,16.9740693539556,16.7716110138106,20.4453747864537,20.196833667613
"2179","sp|P49756|RBM25_HUMAN",19.1562392361572,18.7560875118497,19.1581046084756,19.3305979045955,13.7117763533601,13.6663149318963,18.4587418977725,18.5147121292752,18.1551636990076,17.4582977981917,18.7477716942998,18.223304003927,19.6728290011148,19.4609920101283,20.9365445105763,20.7733279386564,21.5813006674633,21.473447077714,18.9883260615192,18.9536720346705,18.4075925096163,18.0887442959405,18.4797674889263,18.9682594037464,18.8698299139737,18.8251712852254,18.934880426815,18.6025724794256,14.201192380216,14.0386266673665,18.4633507566485,18.6863154709913
"2180","sp|P24588|AKAP5_HUMAN",17.0648687140813,13.1965272041703,20.9449984337869,21.0290437482652,14.7108580805687,13.155865769314,19.7867620191496,19.3891249720917,19.8409849688957,19.8985210329944,17.8736123400252,17.1351384740963,14.7012651983408,15.7407584005391,15.6417774981075,16.0914306406954,16.7006744905569,16.5565753973855,18.6093580922677,17.7815860281634,18.8928856848556,18.7228071883694,19.1438461819927,19.0703247398516,16.2589185667127,16.0957284359559,20.6664500477769,20.848916219348,15.9724357448527,14.1210048245921,16.0493308059252,15.9199857989802
"2181","sp|P28676|GRAN_HUMAN",18.9926491238736,19.0338296486267,20.5937514387725,20.4466575761381,18.2984951533607,18.234787519485,20.0164027487782,19.9006511408267,18.5282171725121,18.6443392387959,20.9892719537953,20.6553058147122,19.9493251627839,19.7986995506729,18.2112133121885,17.8888995924303,18.1166685590264,18.1876957887975,19.8355484483934,19.9261547237821,18.9551187838929,19.0270771262545,19.6117293448961,19.7720487908203,18.2570724894153,18.3659402935233,19.6380833359626,19.575895298066,16.9401776979583,17.4438061448412,19.4800588387871,19.1976844505403
"2182","sp|Q9UJD0|RIMS3_HUMAN",18.574712526663,18.511451090651,20.5126309998118,20.7373568379642,16.3711970529647,16.3824064394627,19.9443886495933,19.8707721057307,19.438746651326,19.3243625549829,19.0012808269487,18.1570292752533,17.3808903700616,18.5094429740274,16.8242828371174,17.7132652825647,18.1391562328307,18.3177148296699,18.9126252232866,18.9390313249676,18.9472021310094,19.0692873420675,18.160123921275,19.0609682446994,18.11616391013,18.054024523747,20.7171574939396,20.836476381035,17.8547667801288,18.087268650073,18.1635614977058,18.0356588215515
"2183","sp|O60762|DPM1_HUMAN",17.4120148907697,18.005554441638,18.1717671403468,18.1188611585275,15.8398723871676,15.9859922508107,17.951312281541,17.4900905781054,15.8552303010977,16.6772059093533,18.7594201570298,18.7588835119575,18.0478758715383,16.9393351558194,19.2464229412517,18.9717506545439,18.9709838588462,19.2572056300701,17.0154335313536,17.6275349324953,16.2444307819614,16.2529645539007,16.6535340033464,17.0946921294481,15.178834682097,15.9275916314105,17.3831006712412,17.3562478585567,15.9590421367035,15.7171935724675,17.3938484772787,17.3561522081137
"2184","sp|Q7L2E3|DHX30_HUMAN",16.1601012395083,16.3162842977931,20.2441217438152,20.1924650381937,15.0865554291142,13.8776646650964,19.6656738628106,19.4734500014174,18.7461700424927,18.7886225494362,19.3346484766528,19.1682686764462,19.4052763738918,19.2199134611423,19.8212236406116,19.4760741181336,19.6834387081748,20.0206995129706,19.1302787547393,19.1186905031155,18.9582654043403,18.8904070872246,19.3955618716555,19.1397885331532,18.2170273480626,18.3249132305578,19.3095783808149,19.5012358173972,17.1664166590974,17.6701490088116,18.6763816697891,18.764384375422
"2185","sp|P46736|BRCC3_HUMAN",17.5313795246352,17.9101728517953,19.501001141702,19.7544872345041,15.6204118219561,15.5143925915666,19.0623069900327,18.9996941334449,18.1483763080119,18.5322210392347,20.7320132223002,20.1373679675356,19.0795751223585,18.9285354456873,18.7177406669842,18.3672148088421,19.3078677306225,19.2547520014739,19.2412601397895,18.918754345226,18.2786211405666,18.2547206914375,18.4847773539193,18.9147712758742,17.6978996271614,18.8407217159489,19.0826223371026,19.3463836758198,17.3032196597712,17.4882200435887,18.9145643897763,19.0015451644723
"2186","sp|Q9NUU7|DD19A_HUMAN",19.06287790894,18.4117825985925,20.3453955621114,20.5875921710014,18.7443753857678,19.0020637519738,19.7585609289216,19.3757404954402,18.9456130160246,19.1597193719977,20.165013563311,19.658678447154,18.7906937312605,19.3968112192373,21.2176017569116,21.132865218202,21.9172599710313,22.0654592991999,19.5647646050808,19.6340786997796,19.1015740424362,19.1504286772376,19.9745986640244,20.0710867170085,20.0989803652364,20.1096728164497,20.1526462569445,20.2308434407423,18.4808093873957,18.5894425755965,20.7380913481363,20.8543122850569
"2187","sp|Q5JRX3|PREP_HUMAN",19.6080371180499,19.0101085857277,21.374514167062,21.515884955314,18.3825053425497,17.9440698562754,20.3260536540448,20.0884982619454,20.6864673787527,20.7959833309044,19.6631805929651,19.7802483599661,19.8535515749163,19.8048510215606,20.6598070681333,20.6012079971584,21.0872230284592,21.1092772566543,19.1510842052699,19.436891819774,18.8206555508167,19.12557486937,19.265640068971,19.0381031671285,18.1067973097686,18.2725411924018,20.3018685572738,20.261419435912,18.5909090898482,17.8526989249314,18.2146330234803,18.623496390311
"2188","sp|Q00796|DHSO_HUMAN",19.5882215971159,19.4158798554147,20.7908963117458,20.7445517470092,21.3129416680234,21.4285151577441,20.0091799062314,19.8465135470751,19.5207564194699,19.3517515964719,22.5900275874804,22.1903346244678,21.0515103006088,20.9092306972045,21.2488646762106,21.0573830902505,21.807187549054,21.8731195897199,20.4305740789435,20.3986740205253,19.9385489739853,20.0920701126109,20.547108594982,20.7292086655833,19.6151650831905,20.0124475953641,21.2312024320286,21.2172199181848,20.3408113596207,20.3753991765172,20.3736200221653,20.2906297255706
"2189","sp|Q7L014|DDX46_HUMAN",19.7523394280426,20.0541298117152,18.7687763912228,18.8233640972721,18.8085423907882,18.6255669285087,19.6486261339647,18.69416012481,17.836201707892,18.2083019816558,21.1997144711072,21.5643124802224,19.970813400011,19.7912000428041,21.7419011837944,21.4989794574771,22.0641157148722,22.0633118827689,19.0804029016139,19.3195508111174,18.2185407672168,18.0374962006133,18.4637442626189,18.5348954616684,21.4246035383573,21.452101057416,19.1105487793455,19.6357997061876,17.2137806452872,17.1005870847865,19.9702277839453,19.7214252313961
"2190","sp|Q8NCA5|FA98A_HUMAN",18.845535782219,19.0320346084282,20.6520723943804,20.6601217093251,19.4657021988884,19.0956120909955,19.6380785444086,19.4998656221919,18.3639658375656,18.4129055078171,22.6700258301581,22.2550773702634,20.6167411379549,20.636830314138,19.1501453249414,19.5918450866759,20.0236442167587,19.9345100716477,20.106663517687,20.2783829272878,18.389882908866,18.7702669939636,19.5783863910825,19.6291654600354,19.0005815831192,19.1816843372273,19.1060460976075,19.338524324719,18.437598071995,18.6948684460627,19.3201983766078,19.2663507102222
"2191","sp|Q8WU79|SMAP2_HUMAN",17.7536654306445,17.6166006365776,20.2349843347967,20.1167692031899,14.3571083207331,15.4223967775189,19.4105202635398,19.4610358087108,18.9481619677061,18.8987941060296,19.5763679160495,19.1902362082394,18.5916011596258,18.9630948294788,18.0374101441071,17.6267688308562,18.3228287021076,17.9832041281412,19.0005170489858,19.0034121134845,17.9651388650874,18.1094505687207,18.1275837085785,18.2175953693369,17.0424481032796,17.5687698187511,19.2702431174986,19.4149928988789,17.7231092144295,18.3424954277129,17.11376624603,17.1715612673061
"2192","sp|P51151|RAB9A_HUMAN",18.1801005676741,18.5862894939493,19.1382331475365,19.7680162756128,18.5822797414882,18.0942019011686,18.790662180467,18.6423887353325,17.9759268128701,18.1659675249264,20.115269134946,19.4948039382337,17.9884100018759,17.7092292927202,17.8180595739528,18.1350230588171,18.5637755790033,18.6518838973749,19.1906709069745,19.0373434037606,18.1322714845087,18.6534454828774,18.9077835981277,19.3694685182465,19.5864678782077,19.4620293553653,19.6647526117144,20.1346402037201,16.823385663003,17.2116554106223,18.8907027693243,19.173795148937
"2193","sp|P18754|RCC1_HUMAN",19.2707381662422,18.8978436463148,15.3211104437004,15.4127750722482,17.1221316425206,16.745871519196,15.4119110980093,15.5078342797069,15.6251099432617,15.3253683147572,18.6252185002401,18.7306833695871,19.8941864964561,19.4183313421727,20.495211104195,20.4868576302583,20.9562675558098,20.9764714404827,17.7187722206464,17.5020491949692,15.8894778689898,15.3668417590143,17.3041056773217,17.4907047826853,18.1734362757096,18.6457533710378,14.9121920698441,15.7780938044385,14.8458395166803,14.9487068478167,18.9101154007948,18.0902234828469
"2194","sp|Q96S59|RANB9_HUMAN",17.8895787455471,17.6150734594536,20.1649131917683,20.5810369832549,17.2094266251839,17.0998076002815,19.188879012388,19.1848918603802,19.1145458643848,18.939186268988,20.7755107249115,20.5049530840718,18.3877246864241,18.2262892356746,19.7881484323137,19.6970023798534,20.2822747646207,20.2927728538365,19.7441468989129,19.673193379893,19.0464246517636,19.0226760819191,18.8459481955827,18.8926063698286,19.038687288902,19.1559025115294,20.0790383374881,19.9933710911038,18.1587504107776,18.2963038377954,18.2310032184258,18.041666423802
"2195","sp|P16284|PECA1_HUMAN",22.3887146652223,22.1609107903293,18.0295531114606,18.809473050572,16.0672333232298,15.8692340858312,19.1447489488237,19.1103214252405,17.855756503891,17.811313075839,19.1566918934751,19.3792745738023,21.0979541855012,20.9625111443225,19.2758438689372,19.255321603167,19.7319215254175,19.6004263619398,18.9567899838519,18.8603697650687,17.9947386422438,18.2561789037889,18.7767341325744,18.5814775047372,19.0548801568869,19.2566465707531,18.4717721191922,18.5036714245756,17.6310482841944,17.7827798512077,18.1077376670969,17.7589271123389
"2196","sp|P32322|P5CR1_HUMAN",16.293085181487,16.0866434610683,12.912414192287,11.1156310138219,19.1657840961278,18.8031603082252,11.8182295584161,10.7429665085563,11.1184140840176,10.0250829083872,21.9158757687538,21.5722967812059,19.5153665595789,19.2305190383501,17.3372112670715,17.7498709472212,19.4181102058202,19.351497023485,17.1215336013165,17.0599853098118,14.726897831984,12.9965590444384,16.1833396151498,16.0829008963623,15.9734996534092,15.9231502923927,9.33567544214673,13.8726515411232,14.4148128280859,13.0212592561207,17.675133683781,17.423194661724
"2197","sp|P43652|AFAM_HUMAN",18.386110929162,17.790434348961,22.1628810352435,22.2039341185778,18.9905246165422,18.7620362201816,18.3062657198235,18.2146321508273,17.4765115562949,17.4199569808137,20.8979470381289,20.6050058281142,21.185848683196,20.8726408856168,18.656224770718,18.5877097565817,19.0756257550658,19.0359457351525,19.0700366602109,18.9935429654267,16.4924722102585,16.7692998183396,17.7291284569807,17.9031239729785,19.1600326218308,19.5325595975591,18.7946126734064,17.8915187076503,17.9144416457535,18.1884905060227,18.3070514359105,18.0681607328679
"2198","sp|P10301|RRAS_HUMAN",20.3723198462559,19.3630034646506,20.1753902425578,20.4899090299631,18.5201250812057,18.6679149625702,20.3486967101083,20.2525797883673,19.0219828359031,19.2925060362388,22.2552157838914,22.4143843919052,20.5446972674523,20.2694107201342,19.1681663757945,19.2294663614259,19.8535982923083,19.9663400956023,20.369068386159,20.3792365294838,18.7316562103148,18.734912838446,19.558332211471,19.341152451371,20.3088087379964,20.7344726787619,20.5857109245653,20.5794725203174,18.786808853548,18.3370743288044,19.9045509507669,19.7667457565871
"2199","sp|Q15493|RGN_HUMAN",18.2009089553155,19.9724509434926,20.7350884381709,20.6757602850182,19.3754919244277,19.5068001062461,18.4612288939587,17.6631282530397,20.0615373085312,20.1287168397681,18.2565046505412,18.1362150664294,18.5689064731932,18.4001665489383,17.9352041811628,17.5536420962182,17.5707879060081,17.8842925037402,17.2724378581255,16.4014566945772,18.8664861460469,19.1362422046223,19.3372403716291,19.4295981969805,18.0347059422154,18.9108066974367,21.4757778095682,21.4922920175796,18.5657596882606,18.6635112438018,18.2827580619995,18.5134441029947
"2200","sp|P29120|NEC1_HUMAN",10.3830194113188,14.5343691988149,18.6482325279214,18.5679889634297,19.1560505693997,17.420466300934,18.9645072486989,18.6311377610447,18.1351790643783,18.3549137076021,17.8802330949248,17.5870618026006,16.4679939621859,16.096718194891,13.7901053900984,10.4803472408665,15.3294717335046,14.0795290306852,19.4591655759973,19.3947020205521,17.6065647511183,17.6120376713199,18.2340470691441,18.1781219678343,15.2074435976805,15.0680220959741,18.9964486235124,18.9171659183751,17.7992213903273,17.568307173573,16.2985894959854,17.2735700057049
"2201","sp|Q14558|KPRA_HUMAN",16.5946861777989,20.9158882674529,19.8145342525527,20.2842657101696,16.1344047119225,16.1956418650456,20.1291490688301,20.1839595272006,19.4209776850962,19.4736636916036,19.2615071804228,18.9157329739958,19.0945220736955,18.7030835539729,18.9214904181363,18.9040986087229,19.6354934774815,19.4660120153393,20.1904596306031,20.1275136334004,19.1942333718651,19.0193742296773,19.5048633933935,19.3727135461424,16.283492181821,16.2262017553123,19.9972718534849,20.1236312394318,17.1284067393242,16.9754688122795,18.2388271540348,18.1860130093391
"2202","sp|Q9NUQ8|ABCF3_HUMAN",16.5020077489448,16.5334203078283,17.8497853069167,17.941059788316,15.8007803022463,16.0505469839557,18.0295752232905,18.094144289573,16.2923670477877,16.427604019849,19.0127649076799,18.6007163437446,17.9863295672514,17.7688181668521,18.7646724304032,18.6240865379304,19.1880398160031,19.0030496478625,17.3930288702101,17.134312692682,16.2399540269141,16.47840918014,16.5176364482917,16.4730991049043,16.739571878464,16.8523397225901,17.4956967847733,17.2651889459273,15.4317173164586,15.1110729386219,17.1269284208002,17.2524222029057
"2203","sp|Q15043|S39AE_HUMAN",14.2370608172851,12.9849875176993,18.6433923725984,18.8268750477673,16.6823879458786,16.1769233898055,17.2347808731509,18.3124591190865,15.9124019825976,16.2824823618784,19.56568948761,19.3968178818199,19.3812233422984,18.8504238577421,17.062609087185,17.6120852962083,18.6905903398824,18.7870255431344,19.1137454514868,18.9667410109605,17.5862414295654,17.9574039534825,17.5212855518907,18.3361438067769,19.1878481115303,19.3824170468751,18.7293655849286,18.6135956795814,17.2596321733298,17.0343842194728,19.3687522689259,19.5580300043306
"2204","sp|P63220|RS21_HUMAN",18.5355390469834,18.3665854509078,20.0346092506737,20.1447915427865,19.5119386267327,19.5117108593566,18.7237679534764,18.6456547288563,18.4727817436638,18.8726180784453,21.7355284967413,21.3519388887939,20.5235436175052,20.5769354755205,20.6624949379048,20.688018186137,21.3492135528394,21.2753913539397,19.6582022031075,19.2709324072023,19.455269432111,19.119272447265,20.2498192687708,19.9329089574722,20.5185235692156,20.3450592375527,19.7056063849044,19.8711909706744,20.900430479375,20.3115121023306,20.7581175569188,20.4318323743068
"2205","sp|O60828|PQBP1_HUMAN",17.0802318311158,15.5879367854866,16.4788844190152,17.3087677438557,14.8199930653072,15.8798914695113,16.6830340894226,16.3169125902921,15.9595079202181,15.5762902011418,17.5425890899546,18.3808410550621,15.0844122145723,14.810880597754,19.9724053077122,19.6952054557021,20.4631819563828,20.3989571707971,17.0862968529858,16.7718244943028,16.231771211729,16.0340234996676,15.3980048449205,15.7200094057064,18.647333772266,18.56912483535,15.8060896105687,16.4788935049297,14.8344991693258,14.3581310192713,17.9031565222294,17.6142718921297
"2206","sp|P42858|HD_HUMAN",18.4905986873625,15.1175156019637,20.3558603796997,20.4996753935455,14.4270079142403,16.1615415153691,19.977304522815,19.8889128576054,18.6567693679582,18.6680974463539,19.9288232628114,19.6956092103408,19.1618509250463,18.9078875310475,18.358667650273,18.3293440177717,18.0460564130942,18.3051770539833,19.9363516071039,19.9212169446073,19.0172272663898,19.1688174141524,19.0554786494773,19.233769200525,17.6832084381563,17.6913701106805,19.2634615754675,19.6680484298375,17.4961612267697,17.4748365112978,17.9683483631255,18.1241703552341
"2207","sp|Q96S19|CP013_HUMAN",14.7638962376389,14.4258882641393,19.2468693084316,19.4196895122158,14.7438185425792,14.7592100924212,18.6721843989082,18.6328637502833,17.9273604780449,17.8970226470607,18.9787041653422,19.0847287881934,17.5242120652058,17.5662404423895,17.2415412631868,17.195658733866,17.6697088846283,17.8875728708868,18.9495966782806,18.7437642669411,17.8817060410715,17.7966480141669,17.9729920512771,18.2734349354568,17.1054577340308,17.3945208783744,18.3318225354642,18.5882490981104,17.1495487799511,17.5526400206008,17.4188591302304,17.9306695814566
"2208","sp|Q14019|COTL1_HUMAN",20.5433055423018,19.6382488502558,19.0941520564766,19.1293925520946,19.7245821892669,19.4814505219508,18.792833522978,18.774670734343,16.7971050716805,17.8187107547675,21.5732221306729,22.4491028297846,19.361146022226,21.1519465824852,19.5931122185642,20.0415356138743,20.4031344371057,20.4229781173822,20.7699583084902,20.5371976748461,19.744672897595,19.6285407106623,20.3045899884598,20.3169150977319,19.6240426069262,19.9379554411116,18.9391414832078,19.2691784823721,19.9466496352883,19.6602102076729,19.981195930333,19.6252755577084
"2209","sp|Q9UBF1|MAGC2_HUMAN;sp|Q96LZ2|MAGBA_HUMAN;sp|P43366|MAGB1_HUMAN;sp|O15481|MAGB4_HUMAN",13.1210906352351,14.4748590286013,16.6988755833477,18.4181806078129,14.3915495428796,15.2977654134875,15.3769467076489,16.9706976232423,18.6321885990496,16.9343113295165,19.6798903180617,18.9341866248978,17.1758748249726,17.7705450974288,21.4029406584051,21.2006954262548,21.6566210978365,21.6062741418701,18.4837737132627,19.1506104742122,17.8708045102821,18.3580289620031,17.4293067182632,16.8295831381741,16.3873330578908,16.9265556006957,16.2646785385451,16.4601857682281,15.2213937929158,17.1538130027902,16.9945336917573,17.3213204879095
"2210","sp|P23469|PTPRE_HUMAN",17.3511400072395,20.0968568450209,19.1865126750862,19.0975748213935,16.3974423655163,16.1551474006232,19.0523171854035,19.0801737242625,18.1046495911666,18.4536138265578,19.8025234983372,19.0686388459886,17.8155565619297,18.3882440874053,15.7472756622334,15.7450316262271,16.4010321983413,15.8188423923126,19.7320223073418,19.9777411998605,19.3350147013727,18.8377824353567,19.1489441725068,19.2178624065115,17.0208585394356,16.8515506340291,19.0345566416752,19.0885407790257,17.7602766716074,18.92086064949,17.3789581146758,17.4003608445447
"2211","sp|Q9UDY2|ZO2_HUMAN",15.2572292380758,10.6375085468619,18.6267537415076,18.5874610487655,17.6470851523612,17.5648034307065,18.5879784596051,18.3096989750836,15.557512952949,15.6902457378737,19.126629931741,18.9436327552654,17.0269468219319,15.5251829308994,15.471111521688,14.7836391764038,15.554952259058,15.4988769220001,16.1846421245752,16.085738672187,15.5545044808675,16.2304979012464,17.1142883161721,17.9103468375691,16.2978564224948,16.555654485494,17.549860445193,17.1724958971297,14.9966878411027,15.1544286680404,16.9128927970477,16.9251996112462
"2212","sp|P35498|SCN1A_HUMAN;sp|Q9UQD0|SCN8A_HUMAN;sp|Q9NY46|SCN3A_HUMAN;sp|Q15858|SCN9A_HUMAN",13.9255315698235,12.2558971436483,22.3886062751246,22.6287378190299,6.24158576965705,11.5392150179161,21.5326632024253,21.5207726830742,20.6164385707774,20.7549222631329,20.0550039041835,19.6542778865091,17.6655884000363,17.683304815593,13.2600330453662,7.0962032065323,15.0911483514617,13.8754252499324,20.4155768082897,20.5546866391917,21.5619146663464,21.4951118840067,21.1822479374439,21.4892232271008,13.9669351250229,11.6625861760487,21.6504246568234,22.0305983085031,18.0320469859082,18.2570918168315,18.3752492117608,17.9568857225743
"2213","sp|Q5SYC1|CLVS2_HUMAN",16.2477250990889,16.2594007166268,21.6958159151782,21.5528325663886,16.9211148263946,16.8937550632338,20.9329455407673,21.0176610843245,20.2816133592992,20.3897185906773,20.4843808751566,20.2700307130493,17.5541841520553,16.9007899269621,17.9915032154993,17.459941780613,19.0094106893083,19.021917832419,20.4143603771318,20.5517106579381,20.0700968582933,20.0833822150947,19.6347242088642,19.717196993443,14.7320900457084,15.4855617040083,21.2269053018381,21.3278778245134,19.787941075859,19.962344949652,17.6158056486458,16.6582051427694
"2214","sp|Q9Y5X1|SNX9_HUMAN",18.5547806462052,18.0471209377456,19.5396497679637,19.2619256459449,17.8888220175119,17.879046034178,19.0072961646599,19.1983431784546,17.7565859077629,17.2866878619784,18.9073558766037,19.0117477425568,17.735621610706,17.6035701066859,18.6953897620758,18.720154969995,19.3524559779644,19.3150908414303,19.1588250109267,19.3256058497,17.9299869602016,17.9538788725588,18.7500055202759,18.8846046553725,19.4981775175039,19.8163425947117,19.1972495516054,19.4977478887077,17.3547990360641,17.3118448881311,20.3152975690955,20.3566835455936
"2215","sp|Q9BUP0|EFHD1_HUMAN",14.7176386294656,14.6423752975707,18.3222438158626,18.7024224671237,15.9058992426381,16.1027524040489,18.4794519808834,17.9039051659252,15.4231139908649,13.8154878814085,18.0882253477563,17.5936856466115,17.4908888508451,16.9664300425777,18.0303226313111,17.9015898223518,18.3473107163531,18.1075288577308,15.8216183214246,16.3643073538348,17.6711475806762,17.7769871599015,18.9359341832745,19.0298631227812,15.1256522215188,15.5981011425972,17.5950687193653,17.4131681785234,14.2354875808956,14.9257469966772,18.132935712999,18.0462486665768
"2216","sp|Q96MW1|CCD43_HUMAN",16.1050255587538,17.436745328884,19.2918421216309,19.4298921021157,17.0741795318591,17.0879281551088,18.2611576281418,18.3065653023845,18.4758155494252,18.0861967240239,20.2011566323842,19.9051829080925,17.3100963648767,18.6604753682713,19.9199403955077,19.9464956004575,20.563513893089,20.7278100757435,19.122109633716,19.615344392174,17.9300652194337,18.7945836537896,18.6411371315197,18.5159998750559,19.4776038176522,19.8524464373865,18.9250971679325,18.8553481893243,17.5152213280582,17.4069497734047,19.0885096620329,18.8065283824044
"2217","sp|Q9Y4F5|C170B_HUMAN",17.3269675287444,19.5775863477357,21.2674527285212,21.365864575794,18.6399737172117,18.863746158738,20.3620405979271,20.2292198255786,19.6261517760335,19.5868617599394,20.073000421128,17.6557206087197,15.9309297117139,16.2820200915521,16.5366446358756,16.2025051214518,17.0298763326237,16.8131219932491,20.3113925101697,20.2902203243525,19.4782297660614,19.4171717325153,19.4291547004666,19.8227399568779,18.3384615215075,18.0469458408274,20.3452846961887,20.4046177960173,19.648563038361,19.4185297158433,16.8570599896155,17.2092844803086
"2218","sp|Q5VIR6|VPS53_HUMAN",15.7406629850307,13.2176092137351,19.0580763314325,19.2200923452231,15.4141378438925,15.6107450162532,18.2025252227759,18.3617354111822,17.065296492437,17.7549435236981,19.4142406296709,20.0477015432308,17.6423659631383,17.2867871973171,18.0734739902943,17.7742662743974,18.5137667634933,18.5978138918298,19.6386456595111,18.8966462062746,17.9190515272893,17.6634827265466,18.3559905062044,18.456446148953,17.3296988293527,17.2759420735307,20.0571307408399,19.0250125472032,16.6963527792166,16.57645011988,18.03267387989,17.8026518095817
"2219","sp|Q53H82|LACB2_HUMAN",17.1800440885898,16.0933908883139,18.0883704412574,18.1629393298747,17.3059256228601,17.4471223110508,17.3328238899224,16.9596171054889,15.4236688371658,15.3374885305033,19.2458194061525,18.8843858788805,17.944995914452,17.535433436154,18.7542482095378,19.6270912295991,18.9202092461287,19.6937980176726,18.5938074577967,18.4033975461945,17.369032197933,17.2280290271883,18.5509340696074,18.6012925723649,19.265586485385,19.242011957609,18.2968494597244,18.2789949712366,15.2569308483806,15.6325706605082,19.8877159840321,18.3852105240085
"2220","sp|Q68CZ2|TENS3_HUMAN",17.052712173017,17.1680845444506,14.5901731671169,14.3053949826574,-16.6096404744368,-16.6096404744368,11.9551875826347,14.0066891411896,11.7182368684688,11.5827168121551,13.9723639459556,13.1628143049646,14.5138141254561,11.914745938702,17.7884903704957,17.7630698840455,18.4943406811258,18.4350583444209,14.4011452913044,13.610856937031,12.5349916795457,12.1063567128961,12.9843891996022,14.036879832972,-16.6096404744368,12.4402511001481,14.5913697674246,13.785448618242,13.5825535839219,12.2855077152588,13.4023939910025,13.1289994360605
"2221","sp|Q9UNA1|RHG26_HUMAN",16.5090324881494,16.793835008324,20.5989347648514,20.6813962888601,16.5146324124107,16.6532954396396,19.0335273773566,18.6836599558553,19.6134407800886,19.8305729939607,19.1886708262989,19.2943561038496,18.1332935070896,17.8609298734741,18.651992822493,18.1144049552628,18.8410310948143,18.6728645641287,18.0437199308851,17.8633631174815,19.1868561925484,19.3799637040988,18.9591580663713,19.2063614234264,17.6026326817495,18.148638669215,20.4015959571566,20.6825292614018,18.1821038112528,18.304989300118,17.4586878527169,17.5776106309422
"2222","sp|Q8N122|RPTOR_HUMAN",17.9916306126387,17.6389487449288,20.3182845309245,20.2452840664271,17.2514023469235,15.5998203590546,19.7162133282995,19.7496513981522,18.9324830187999,19.1432238495614,18.1737704161497,17.3868243617669,18.2946992439111,17.4879689976551,20.2173710744572,20.1652172130389,20.8722932016324,20.8638669620796,19.5883877031818,19.7304262414292,18.88492903581,18.9144556273782,19.2677544482778,19.2208269184458,15.6203692527673,16.0253897856897,19.8241279807395,20.0404118323334,16.3388788220074,16.5664422651515,19.3944563112936,18.7266062366235
"2223","sp|Q5T848|GP158_HUMAN",16.2191315382573,17.4234190384845,20.9799219454699,21.0633127120159,18.0778510796661,17.5840573213384,21.1253792646458,21.3483465679714,20.2544428403034,20.1480717902508,18.9723174287189,18.4210319572547,15.781194049988,16.153659685761,15.138863586986,11.0073368032336,15.8842823338982,14.381146110187,20.6843263545651,20.5734481978641,19.6561912534959,19.6867116673904,19.098807004591,19.1285811103405,19.442796671348,19.5978110974159,21.0690399881618,20.9804896555596,19.0767433592595,19.0842957130641,16.0522961335842,16.6471402820129
"2224","sp|Q9UD71|PPR1B_HUMAN",12.6343956557128,12.6258164127424,22.0744532190033,22.1269076100454,16.1811135408061,16.7019968340129,21.0113196407133,21.0972207599059,20.8707888533521,20.8471184598287,19.3987292254666,19.5255388872111,16.6182515511667,17.5204502862311,15.0572982910949,17.8815190946272,15.6354527572988,17.8701614421419,21.1266020889905,21.1369002626146,19.3667459814544,18.4148486795534,20.0332597246675,20.2555877310557,14.9979924551449,15.3678864922491,20.7193773267265,20.7081747115239,17.199997872915,17.6541255412219,16.3522524055115,15.780064362811
"2225","sp|Q96RT1|LAP2_HUMAN",17.3319167860268,17.2798507759829,18.4404602886441,18.2303898664418,20.3707165035425,20.4014205090524,18.3266836774923,18.0816107823918,16.5235301936906,16.5913988400322,20.464757943448,20.3562854825767,18.796286519209,18.8062396006823,20.2204900726184,19.968777514126,20.4835041288441,20.451089366219,18.2151263270381,18.1655203883404,16.7046701812283,16.8143892341653,17.4456182822211,17.6121016328975,18.8244122456154,18.7994075061874,18.364485475247,18.4104571249061,18.922612261868,17.3732949375096,18.7782565123711,18.6714034627509
"2226","sp|K1H1_HUMAN|;sp|Q92764|KRT35_HUMAN",16.1191139455512,17.3320962312545,14.6785655055306,15.0059712849939,13.2151288112169,15.7202203319176,15.4236253753023,15.1724662489097,14.5768105259921,14.3605820544494,17.7679651791775,17.2641114561996,21.3010549906453,22.5890729536806,15.5812698328031,17.3937577423315,16.3892281960687,17.4349950969891,16.5358042240629,16.5385312083197,15.9285489639639,18.0008762922396,14.6706629060786,18.4134054047941,14.4819568716738,13.6808584692643,15.1272240487033,15.6096471881468,16.1544925009662,13.251354213955,14.9685924621597,13.5323513127487
"2227","sp|Q96JH7|VCIP1_HUMAN",16.539312401961,16.7153907161168,19.9685444515045,20.0568027115419,15.9940099611828,16.5110858842792,19.5765131698148,19.4194025839827,18.8310852902536,19.0488101323948,20.1007704044097,19.9166561812947,18.2233987838139,18.1387736703542,18.55129521933,18.4284532581461,19.0461735528285,19.3131692668286,19.2165283054589,19.0075636420078,18.5641188936604,18.7862627663934,18.0775386408206,18.1195475889717,16.2800725789781,16.6336700945405,19.6290280443981,18.9685567550431,18.0689406659635,18.0296133388468,17.4356080303501,17.3880230360951
"2228","sp|Q2M389|WASH7_HUMAN",16.074363343278,16.2738643295266,18.4129877505655,18.5489225190552,16.9551546236688,17.2612947797576,17.9942062271602,17.9451965326943,16.2364712992624,16.4071681917443,18.3547190604969,18.625215585893,17.3640911137011,17.1035333930187,17.3873861869419,17.1780246920125,16.8644593294031,17.1832932241639,17.7494617778281,17.7338749417391,17.148527696252,17.038122889633,17.7820482580408,18.0558215255144,17.7768628248657,17.8476775148608,17.7074013729768,17.726156426696,15.5545450455777,15.8546269263462,18.0342112969894,17.9714277274237
"2229","sp|Q14166|TTL12_HUMAN",18.2711515830647,18.2037709955682,19.866035518042,19.9293887905001,18.6244844136661,18.5760034886356,20.4146978372458,20.1778480907516,19.2595281139146,19.3195423623826,21.8914499016007,21.6761529566981,17.9933155436606,17.979880277109,19.6668971879089,19.5098656967492,21.0499367646896,21.1464520439464,20.6990775280845,20.7842131137239,19.4850385548531,19.442403370128,19.8132482209396,19.812418164559,21.4588666970095,21.6823657871244,20.5837764768544,20.4173234878061,18.2715712132095,18.2175577262774,20.4909198339367,20.5743932757574
"2230","sp|O43639|NCK2_HUMAN",17.3226607070506,17.1943765821932,19.573700905754,19.3373234869354,16.2591929278962,16.9812150145285,19.7679985275028,19.7210825053794,19.0439995416565,19.1600204308953,19.4859771979562,19.8058325937203,18.9871399310212,18.4592149159302,18.0453772761591,17.8467575354727,18.0822316327401,17.866036932818,19.8167408204576,19.8327536505093,18.6191998842772,18.808322991519,19.1100622201738,19.2969865735492,16.882883143449,17.6828910247475,18.7698122049792,18.7292409555949,17.1303352118237,17.7393763263023,18.5177845981645,18.3437665840711
"2231","sp|P41226|UBA7_HUMAN",19.5519033165307,19.2996049319057,15.4711391536049,15.8019719194172,15.9186223577483,16.0455780302807,15.8970895616602,15.9464749552136,13.8355044180118,14.5182421337193,18.9558081578547,19.0067310780205,19.7735695438683,19.2853054904601,20.6110835547726,20.528311930694,21.0213616289528,21.147452870572,16.2828749644128,16.1952961695642,14.452485407617,14.4592086823593,14.3888978061329,15.2443661584613,17.5156882353638,17.5843878772922,14.4958745010157,15.0755031834808,14.4100969897442,15.1765013587938,19.0853871389734,18.9700870378796
"2232","sp|P20936|RASA1_HUMAN",15.9217224641263,16.7587755910943,20.1062425935103,20.2916258886247,18.1773825153105,18.383915426235,19.4792380461088,19.242494797429,18.5177161745547,18.639794641687,20.8229339702522,20.6003917571082,17.5921413664756,17.2784639880074,19.1248806676928,18.9664339507517,19.0946659217656,19.0140324484863,19.2937865416676,19.5914248134033,18.2618388324907,18.373890653043,19.5079962686499,19.4123488882647,18.7997415615713,18.9925453146494,18.5331702019324,18.640710319002,18.1155357708526,18.5087006363456,17.1347700494561,17.3015222074856
"2233","sp|Q9NZ56|FMN2_HUMAN",15.6815815428816,17.6934899154676,20.1737115931172,20.6197200029846,15.4469479423395,14.3998494851937,20.4864986071313,20.301233879084,19.714226519943,19.8416132998253,19.8766961111912,20.4182408135002,17.6125180760707,17.5234434060277,16.4034463080368,16.2303982959647,16.4549131156226,17.1120630543234,20.6778754067123,20.3742133800654,19.512535644864,19.4775480959526,19.4170360189173,19.6159400063881,17.2966980784527,18.1777653038098,20.4781867597736,20.3220455534308,18.8599382786125,18.6003660431549,17.0365030353926,17.747678079452
