"","0","1.000000e+00","1.000000e+00","1.000000e+00","2.000000e+00","2.000000e+00","2.000000e+00","pVal","BHpVal"
"1","sp|P60900|PSA6_HUMAN","1.074969e+06","1.203317e+06","1.145277e+06","3.015983e+05","3.212282e+05","3.776860e+05","0.000180397112940274","0.0351531364988953"
"2","sp|P01621|KV303_HUMAN;sp|P18135|KV312_HUMAN","1.333636e+07","8.414913e+06","6.401128e+06","7.888264e+07","7.709262e+07","8.834283e+07","0.000241586253267652","0.0351531364988953"
"3","sp|Q12913|PTPRJ_HUMAN","2.798330e+06","2.165004e+06","3.715450e+06","1.108514e+07","1.193100e+07","1.175107e+07","0.000327008259260385","0.0351531364988953"
"4","sp|P28827|PTPRM_HUMAN","1.973480e+05","8.240197e+04","2.080337e+04","1.396298e+06","1.682774e+06","1.476848e+06","0.000451713918290926","0.0351531364988953"
"5","Int_P06396ups|GELS_HUMAN_UPS","1.391621e+09","1.295897e+09","1.647066e+09","2.979131e+09","3.181600e+09","2.969242e+09","0.000495628585420242","0.0351531364988953"
"6","sp|P05546|HEP2_HUMAN","1.391621e+09","1.481025e+09","1.394449e+09","7.888264e+08","6.261226e+08","7.019163e+08","0.000560480946717334","0.0351531364988953"
"7","sp|P05452|TETN_HUMAN","1.642885e+08","1.884940e+08","2.495861e+08","6.057237e+08","5.159903e+08","5.707660e+08","0.000568968418585024","0.0351531364988953"
"8","sp|P01023|A2MG_HUMAN","4.561423e+10","3.601583e+10","5.143293e+10","9.689599e+10","1.091126e+11","1.070186e+11","0.000599478116401137","0.0351531364988953"
"9","sp|P22897|MRC1_HUMAN","1.855494e+07","1.977504e+07","2.970782e+07","6.631289e+07","7.801039e+07","7.806065e+07","0.00064679608907256","0.0351531364988953"
"10","sp|P00533|EGFR_HUMAN","6.539422e+05","5.441663e+05","4.416048e+05","1.753668e+06","1.809589e+06","1.725700e+06","0.000746045223529119","0.0351531364988953"
"11","sp|Q9BWP8|COL11_HUMAN","9.809454e+05","2.508756e+06","1.859703e+06","8.572487e+06","7.715607e+06","8.319309e+06","0.000797875829988922","0.0351531364988953"
"12","sp|P51884|LUM_HUMAN","2.213063e+09","1.859696e+09","2.031045e+09","4.691389e+09","4.619439e+09","4.616490e+09","0.000903712655413037","0.0351531364988953"
"13","sp|O00391|QSOX1_HUMAN","1.662213e+08","1.253822e+08","1.768323e+08","3.652157e+08","3.242785e+08","3.284003e+08","0.000989049930791072","0.0351531364988953"
"14","sp|P22692|IBP4_HUMAN","1.913478e+07","1.405290e+07","3.718530e+07","1.059027e+08","1.264482e+08","1.342979e+08","0.00099296372241153","0.0351531364988953"
"15","sp|P02746|C1QB_HUMAN","4.861008e+08","3.618412e+08","6.163868e+08","1.326258e+09","1.590800e+09","1.384947e+09","0.000996527747995475","0.0351531364988953"
"16","sp|Q96PD5|PGRP2_HUMAN","8.562332e+08","8.919807e+08","8.447531e+08","6.304673e+08","6.251029e+08","6.106357e+08","0.00103617186534005","0.0351531364988953"
"17","sp|P20774|MIME_HUMAN","9.953952e+06","5.509077e+06","1.162041e+07","3.068208e+07","3.538511e+07","2.895798e+07","0.00103931012257604","0.0351531364988953"
"18","sp|P27918|PROP_HUMAN","4.503439e+07","4.140137e+07","9.326640e+07","2.306105e+08","2.957257e+08","2.654482e+08","0.00133378404742703","0.0416674288888229"
"19","sp|P08603|CFAH_HUMAN;sp|Q02985|FHR3_HUMAN","1.014723e+10","9.172255e+09","1.020575e+10","1.375745e+10","1.397049e+10","1.290519e+10","0.00137683678067415","0.0416674288888229"
"20","sp|P01033|TIMP1_HUMAN","7.827865e+08","5.991418e+08","8.033238e+08","1.751848e+09","1.784551e+09","1.710200e+09","0.00187760204876912","0.0512788647930425"
"21","sp|Q13822|ENPP2_HUMAN","2.058439e+07","1.186503e+07","1.414658e+07","4.701287e+07","4.945757e+07","5.896517e+07","0.00190727509805455","0.0512788647930425"
"22","sp|Q7Z7M0|MEGF8_HUMAN","5.094561e+05","1.225981e+06","1.494857e+06","4.364357e+06","3.994443e+06","3.477033e+06","0.00196197395729902","0.0512788647930425"
"23","sp|P16930|FAAA_HUMAN","2.561510e+06","1.779339e+06","2.897120e+06","9.851747e+06","1.152310e+07","1.259043e+07","0.00316012402221153","0.0680466688691398"
"24","sp|P19827|ITIH1_HUMAN","3.034506e+09","2.869485e+09","3.021306e+09","1.989387e+09","2.100672e+09","1.741676e+09","0.00346747685200158","0.0680466688691398"
"25","sp|P41222|PTGDS_HUMAN","3.121482e+08","2.027994e+08","4.395545e+08","1.039232e+09","1.305272e+09","9.998898e+08","0.00355975975559456","0.0680466688691398"
"26","sp|P07998|RNAS1_HUMAN","3.653004e+07","1.943845e+07","4.749210e+07","1.454925e+08","1.978303e+08","1.731184e+08","0.00370744134545055","0.0680466688691398"
"27","sp|Q92520|FAM3C_HUMAN","3.738160e+06","2.027591e+06","4.341461e+06","1.187693e+07","1.014315e+07","8.929618e+06","0.00370893193624113","0.0680466688691398"
"28","sp|Q12805|FBLN3_HUMAN","4.000909e+08","3.180837e+08","4.910885e+08","1.108514e+09","9.718157e+08","1.259043e+09","0.00383655316356371","0.0680466688691398"
"29","sp|P19021|AMD_HUMAN","1.559586e+06","1.113937e+06","1.329978e+06","2.444251e+06","2.161725e+06","2.506072e+06","0.00383921269399227","0.0680466688691398"
"30","sp|P00746|CFAD_HUMAN","1.671877e+08","1.169673e+08","3.395180e+08","9.194727e+08","1.019744e+09","7.291956e+08","0.00391020536477956","0.0680466688691398"
"31","sp|P02747|C1QC_HUMAN","1.014723e+09","8.667360e+08","1.586438e+09","3.236465e+09","2.794098e+09","2.706942e+09","0.00394332997546874","0.0680466688691398"
"32","sp|P01714|LV301_HUMAN","1.555909e+07","1.329556e+07","1.586438e+07","1.464822e+08","1.233890e+08","1.489867e+08","0.00394558320360873","0.0680466688691398"
"33","sp|P08294|SODE_HUMAN;sp|Q8IY17|PLPL6_HUMAN","2.493320e+07","3.618412e+07","2.809107e+07","8.303957e+07","1.002408e+08","7.952953e+07","0.00396452233448716","0.0680466688691398"
"34","sp|P23142|FBLN1_HUMAN","3.073162e+08","2.793751e+08","2.930364e+08","7.660623e+08","6.822085e+08","7.984429e+08","0.00402362911574044","0.0680466688691398"
"35","sp|Q76M96|CCD80_HUMAN","1.778058e+06","1.738388e+06","1.312675e+06","4.674143e+05","6.669827e+04","5.550212e+05","0.00415293231663899","0.0682267452019263"
"36","sp|Q6EMK4|VASN_HUMAN","5.643794e+07","6.824494e+07","5.931460e+07","1.227283e+08","1.478628e+08","1.468883e+08","0.00461757064345989","0.0714465034198602"
"37","sp|P01876|IGHA1_HUMAN","4.116877e+09","2.406665e+09","3.476017e+09","2.771285e+10","2.141462e+10","2.560054e+10","0.00472072678025743","0.0714465034198602"
"38","sp|P02790|HEMO_HUMAN","5.411858e+10","4.510393e+10","5.345387e+10","3.127593e+10","3.110218e+10","2.434149e+10","0.00472168196513859","0.0714465034198602"
"39","sp|P24592|IBP6_HUMAN","1.352964e+07","1.102354e+07","2.617118e+07","9.283804e+07","1.172705e+08","8.592967e+07","0.00498833006624692","0.0717527373288608"
"40","sp|P06889|LV405_HUMAN","1.565573e+07","1.270652e+07","9.268381e+06","1.445027e+08","1.121718e+08","1.301011e+08","0.00499149477070336","0.0717527373288608"
"41","sp|P07942|LAMB1_HUMAN","5.976804e+06","5.592294e+06","1.242878e+07","2.939541e+07","4.211541e+07","3.745652e+07","0.00555908541833272","0.0779627833058857"
"42","sp|Q14393|GAS6_HUMAN","2.000570e+05","4.382450e+05","3.212358e+05","3.120171e+06","3.230772e+06","2.435148e+06","0.0058820268651057","0.0786403929381877"
"43","sp|P17813|EGLN_HUMAN","1.411786e+06","1.231676e+06","1.333571e+06","4.039801e+06","4.244350e+06","4.924300e+06","0.00592687260636191","0.0786403929381877"
"44","sp|P04216|THY1_HUMAN","1.788630e+06","2.299737e+06","2.514570e+06","4.056219e+06","4.612263e+06","5.223816e+06","0.00619376433410669","0.0786403929381877"
"45","sp|P01619|KV301_HUMAN","5.403682e+06","3.452262e+06","3.777428e+06","3.424516e+07","2.590149e+07","2.937766e+07","0.00619397412287795","0.0786403929381877"
"46","sp|Q99784|NOE1_HUMAN","6.119893e+06","4.097086e+06","6.390223e+06","1.989387e+07","2.620741e+07","2.140373e+07","0.00634604979394998","0.0786403929381877"
"47","sp|Q15113|PCOC1_HUMAN","4.445454e+07","5.520183e+07","5.527272e+07","9.897446e+07","8.433280e+07","1.049202e+08","0.00655372117543286","0.0786403929381877"
"48","sp|Q9UJJ9|GNPTG_HUMAN","5.381464e+06","6.245620e+06","5.919747e+06","1.138206e+07","1.366457e+07","1.363963e+07","0.00656476323657915","0.0786403929381877"
"49","sp|P49908|SEPP1_HUMAN","1.179012e+08","8.835658e+07","8.831509e+07","1.642976e+08","1.815144e+08","1.668232e+08","0.00681567441567578","0.0790342709133834"
"50","sp|Q13201|MMRN1_HUMAN","7.626002e+04","1.104554e+05","1.622552e+05","8.018127e+06","6.070671e+06","6.702252e+06","0.00692869435452355","0.0790342709133834"
"51","sp|P17900|SAP3_HUMAN","2.393645e+06","2.562617e+06","3.217701e+06","1.405437e+07","1.835539e+07","1.563311e+07","0.00700999620275226","0.0790342709133834"
"52","sp|Q9Y5Y7|LYVE1_HUMAN","2.657609e+07","2.709602e+07","3.425494e+07","1.158001e+08","8.963547e+07","1.143630e+08","0.00777562589160695","0.0859804786091153"
"53","sp|Q9UNN8|EPCR_HUMAN","1.053379e+07","8.583211e+06","1.990626e+07","3.216670e+07","4.078975e+07","3.273511e+07","0.00865711816932881","0.0875054592797514"
"54","sp|P01620|KV302_HUMAN;sp|P18135|KV312_HUMAN","8.668636e+07","9.340553e+07","8.791091e+07","4.364774e+08","3.660880e+08","4.773870e+08","0.00894510383813905","0.0875054592797514"
"55","sp|P01593|KV101_HUMAN","3.169802e+08","2.171047e+08","2.374605e+08","1.494514e+09","1.142113e+09","1.542327e+09","0.00903791568963785","0.0875054592797514"
"56","sp|Q9NY15|STAB1_HUMAN","1.350991e+06","5.244086e+05","1.268568e+06","3.189491e+06","2.321470e+06","2.807634e+06","0.00905551044229033","0.0875054592797514"
"57","sp|P01609|KV117_HUMAN","3.140810e+08","2.145803e+08","2.324081e+08","1.445027e+09","1.101323e+09","1.489867e+09","0.00909936558101205","0.0875054592797514"
"58","sp|P01597|KV105_HUMAN","3.121482e+08","2.137388e+08","2.324081e+08","1.425232e+09","1.091126e+09","1.479375e+09","0.00913605868078829","0.0875054592797514"
"59","sp|P01606|KV114_HUMAN","3.121482e+08","2.137388e+08","2.324081e+08","1.425232e+09","1.091126e+09","1.479375e+09","0.00913605868078829","0.0875054592797514"
"60","sp|P01599|KV107_HUMAN;sp|P01610|KV118_HUMAN","3.121482e+08","2.137388e+08","2.324081e+08","1.425232e+09","1.091126e+09","1.479375e+09","0.00913605868078829","0.0875054592797514"
"61","sp|P01608|KV116_HUMAN","3.131146e+08","2.137388e+08","2.324081e+08","1.425232e+09","1.091126e+09","1.489867e+09","0.00947341498210235","0.0875054592797514"
"62","sp|Q07954|LRP1_HUMAN","5.033074e+06","3.547903e+06","6.200821e+06","9.996420e+06","1.386851e+07","1.164615e+07","0.00975545630532414","0.0875054592797514"
"63","sp|P35916|VGFR3_HUMAN","1.357044e+05","4.693048e+05","1.791362e+05","1.584834e+06","1.645342e+06","2.298673e+06","0.00988298855976935","0.0875054592797514"
"64","sp|P05062|ALDOB_HUMAN","9.261005e+05","1.023515e+06","1.699097e+06","4.952380e+06","6.195794e+06","7.218790e+06","0.0100121591365909","0.0875054592797514"
"65","sp|P02774|VTDB_HUMAN","1.662213e+10","1.455780e+10","1.424763e+10","1.009539e+10","1.182903e+10","9.841517e+09","0.0101310349865788","0.0875054592797514"
"66","sp|P28300|LYOX_HUMAN","1.059625e+06","3.090337e+05","5.428698e+05","2.220417e+06","3.446970e+06","2.812646e+06","0.0101319963349929","0.0875054592797514"
"67","sp|P01034|CYTC_HUMAN","1.005059e+08","9.929597e+07","3.364866e+08","5.483185e+08","7.729657e+08","6.473578e+08","0.010358338236197","0.0875054592797514"
"68","sp|P01591|IGJ_HUMAN","2.155079e+08","8.170880e+07","1.495496e+08","1.039232e+09","9.718157e+08","1.374455e+09","0.010360745396142","0.0875054592797514"
"69","sp|Q9Y4L1|HYOU1_HUMAN;sp|Q9BXT5|TEX15_HUMAN","3.868871e+06","4.536192e+06","4.926268e+06","9.226849e+06","1.152310e+07","1.206583e+07","0.0105006551135702","0.0875054592797514"
"70","sp|Q9UHG2|PCSK1_HUMAN","1.376182e+04","1.135652e+03","2.906276e+03","2.223763e+05","1.484742e+05","1.913636e+05","0.0115604872616868","0.092684303865221"
"71","sp|P01767|HV306_HUMAN","2.821897e+07","3.416455e+07","3.566960e+07","5.819698e+07","5.088521e+07","6.526038e+07","0.0115732608730961","0.092684303865221"
"72","sp|P27487|DPP4_HUMAN","1.823132e+06","3.196554e+06","2.874693e+06","4.476177e+06","6.008051e+06","5.620558e+06","0.0117897858417406","0.092684303865221"
"73","sp|P35555|FBN1_HUMAN","2.138289e+06","2.337662e+06","4.036570e+06","7.566400e+06","7.098378e+06","6.884558e+06","0.011961477472905","0.092684303865221"
"74","sp|P39059|COFA1_HUMAN","4.163586e+06","3.500414e+06","1.290370e+06","7.161870e+06","1.080928e+07","9.746568e+06","0.0119810776923105","0.092684303865221"
"75","sp|B9A064|IGLL5_HUMAN;sp|P0CG04|LAC1_HUMAN;sp|P0CG06|LAC3_HUMAN;sp|P0CF74|LAC6_HUMAN","2.464328e+09","1.817621e+09","3.112248e+09","1.484617e+10","1.244087e+10","1.794136e+10","0.0121008556955354","0.092684303865221"
"76","sp|P0CG05|LAC2_HUMAN;sp|P0CG04|LAC1_HUMAN;sp|P0CG06|LAC3_HUMAN;sp|P0CF74|LAC6_HUMAN","4.049229e+09","2.869485e+09","4.860362e+09","2.226925e+10","1.978303e+10","2.811862e+10","0.0122666004395034","0.092684303865221"
"77","sp|O15031|PLXB2_HUMAN","4.209057e+04","2.414180e+05","3.710033e+04","1.095733e+06","1.090833e+06","1.609875e+06","0.0124116372132557","0.092684303865221"
"78","sp|Q9BYE9|CDHR2_HUMAN","4.523197e+05","1.411452e+05","1.069797e+05","4.540649e+06","3.455424e+06","5.273332e+06","0.0127035438117158","0.0934204123272447"
"79","sp|Q9NPY3|C1QR1_HUMAN","7.713420e+06","9.845448e+06","1.263088e+07","1.623181e+07","2.110869e+07","1.857088e+07","0.0128351523023519","0.0934204123272447"
"80","sp|P07333|CSF1R_HUMAN","6.262292e+07","5.469693e+07","8.215123e+07","2.078464e+08","2.998046e+08","2.664974e+08","0.0132035571456608","0.0938494354154931"
"81","sp|P24043|LAMA2_HUMAN","1.633221e+07","1.337971e+07","2.637327e+07","4.641902e+07","4.884572e+07","4.962727e+07","0.0132205291628782","0.0938494354154931"
"82","sp|P11362|FGFR1_HUMAN","6.599440e+06","5.332378e+06","7.297954e+06","1.207488e+07","1.448036e+07","1.091170e+07","0.0136436773254926","0.095672127587296"
"83","sp|P04206|KV307_HUMAN;sp|P18135|KV312_HUMAN;sp|P18136|KV313_HUMAN","7.248024e+07","8.583211e+07","7.649259e+07","3.939183e+08","2.957257e+08","4.081397e+08","0.013891293012445","0.0962348612307934"
"84","sp|O15394|NCAM2_HUMAN","9.664031e-06","5.591572e+04","3.577648e+04","4.114586e+05","5.519016e+05","3.559124e+05","0.0143690232211336","0.0983593851446642"
"85","sp|P09871|C1S_HUMAN","5.286225e+08","5.360299e+08","8.205018e+08","1.385642e+09","1.346062e+09","1.384947e+09","0.014940548240225","0.101068414566228"
"86","sp|Q99969|RARR2_HUMAN","7.265601e+06","4.197717e+06","9.883815e+06","2.009181e+07","2.284226e+07","1.500359e+07","0.0154193264749594","0.10237091746616"
"87","sp|P01598|KV106_HUMAN","7.266497e+06","3.539644e+06","2.423857e+06","6.037442e+07","3.844434e+07","5.487328e+07","0.0156312393958217","0.10237091746616"
"88","sp|P11047|LAMC1_HUMAN","5.468021e+06","5.083558e+06","1.020575e+07","1.999284e+07","1.978303e+07","1.972500e+07","0.0156963989486143","0.10237091746616"
"89","sp|P04217|A1BG_HUMAN","1.294980e+10","1.253822e+10","1.121622e+10","8.640470e+09","1.029941e+10","8.792315e+09","0.0158866308702746","0.10237091746616"
"90","sp|P41271|NBL1_HUMAN","4.353601e+06","1.374189e+06","3.911414e+06","1.227283e+07","1.927316e+07","1.426915e+07","0.0161488872328976","0.10237091746616"
"91","sp|P36955|PEDF_HUMAN","1.517253e+09","1.228577e+09","1.475286e+09","2.761387e+09","3.589498e+09","2.843338e+09","0.0162109659200964","0.10237091746616"
"92","sp|A0M8Q6|LAC7_HUMAN;sp|P0CG04|LAC1_HUMAN;sp|P0CG06|LAC3_HUMAN;sp|P0CF74|LAC6_HUMAN","2.966858e+09","1.952260e+09","3.182981e+09","1.435130e+10","1.284877e+10","1.888564e+10","0.0166227810939882","0.10237091746616"
"93","sp|Q16270|IBP7_HUMAN","3.710988e+07","2.448740e+07","4.880571e+07","8.878009e+07","1.366457e+08","1.248551e+08","0.01675180376266","0.10237091746616"
"94","sp|Q13444|ADA15_HUMAN","4.657367e+02","6.420091e+04","2.035015e+05","1.130270e+06","1.250296e+06","7.272454e+05","0.0169443360931786","0.10237091746616"
"95","sp|Q15063|POSTN_HUMAN","5.759763e+08","5.537013e+08","6.295229e+08","1.484617e+08","3.477326e+08","2.045944e+08","0.0171872759220104","0.10237091746616"
"96","sp|P01766|HV305_HUMAN","7.064407e+07","5.107852e+07","7.042977e+07","3.474003e+08","2.457582e+08","3.598764e+08","0.0172052271175113","0.10237091746616"
"97","sp|O94985|CSTN1_HUMAN","2.864459e+06","1.599000e+06","1.096522e+06","4.601544e+06","7.203145e+06","5.470664e+06","0.017492742205171","0.10237091746616"
"98","sp|P00738|HPT_HUMAN","1.710534e+10","2.541304e+10","1.626857e+10","2.533746e+09","7.852026e+09","2.990226e+09","0.0178282189078756","0.10237091746616"
"99","sp|P01781|HV320_HUMAN","2.242055e+07","2.448740e+07","2.081569e+07","1.167899e+08","8.127357e+07","9.400852e+07","0.0179138636067599","0.10237091746616"
"100","sp|P43652|AFAM_HUMAN","1.671877e+09","1.582004e+09","1.990626e+09","2.543644e+09","2.406595e+09","2.371197e+09","0.0184263313290399","0.10237091746616"
"101","sp|P22105|TENX_HUMAN","3.691660e+07","2.532889e+07","4.749210e+07","1.098616e+08","7.331957e+07","8.813299e+07","0.0186286342476495","0.10237091746616"
"102","sp|P21810|PGS1_HUMAN","5.135069e+05","4.861810e+05","4.389161e+05","8.991022e+05","1.041475e+06","1.207434e+06","0.0188309826802389","0.10237091746616"
"103","sp|O00533|NCHL1_HUMAN","1.179012e+07","8.168726e+06","1.424763e+07","2.414977e+07","2.080277e+07","3.011211e+07","0.018875513779957","0.10237091746616"
"104","sp|Q14126|DSG2_HUMAN","2.731707e+06","2.256942e+06","2.288059e+06","7.020979e+06","1.010653e+07","9.597295e+06","0.0189050329393446","0.10237091746616"
"105","sp|P01617|KV204_HUMAN","1.159684e+07","1.901770e+07","2.101778e+07","5.502980e+07","3.681275e+07","5.403392e+07","0.0189277548783111","0.10237091746616"
"106","sp|Q86VB7|C163A_HUMAN","8.127450e+07","7.194750e+07","1.404554e+08","3.770927e+08","5.588195e+08","6.032913e+08","0.0192410206622107","0.10237091746616"
"107","sp|P12821|ACE_HUMAN","1.021969e+06","2.217863e+05","7.419837e+05","2.216990e+06","1.534588e+06","2.481963e+06","0.0193127016093336","0.10237091746616"
"108","sp|P01613|KV121_HUMAN","2.058439e+07","1.245407e+07","2.536280e+07","1.801335e+08","1.131916e+08","1.437407e+08","0.0195631412025271","0.10237091746616"
"109","sp|P01877|IGHA2_HUMAN","7.721561e+08","3.349135e+08","8.184808e+08","3.662055e+09","2.233239e+09","3.116131e+09","0.0195722465310639","0.10237091746616"
"110","sp|Q9NS71|GKN1_HUMAN","3.601096e+05","2.694069e+05","1.494718e+05","2.121009e+06","2.786481e+06","1.753691e+06","0.0195840016022219","0.10237091746616"
"111","sp|Q9UBG0|MRC2_HUMAN","1.462741e+06","3.579594e+05","9.640505e+05","2.367344e+06","3.984546e+06","3.366068e+06","0.019807856211188","0.102608264157055"
"112","sp|P20023|CR2_HUMAN","2.569035e+05","9.961454e+04","2.661774e+05","1.330882e+06","1.584805e+06","9.546648e+05","0.0204222329806855","0.104846285391912"
"113","sp|P01009|A1AT_HUMAN","8.842589e+10","6.201791e+10","5.426225e+10","2.177438e+09","8.810586e+09","1.290519e+10","0.0208325388017326","0.106006281513241"
"114","sp|P10643|CO7_HUMAN","3.749644e+09","3.323891e+09","3.405285e+09","1.375745e+10","1.172705e+10","9.453312e+09","0.0214892736988144","0.107608000880443"
"115","sp|GELS_HUMAN|","2.783241e+07","2.802166e+07","1.748113e+07","1.167899e+08","9.034929e+07","7.564748e+07","0.0215448049055256","0.107608000880443"
"116","sp|P80748|LV302_HUMAN","9.567391e+07","9.929597e+07","6.184078e+07","6.077032e+08","5.720762e+08","8.655919e+08","0.0217422734499969","0.107608000880443"
"117","sp|Q96S96|PEBP4_HUMAN","2.676142e+06","7.876191e+04","1.293402e+07","2.286310e+07","4.303318e+07","3.242035e+07","0.022130278831917","0.107608000880443"
"118","sp|Q13790|APOF_HUMAN","1.130692e+08","9.761299e+07","1.394449e+08","3.790722e+07","3.722065e+07","4.238777e+07","0.0223316754789598","0.107608000880443"
"119","sp|Q92954|PRG4_HUMAN","1.352964e+08","9.508851e+07","1.546019e+08","3.731337e+08","2.467780e+08","3.116131e+08","0.0223763835007907","0.107608000880443"
"120","sp|P04434|KV310_HUMAN","4.715226e+06","1.237289e+06","1.519154e+06","1.474719e+07","9.532438e+06","1.731184e+07","0.022457321922875","0.107608000880443"
"121","sp|P20062|TCO2_HUMAN","7.411446e+04","7.452226e+05","5.210084e+05","1.323536e+06","1.135934e+06","1.699507e+06","0.0229610737281125","0.10911254044351"
"122","sp|Q13332|PTPRS_HUMAN","2.318071e+06","1.382894e+06","2.602744e+06","7.303980e+06","5.930702e+06","4.604081e+06","0.0233464960819021","0.110034715140112"
"123","sp|P01743|HV102_HUMAN","2.242055e+07","1.018204e+07","1.626857e+07","1.098616e+08","6.607939e+07","1.016677e+08","0.0236225352193975","0.110430550822387"
"124","sp|P33151|CADH5_HUMAN","2.696265e+07","2.330931e+07","2.263453e+07","5.522775e+07","6.638531e+07","8.026397e+07","0.0240454666139055","0.110595330655738"
"125","sp|P12830|CADH1_HUMAN","1.294980e+07","1.043449e+07","1.758218e+07","2.563438e+07","2.376003e+07","2.570546e+07","0.0242544122061651","0.110595330655738"
"126","sp|Q16627|CCL14_HUMAN","2.825438e+06","4.159476e+06","7.643421e+06","1.702361e+07","2.753308e+07","1.857088e+07","0.024497405065847","0.110595330655738"
"127","sp|O14786|NRP1_HUMAN","8.832178e+06","8.275731e+06","8.670334e+06","2.504054e+07","3.558906e+07","3.745652e+07","0.0245894389106533","0.110595330655738"
"128","sp|P01624|KV306_HUMAN","7.660274e+05","1.052647e+06","1.969818e+06","5.534102e+06","3.509982e+06","6.069155e+06","0.0246939543003929","0.110595330655738"
"129","sp|P34096|RNAS4_HUMAN","9.375011e+06","3.644397e+06","8.659135e+06","2.523849e+07","1.519418e+07","2.234801e+07","0.0248118220079829","0.110595330655738"
"130","sp|P30530|UFO_HUMAN","1.222020e+06","2.033794e+05","6.016737e+05","4.904768e+06","6.523334e+06","8.700410e+06","0.0251248297378159","0.11112905460957"
"131","sp|P02748|CO9_HUMAN","3.720652e+09","3.037783e+09","3.435599e+09","1.989387e+09","2.528964e+09","2.675466e+09","0.0255328670833226","0.111997599488591"
"132","sp|P01612|KV120_HUMAN","3.440335e+06","4.518522e+06","7.585349e+04","2.761387e+07","3.252982e+07","4.731902e+07","0.0257107532739026","0.111997599488591"
"133","sp|P01834|IGKC_HUMAN","3.053834e+09","2.499229e+09","3.526541e+09","2.157643e+10","1.580603e+10","2.643990e+10","0.0262939396166317","0.113676806613257"
"134","sp|Q9BQE3|TBA1C_HUMAN","2.856188e+05","1.840408e+05","3.294771e+05","2.840331e+04","1.141062e+05","7.552197e+04","0.0267491902350856","0.114781973023688"
"135","sp|Q12866|MERTK_HUMAN","9.175908e+05","1.174433e+06","2.280903e+06","5.704446e+06","9.979309e+06","9.492315e+06","0.0273110777237505","0.116324960675234"
"136","sp|P00739|HPTR_HUMAN","3.846285e+07","5.082607e+07","6.083030e+07","1.256976e+07","1.774354e+07","1.762660e+07","0.0276966387851469","0.116647886155297"
"137","sp|P49788|TIG1_HUMAN","6.696065e+05","4.309955e+05","1.850274e+06","3.038775e+06","3.442625e+06","2.273471e+06","0.0279140499188972","0.116647886155297"
"138","sp|Q14118|DAG1_HUMAN","1.014723e+07","9.172255e+06","2.020940e+07","2.979131e+07","3.314167e+07","2.948258e+07","0.0279954926772712","0.116647886155297"
"139","sp|P07359|GP1BA_HUMAN","3.276056e+06","2.416335e+06","6.553876e+06","7.763309e+06","1.101323e+07","9.960974e+06","0.0285301391480903","0.118020359785265"
"140","sp|P03973|SLPI_HUMAN","8.497647e+06","3.893459e+06","7.373244e+06","2.375387e+07","1.407246e+07","2.077420e+07","0.0287450651823906","0.118060089141962"
"141","sp|P14207|FOLR2_HUMAN","2.267233e+06","1.798672e+06","1.710801e+06","1.177796e+07","7.955100e+06","1.342979e+07","0.0289527284776981","0.118069637409053"
"142","sp|P02461|CO3A1_HUMAN","1.256324e+08","1.396876e+08","1.081203e+08","1.840925e+08","2.539162e+08","2.518085e+08","0.0307725023107537","0.124606963582277"
"143","sp|P22352|GPX3_HUMAN","1.836166e+08","1.615663e+08","2.020940e+08","5.027902e+08","5.017139e+08","7.249988e+08","0.0311013375413848","0.124717346676734"
"144","sp|P43121|MUC18_HUMAN","7.929985e+06","9.003957e+06","1.006295e+07","1.840925e+07","2.824690e+07","2.570546e+07","0.0314896701008764","0.124717346676734"
"145","sp|Q9UBP4|DKK3_HUMAN","3.198794e+07","2.330931e+07","1.677380e+07","5.562364e+07","3.803644e+07","4.480094e+07","0.0316425573493966","0.124717346676734"
"146","sp|Q16610|ECM1_HUMAN","2.126087e+08","2.962049e+08","2.465547e+08","4.374671e+08","3.293772e+08","3.840080e+08","0.031667361069223","0.124717346676734"
"147","sp|P06331|HV209_HUMAN;sp|P01825|HV207_HUMAN","5.344209e+07","2.532889e+07","4.446069e+07","3.434414e+08","2.202646e+08","4.018445e+08","0.0319133529530533","0.12483114250344"
"148","sp|P28799|GRN_HUMAN","1.878936e+06","4.586347e+05","1.228913e+06","3.460683e+06","2.222364e+06","3.452922e+06","0.0330871458437512","0.128548032838898"
"149","sp|P27169|PON1_HUMAN","7.199703e+08","5.949343e+08","5.325178e+08","4.067850e+08","3.711867e+08","3.325971e+08","0.0335408884095221","0.129436314332048"
"150","sp|P00736|C1R_HUMAN","1.961798e+09","1.144428e+09","1.889579e+09","2.899952e+09","2.539162e+09","2.906290e+09","0.0338438028713483","0.129734577673502"
"151","sp|CO5_HUMAN|;Int_P01031ups|CO5_HUMAN_UPS","3.063498e+08","2.987294e+08","3.172876e+08","2.810875e+08","2.610544e+08","2.434149e+08","0.0344662615810283","0.130664528773791"
"152","sp|P11226|MBL2_HUMAN","8.523877e+06","1.161258e+07","9.539613e+06","3.662055e+07","5.955303e+07","6.400134e+07","0.0347052179993266","0.130664528773791"
"153","sp|P12955|PEPD_HUMAN","7.032436e+06","6.194222e+06","7.565398e+06","2.088361e+07","1.407246e+07","2.150865e+07","0.0347681267867652","0.130664528773791"
"154","sp|P40189|IL6RB_HUMAN","1.264340e+05","8.414913e-06","1.849701e+02","1.425660e+06","8.664676e+05","7.798357e+05","0.0352977505097062","0.131793548981046"
"155","sp|Q07075|AMPE_HUMAN","9.157285e+04","6.920337e+04","1.028938e+05","5.415463e+05","6.116875e+05","3.392533e+05","0.0358697101404649","0.132277627040244"
"156","sp|P01768|HV307_HUMAN","2.084281e+06","7.628813e+05","1.292486e+06","3.295849e+07","2.090475e+07","4.144349e+07","0.0358874953361359","0.132277627040244"
"157","sp|Q6UWP8|SBSN_HUMAN","9.806293e+04","3.064377e+05","1.238127e+06","1.604850e+06","2.361643e+06","1.863235e+06","0.0364079862870553","0.133341351051317"
"158","sp|P02743|SAMP_HUMAN","4.503439e+08","3.778296e+08","3.597274e+08","2.573336e+08","2.549359e+08","2.581038e+08","0.037229560284852","0.134799030990639"
"159","sp|Q9Y6R7|FCGBP_HUMAN","3.817292e+08","3.525848e+08","4.021671e+08","9.996420e+08","1.050336e+09","6.987687e+08","0.037274862482629","0.134799030990639"
"160","sp|P07358|CO8B_HUMAN","1.034051e+09","9.424702e+08","8.013029e+08","6.116621e+08","7.403339e+08","6.295214e+08","0.0383566234727973","0.137844115605365"
"161","sp|Q12860|CNTN1_HUMAN","4.950592e+06","3.033706e+06","1.865228e+06","6.966527e+06","5.491110e+06","8.159465e+06","0.0399972898781859","0.142847463850664"
"162","sp|B2MG_HUMAN|","9.422431e+08","4.098063e+08","5.355492e+08","2.088361e+09","3.660880e+09","2.339721e+09","0.0404791692279697","0.143676063617794"
"163","sp|O95445|APOM_HUMAN","3.363083e+08","1.985919e+08","2.758584e+08","1.286668e+08","8.535255e+07","9.379868e+07","0.0409959443820388","0.144617595212713"
"164","sp|P05019|IGF1_HUMAN","3.001747e+06","3.118238e+06","5.996416e+06","6.684891e+06","1.131916e+07","9.574059e+06","0.0414658442361988","0.144849813024138"
"165","sp|Q6UY14|ATL4_HUMAN","1.537899e+06","3.899621e+05","1.355450e+06","3.577360e+06","7.250811e+06","5.898957e+06","0.0416469892413912","0.144849813024138"
"166","sp|P07585|PGS2_HUMAN","2.992245e+06","5.445579e+06","4.610976e+06","1.158001e+07","1.651985e+07","9.787757e+06","0.0418175112382729","0.144849813024138"
"167","sp|O95428|PPN_HUMAN","1.480205e+05","7.280809e+04","1.789526e+05","6.963783e+05","3.730776e+05","4.986799e+05","0.0423603410795699","0.145851473776962"
"168","sp|P23083|HV103_HUMAN","2.493320e+07","2.288856e+07","3.950938e+07","1.177796e+08","9.453024e+07","1.710200e+08","0.0427647359750817","0.146367399914714"
"169","sp|P02452|CO1A1_HUMAN","4.368142e+08","3.854030e+08","3.859996e+08","7.185546e+08","5.567801e+08","5.707660e+08","0.0433228526409713","0.147204461053389"
"170","sp|P16070|CD44_HUMAN","2.715593e+07","1.800791e+07","1.576333e+07","4.394466e+07","3.640485e+07","2.927274e+07","0.0435213189201324","0.147204461053389"
"171","sp|P08174|DAF_HUMAN","1.520132e+05","9.090767e+04","3.228449e+05","5.502515e+05","1.147164e+06","8.996531e+05","0.0446938734589958","0.150286416601886"
"172","sp|P00734|THRB_HUMAN","7.277016e+09","7.102186e+09","6.891407e+09","4.335081e+09","5.965501e+09","4.826330e+09","0.0452029176728353","0.150831468869048"
"173","sp|P01701|LV103_HUMAN;sp|P06888|LV109_HUMAN;sp|P01702|LV104_HUMAN","3.807628e+07","1.868111e+07","1.677380e+07","2.692105e+08","1.743762e+08","1.384947e+08","0.0453805984597309","0.150831468869048"
"174","sp|P55058|PLTP_HUMAN","4.145870e+08","2.852655e+08","4.183347e+08","4.730979e+08","6.444780e+08","5.697168e+08","0.0463977392479592","0.153325862457336"
"175","sp|P08571|CD14_HUMAN","5.518162e+08","4.358925e+08","6.901511e+08","7.977341e+08","8.443478e+08","1.112154e+09","0.0469852788215819","0.153705183750008"
"176","sp|O75882|ATRN_HUMAN","2.087431e+08","1.674568e+08","2.142197e+08","3.107798e+08","3.783249e+08","2.664974e+08","0.0470471518956547","0.153705183750008"
"177","sp|Q14515|SPRL1_HUMAN","4.986640e+07","3.147177e+07","3.587169e+07","6.284878e+07","9.136904e+07","6.400134e+07","0.0475489246709127","0.153931098280629"
"178","sp|P98095|FBLN2_HUMAN","2.122370e+06","2.437146e+06","5.390587e+06","6.126845e+06","1.152310e+07","9.203618e+06","0.0476517139025251","0.153931098280629"
"179","sp|P02652|APOA2_HUMAN","9.480415e+09","7.287314e+09","7.608840e+09","6.383852e+09","5.853329e+09","4.333205e+09","0.0479485001360871","0.154024511610336"
"180","sp|P04196|HRG_HUMAN","4.068557e+09","4.283191e+09","3.253714e+09","2.474361e+09","3.222390e+09","2.465625e+09","0.0486398006706148","0.154724528185074"
"181","sp|Q9BQ51|PD1L2_HUMAN","2.202851e+05","5.769150e+04","6.418871e+05","1.595176e+06","7.310966e+05","1.390586e+06","0.0487045906113014","0.154724528185074"
"182","sp|O15204|ADEC1_HUMAN","1.956647e+05","4.188940e+05","4.034660e+05","1.555062e+06","1.570907e+06","8.194101e+05","0.0495106640548644","0.155709702557438"
"183","sp|P35858|ALS_HUMAN","2.126087e+08","2.423495e+08","3.496227e+08","8.689957e+07","1.203298e+08","9.505773e+07","0.0497043011736413","0.155709702557438"
"184","sp|P13671|CO6_HUMAN","8.398043e+08","7.977337e+08","6.760046e+08","6.274981e+08","6.179647e+08","5.424376e+08","0.0498271048183801","0.155709702557438"
"185","sp|P02649|APOE_HUMAN","4.329486e+09","2.011164e+09","2.708060e+09","5.225851e+09","6.118462e+09","5.067647e+09","0.051619629711026","0.160439389642378"
"186","sp|P39060|COIA1_HUMAN","1.613893e+07","1.716642e+07","2.657537e+07","2.771285e+07","4.027988e+07","3.263019e+07","0.0519195902616844","0.160504109679938"
"187","sp|P14625|ENPL_HUMAN","1.609892e+06","9.393106e+05","7.292746e+05","3.446035e+06","6.379169e+06","7.393721e+06","0.0530703325050395","0.162698597524278"
"188","sp|O75339|CILP1_HUMAN","2.879881e+07","9.508851e+06","1.444972e+07","3.474003e+07","3.334562e+07","4.459110e+07","0.0532837237645757","0.162698597524278"
"189","sp|Q13740|CD166_HUMAN","2.013703e+06","1.463117e+06","1.367062e+06","4.488991e+06","7.776803e+06","4.889057e+06","0.0534783216210236","0.162698597524278"
"190","sp|P04746|AMYP_HUMAN","2.199604e+04","1.534913e+04","3.862280e+04","3.559448e+05","6.161769e+05","3.003448e+05","0.0540523484576719","0.163579475595586"
"191","sp|P16035|TIMP2_HUMAN","4.322808e+06","1.584652e+05","1.525114e+06","7.431137e+06","6.526158e+06","4.587717e+06","0.0554351225416075","0.166885840112169"
"192","sp|Q9UBR2|CATZ_HUMAN","3.239881e+06","1.694549e+06","2.121523e+06","8.448082e+06","1.335864e+07","1.815120e+07","0.0559850782086216","0.167663645676861"
"193","sp|P01769|HV308_HUMAN","2.690269e+06","9.372824e+05","1.753755e+06","2.276413e+07","3.059231e+07","5.036171e+07","0.0568907786791059","0.169493252541378"
"194","sp|Q86UD1|OAF_HUMAN","9.620905e+06","1.733472e+07","1.505601e+07","2.108156e+07","2.569754e+07","1.920040e+07","0.0575320430702451","0.170160531158848"
"195","sp|P04066|FUCO_HUMAN","2.681230e+05","2.030856e+05","2.396681e+05","2.182141e+06","9.766773e+05","1.675135e+06","0.0585898999531697","0.170160531158848"
"196","sp|P0C0L5|CO4B_HUMAN","2.126087e+09","2.246782e+09","3.071829e+09","1.227283e+09","1.499023e+09","1.552819e+09","0.0586202324080592","0.170160531158848"
"197","sp|IGF2_HUMAN|;sp|Q99996|AKAP9_HUMAN;sp|P30533|AMRP_HUMAN","3.218122e+07","2.406665e+07","2.990992e+07","5.611852e+07","4.007593e+07","4.165333e+07","0.0591232463521872","0.170160531158848"
"198","sp|Q6FHJ7|SFRP4_HUMAN","4.371186e+06","2.694347e+06","3.846428e+05","4.601920e+06","8.052537e+06","6.889361e+06","0.0596570607467106","0.170160531158848"
"199","sp|P48637|GSHB_HUMAN","1.102001e+05","3.808948e+05","7.684631e+05","7.489277e+05","1.243754e+06","1.368729e+06","0.0597003991740438","0.170160531158848"
"200","sp|Q08380|LG3BP_HUMAN","1.749190e+08","1.060279e+08","2.586804e+08","3.315644e+08","3.620090e+08","2.937766e+08","0.059851497712075","0.170160531158848"
"201","sp|Q03167|TGBR3_HUMAN","1.954748e+06","1.271135e+06","1.595526e+06","6.841827e+06","1.131916e+07","1.542327e+07","0.0599084320819113","0.170160531158848"
"202","sp|Q01995|TAGL_HUMAN","5.264389e+05","1.650444e+05","2.125876e+05","2.779454e+06","6.839974e+06","6.703203e+06","0.0600302823759357","0.170160531158848"
"203","sp|CATD_HUMAN|","1.024387e+07","1.946643e+06","1.733446e+06","1.365848e+07","1.641787e+07","1.259043e+07","0.0600740657830367","0.170160531158848"
"204","sp|P54108|CRIS3_HUMAN","1.169348e+07","3.002294e+06","6.739586e+06","3.018721e+07","1.968105e+07","1.521343e+07","0.0610283240897344","0.170976866251054"
"205","sp|P03952|KLKB1_HUMAN;sp|P20718|GRAH_HUMAN","6.436245e+08","7.968922e+08","9.973341e+08","4.414261e+08","4.048382e+08","5.235519e+08","0.0610930052595666","0.170976866251054"
"206","sp|O43866|CD5L_HUMAN","1.227332e+08","1.102354e+08","9.316535e+07","5.087287e+08","1.172705e+09","1.143630e+09","0.0612543207786386","0.170976866251054"
"207","sp|P18428|LBP_HUMAN","4.078221e+08","3.113518e+08","2.970782e+08","1.494514e+08","2.651334e+08","2.287261e+08","0.0633013987497741","0.175837218749372"
"208","sp|P15151|PVR_HUMAN","1.372292e+07","1.060279e+07","8.361860e+06","1.445027e+07","2.151659e+07","2.371197e+07","0.0638732453392126","0.176572673413689"
"209","sp|Q92859|NEO1_HUMAN","6.198392e+06","3.420565e+06","6.556838e+06","9.701328e+06","6.986968e+06","9.605411e+06","0.0651845460766989","0.178774562763966"
"210","sp|Q16663|CCL15_HUMAN","1.123954e+04","1.718043e+02","1.164492e+04","6.792651e+05","1.521093e+06","1.929772e+06","0.065291579444231","0.178774562763966"
"211","sp|Q8WUJ3|CEMIP_HUMAN","2.484540e+05","4.089566e+05","5.013892e+05","7.315103e+05","1.444793e+06","1.048933e+06","0.0656903828046281","0.178922802569461"
"212","sp|P54289|CA2D1_HUMAN","1.670997e+05","1.096389e+05","2.605508e+05","8.280635e+05","1.352572e+06","6.343701e+05","0.0659680593821317","0.178922802569461"
"213","sp|P01860|IGHG3_HUMAN","1.014723e+09","1.203333e+09","9.761142e+08","7.155853e+09","3.701670e+09","4.196809e+09","0.0664177537119647","0.179296752978309"
"214","sp|Q9BXR6|FHR5_HUMAN","8.642845e+06","7.881300e+06","9.061986e+06","1.872727e+06","6.364553e+06","1.859946e+06","0.0682546067791568","0.183394387373903"
"215","sp|P30101|PDIA3_HUMAN","4.179766e+05","5.301117e+05","9.544304e+05","3.084857e+04","5.712949e+04","2.688134e+05","0.0694463264172969","0.185208398837824"
"216","sp|Q8N2S1|LTBP4_HUMAN","6.070605e+05","1.006939e+06","1.517630e+06","3.323917e+06","3.287944e+06","1.665984e+06","0.0695739376503827","0.185208398837824"
"217","sp|P01700|LV102_HUMAN;sp|P04208|LV106_HUMAN","2.290375e+07","1.615663e+07","2.900049e+07","1.484617e+08","1.274680e+08","2.717434e+08","0.0699545744782876","0.185363503801914"
"218","sp|P08253|MMP2_HUMAN","1.381957e+08","1.859696e+08","2.586804e+08","2.464464e+08","3.293772e+08","3.504336e+08","0.0732500420755015","0.191876387887239"
"219","sp|Q9NZK5|CECR1_HUMAN","9.991299e+05","3.067875e+05","6.528089e+05","4.304330e+06","7.921079e+06","3.540818e+06","0.0734025585573171","0.191876387887239"
"220","sp|Q10588|BST1_HUMAN","1.682783e+06","1.296556e+06","1.368022e+06","3.524778e+06","5.987803e+06","7.884599e+06","0.0736011110088559","0.191876387887239"
"221","sp|Q9Y279|VSIG4_HUMAN","3.546700e+07","4.207456e+07","5.001827e+07","9.699497e+07","1.539813e+08","2.098405e+08","0.0739644913341738","0.191876387887239"
"222","sp|P08107|HSP71_HUMAN;sp|P17066|HSP76_HUMAN","3.459782e+06","1.891258e+06","1.789407e+06","7.225119e+05","4.255825e+05","5.236055e+05","0.074264925511192","0.191876387887239"
"223","sp|P11684|UTER_HUMAN","6.479786e+06","5.110116e+06","2.647432e+07","2.652515e+07","5.985896e+07","4.028937e+07","0.0744146686936595","0.191876387887239"
"224","sp|P02749|APOH_HUMAN","6.890454e+09","7.893188e+09","9.771247e+09","5.235749e+09","5.241483e+09","5.392900e+09","0.0750142587276647","0.19224178716699"
"225","sp|P05155|IC1_HUMAN","1.140356e+10","1.110768e+10","1.020575e+10","1.395540e+10","1.906921e+10","1.500359e+10","0.0752250471523004","0.19224178716699"
"226","sp|P04207|KV308_HUMAN","4.192678e+04","1.153244e+05","1.010470e-05","1.067479e+06","7.789603e+05","1.976549e+06","0.0760011434986753","0.193365741202382"
"227","sp|P01772|HV311_HUMAN","9.509543e+06","6.082337e+06","7.993959e+06","8.303957e+07","7.168798e+07","1.647248e+08","0.0779214823375276","0.197378204158936"
"228","sp|P05451|REG1A_HUMAN","1.005059e+07","3.390380e+06","7.956573e+06","1.702361e+07","3.701670e+07","4.364681e+07","0.0787677181265561","0.198646657556008"
"229","sp|P13598|ICAM2_HUMAN","8.711386e+06","3.670910e+06","6.037697e+06","2.038874e+07","1.070731e+07","1.311503e+07","0.0791211466447974","0.198666634588465"
"230","sp|Q6UX71|PXDC2_HUMAN","7.561844e+06","3.674796e+06","3.293568e+06","7.927043e+06","1.091126e+07","7.857403e+06","0.0805576042072633","0.201165223174151"
"231","sp|K22E_HUMAN|;sp|Q7Z794|K2C1B_HUMAN","8.803933e+07","8.583211e+07","1.040784e+08","1.484617e+08","2.885875e+08","2.748910e+08","0.0810064092898149","0.201165223174151"
"232","sp|P01861|IGHG4_HUMAN","1.012180e+06","9.324796e+05","9.240743e+05","3.961185e+06","2.816941e+06","6.354695e+06","0.0814982894381331","0.201165223174151"
"233","sp|Q9UHG3|PCYOX_HUMAN","2.122667e+06","5.942146e+05","1.147051e+05","1.745842e+06","3.577099e+06","3.282076e+06","0.0815156469557864","0.201165223174151"
"234","sp|P18669|PGAM1_HUMAN;sp|Q8N0Y7|PGAM4_HUMAN","7.801552e+06","4.136543e+06","3.981385e+06","1.330068e+06","8.909570e+05","2.687609e+06","0.0820339371530119","0.201204168583528"
"235","sp|ALBU_HUMAN|;sp|Q8WY91|THAP4_HUMAN;sp|O75683|SURF6_HUMAN;sp|Q96JG6|CC132_HUMAN","2.416008e+11","3.315476e+11","2.657537e+11","2.296207e+11","1.631590e+11","2.087913e+11","0.082231268899355","0.201204168583528"
"236","sp|P11142|HSP7C_HUMAN;sp|P34931|HS71L_HUMAN","3.322130e+06","1.930450e+06","4.281869e+06","8.457769e+05","1.445018e+06","9.735404e+05","0.0834215538158023","0.202405435359153"
"237","sp|P07900|HS90A_HUMAN;sp|Q92538|GBF1_HUMAN;sp|Q14568|HS902_HUMAN;sp|Q58FF8|H90B2_HUMAN;sp|Q58FG1|HS904_HUMAN","1.130692e+07","1.674568e+07","2.364500e+07","5.263685e+06","5.464202e+06","9.123781e+06","0.0837725558140614","0.202405435359153"
"238","sp|Q16853|AOC3_HUMAN","3.558221e+06","1.486060e+06","3.779990e+06","1.781540e+07","1.866131e+07","7.131647e+06","0.0837782497660494","0.202405435359153"
"239","sp|P09619|PGFRB_HUMAN","1.350953e+05","3.250509e+05","1.850827e+05","8.503581e+05","1.370164e+06","5.706363e+05","0.0851296651738957","0.204809863912092"
"240","sp|P29622|KAIN_HUMAN","3.701324e+08","4.131722e+08","5.011932e+08","3.028618e+08","3.538511e+08","2.969242e+08","0.0858479671473677","0.205677421290569"
"241","sp|P31949|S10AB_HUMAN","1.343087e+06","1.129769e+06","2.228304e+06","3.755637e+05","4.690251e+05","1.001010e+06","0.0862672666578075","0.205824391403483"
"242","sp|P36222|CH3L1_HUMAN","3.788300e+07","3.929764e+07","3.607379e+07","8.125803e+07","1.407246e+08","8.036889e+07","0.0871103855382067","0.206150744695076"
"243","sp|P05362|ICAM1_HUMAN","1.778182e+07","1.312726e+07","1.475286e+07","4.820056e+07","1.376654e+08","1.101662e+08","0.0871210973233105","0.206150744695076"
"244","sp|P01871|IGHM_HUMAN","1.285316e+09","1.035034e+09","1.414658e+09","4.641902e+09","7.199391e+09","1.206583e+10","0.0904193602442205","0.212297574708932"
"245","sp|Q12864|CAD17_HUMAN","1.610785e+03","7.730765e+03","3.854416e+05","5.206755e+05","5.358452e+05","5.139917e+05","0.0904572274846754","0.212297574708932"
"246","sp|P19823|ITIH2_HUMAN","5.421522e+09","4.670277e+09","5.163503e+09","4.533030e+09","4.415490e+09","3.451875e+09","0.0909238000331711","0.212525142353957"
"247","sp|K2C1_HUMAN|","8.794269e+07","7.985752e+07","1.111517e+08","1.296565e+08","1.988500e+08","2.465625e+08","0.0914787724541279","0.212833976604575"
"248","sp|TRYP_PIG|","6.030356e+09","3.441699e+09","3.900415e+09","5.453493e+09","7.801039e+09","7.197528e+09","0.0917962194746689","0.212833976604575"
"249","sp|TRFE_HUMAN|","1.874822e+09","4.501978e+09","6.072926e+09","5.057595e+08","4.119765e+08","3.231543e+08","0.0924546960601253","0.213499800138844"
"250","sp|P04264|K2C1_HUMAN","8.011482e+07","1.009790e+08","1.091308e+08","1.494514e+08","3.201995e+08","3.021703e+08","0.0939563297994992","0.215316397002244"
"251","sp|O00592|PODXL_HUMAN","1.778828e+06","9.628973e+05","1.991585e+06","2.177514e+06","4.378557e+06","4.594175e+06","0.0939902880827187","0.215316397002244"
"252","sp|P02786|TFR1_HUMAN","8.325161e+05","1.560577e+06","1.028449e+06","1.866786e+06","1.459957e+06","2.398703e+06","0.0952805142516961","0.215435894520571"
"253","sp|P01625|KV402_HUMAN;sp|P06312|KV401_HUMAN","3.401739e+07","4.602957e+07","3.506332e+07","1.039232e+08","9.554998e+07","1.930532e+08","0.0953210083558622","0.215435894520571"
"254","sp|Q15848|ADIPO_HUMAN","7.779545e+07","7.438783e+07","4.051985e+07","2.137848e+08","2.243436e+08","4.574522e+08","0.0953586405848503","0.215435894520571"
"255","sp|P15144|AMPN_HUMAN","3.681996e+07","1.245407e+07","2.172511e+07","4.552825e+07","4.415490e+07","4.501078e+07","0.095541135830862","0.215435894520571"
"256","sp|P04275|VWF_HUMAN","1.981126e+08","2.002749e+08","2.485757e+08","2.652515e+08","2.508570e+08","2.675466e+08","0.0984220751728826","0.219558455786243"
"257","sp|P23470|PTPRG_HUMAN","1.155149e+06","3.724186e+05","1.646991e+06","2.332350e+06","7.212083e+06","6.224252e+06","0.0984819183447441","0.219558455786243"
"258","sp|P08697|A2AP_HUMAN","1.855494e+09","2.322516e+09","1.465182e+09","1.039232e+09","1.407246e+09","1.196091e+09","0.0987928749706141","0.219558455786243"
"259","sp|P01616|KV203_HUMAN","6.321002e+05","5.278025e+04","6.127655e+05","7.854221e+06","2.212600e+06","5.491722e+06","0.0988967653019772","0.219558455786243"
"260","sp|P00450|CERU_HUMAN","2.126087e+10","1.682983e+10","1.556124e+10","2.078464e+10","2.263831e+10","2.392181e+10","0.100582017960124","0.222441001257966"
"261","sp|P22891|PROZ_HUMAN","1.140356e+07","9.172255e+06","1.252983e+07","6.753767e+06","9.497103e+06","8.685389e+06","0.102769900298347","0.226408784182182"
"262","sp|P08123|CO1A2_HUMAN","7.460632e+07","7.548177e+07","7.679573e+07","1.247078e+08","2.845085e+08","2.129881e+08","0.104111195308568","0.227897145241496"
"263","sp|P55285|CADH6_HUMAN","1.573160e+05","4.427105e+05","2.709205e+05","2.057064e+06","6.093386e+06","3.056557e+06","0.104238172519154","0.227897145241496"
"264","sp|P09382|LEG1_HUMAN","7.528261e+05","1.422402e+06","1.929268e+06","2.626831e+06","3.472770e+06","5.966066e+06","0.105826481269613","0.230298532545617"
"265","sp|P13987|CD59_HUMAN","1.401235e+06","8.548293e+05","1.570612e+06","6.987079e+06","2.652645e+06","8.145697e+06","0.106137584564502","0.230298532545617"
"266","sp|P04083|ANXA1_HUMAN","2.192208e+05","4.093393e+05","6.178157e+05","8.301659e+04","6.737936e+04","1.769801e+05","0.106894657160198","0.231069277695917"
"267","sp|P02750|A2GL_HUMAN","5.121937e+09","6.403749e+09","4.991723e+09","2.316002e+09","4.843783e+09","3.745652e+09","0.108880139754838","0.233942472566157"
"268","sp|Q13093|PAFA_HUMAN","2.299799e+06","2.266333e+06","2.459643e+06","6.832441e+06","1.458233e+07","6.948133e+06","0.109037535039531","0.233942472566157"
"269","sp|Q9UM47|NOTC3_HUMAN","2.274710e+06","2.545423e+06","1.989066e+06","4.684840e+06","3.376354e+06","2.902330e+06","0.111574319189583","0.238495291947992"
"270","sp|P00751|CFAB_HUMAN","1.507589e+10","1.413705e+10","1.101412e+10","9.897446e+09","1.111521e+10","9.778565e+09","0.11227982707503","0.238734261529061"
"271","sp|P80419|HV322_HUMAN","1.625059e+04","3.608894e+03","1.093194e+04","4.705098e+05","1.545809e+05","7.024689e+05","0.112516495433697","0.238734261529061"
"272","sp|K1C10_HUMAN|","1.971462e+07","5.494938e+07","6.820674e+07","6.274981e+07","1.376654e+08","1.070186e+08","0.113942912182795","0.240598166551985"
"273","sp|Q02487|DSC2_HUMAN","2.349302e+05","2.502225e+04","4.629322e+05","2.891778e+06","1.311813e+06","1.041321e+06","0.114539913710562","0.240598166551985"
"274","Int_P01008ups|ANT3_HUMAN_UPS","3.517707e+09","3.517434e+09","3.233505e+09","1.791438e+09","3.151008e+09","2.150865e+09","0.114650256756946","0.240598166551985"
"275","sp|Q92626|PXDN_HUMAN","2.289438e+06","1.068042e+06","1.472640e+06","4.207938e+05","1.006591e+06","7.480806e+05","0.116952709570443","0.24453748364729"
"276","sp|Q9UNW1|MINP1_HUMAN","1.401285e+07","4.461548e+06","5.109589e+06","1.158001e+07","1.651985e+07","1.815120e+07","0.120036734780792","0.249359805076814"
"277","sp|Q15904|VAS1_HUMAN","6.771314e+05","2.747859e+05","7.119124e+05","8.165669e+05","9.330312e+05","1.526217e+06","0.120611361633211","0.249359805076814"
"278","sp|P20742|PZP_HUMAN","1.265988e+08","1.447365e+08","3.031411e+08","4.820056e+07","5.272075e+07","3.651224e+07","0.12062986219338","0.249359805076814"
"279","sp|P12318|FCG2A_HUMAN","7.231988e+06","4.809092e+06","5.874945e+06","2.256618e+07","8.631609e+06","2.276769e+07","0.120993714115533","0.249359805076814"
"280","sp|Q7Z7G0|TARSH_HUMAN","1.990790e+07","1.615663e+07","3.294133e+07","4.849748e+07","3.263180e+07","7.281464e+07","0.121598659662989","0.249711533236495"
"281","sp|P01604|KV112_HUMAN","9.392544e+05","1.243966e+06","9.185313e+05","1.167899e+07","2.973724e+06","8.033130e+06","0.122350085254719","0.250360494738305"
"282","sp|P15085|CBPA1_HUMAN","3.215831e+05","7.515625e+04","2.997487e+05","2.021822e+06","1.152310e+07","9.749370e+06","0.122795662643062","0.250381227020428"
"283","sp|P02751|FINC_HUMAN","6.552213e+09","5.831535e+09","6.083030e+09","9.748984e+09","8.657624e+09","6.693910e+09","0.125130277526936","0.253508802221567"
"284","sp|Q96KN2|CNDP1_HUMAN","7.215683e+06","9.761299e+06","1.008632e+07","2.571268e+06","7.221924e+06","6.709525e+06","0.12559675888152","0.253508802221567"
"285","sp|P0DJI9|SAA2_HUMAN","2.860553e+07","7.967010e+06","2.697955e+07","3.397660e+06","4.301568e+06","5.499223e+06","0.125652188927212","0.253508802221567"
"286","sp|Q9NQ79|CRAC1_HUMAN","1.781919e+06","2.412395e+06","2.985485e+06","1.751848e+07","6.281801e+06","8.987493e+06","0.126395466000083","0.254116758566601"
"287","sp|P32942|ICAM3_HUMAN","1.456030e+06","2.455842e+05","1.449854e+04","1.055765e+06","4.902256e+06","4.481757e+06","0.127295595762026","0.254760990235476"
"288","sp|Q92820|GGH_HUMAN","1.720198e+07","1.287482e+07","6.939104e+06","3.781845e+06","6.024622e+06","5.315216e+06","0.127602026413595","0.254760990235476"
"289","sp|O43707|ACTN4_HUMAN;sp|Q9H254|SPTN4_HUMAN","7.639118e+05","3.493929e+06","2.613616e+06","1.909404e+05","1.625629e+05","5.868680e+05","0.129510927367775","0.257677450645228"
"290","sp|Q8NBJ4|GOLM1_HUMAN","5.005968e+07","2.541304e+07","4.779524e+07","5.770211e+07","8.127357e+07","5.214535e+07","0.131247643008452","0.259648317806099"
"291","sp|P02671|FIBA_HUMAN","9.499743e+09","1.236992e+10","8.457635e+09","1.395540e+10","1.213495e+10","1.238059e+10","0.131404626924478","0.259648317806099"
"292","sp|Q9H4A9|DPEP2_HUMAN","6.211262e+04","8.414913e-06","1.525521e+04","5.505211e+05","9.925235e+04","6.019862e+05","0.131956471541779","0.259845791563434"
"293","sp|Q13508|NAR3_HUMAN","4.216673e+05","1.529539e+05","7.574785e+05","1.436637e+06","5.374259e+06","2.848767e+06","0.134510250189404","0.263970627504804"
"294","sp|P00742|FA10_HUMAN","3.701324e+07","2.852655e+07","1.909789e+07","3.513593e+07","9.779342e+07","9.432328e+07","0.137067609144384","0.268074405639526"
"295","sp|O14498|ISLR_HUMAN","2.860553e+07","2.196292e+07","2.667641e+07","3.305747e+07","3.140811e+07","4.742394e+07","0.138816217299773","0.270021840991882"
"296","sp|P01703|LV105_HUMAN","1.855494e+07","8.143000e+05","7.289998e+05","4.542928e+07","1.233890e+07","6.263738e+07","0.139002547710603","0.270021840991882"
"297","sp|P07478|TRY2_HUMAN;sp|Q8NHM4|TRY6_HUMAN","5.050382e+06","4.522625e+06","3.117798e+06","2.434772e+07","1.142113e+08","6.074881e+07","0.139906371507685","0.27086250376067"
"298","sp|P0DJI8|SAA1_HUMAN","3.797964e+08","1.674568e+08","1.091308e+08","3.404721e+07","2.355608e+07","1.510851e+07","0.141075450491216","0.27220934239077"
"299","sp|P07602|SAP_HUMAN","8.303731e+06","5.815329e+06","7.790326e+06","8.348870e+06","1.825341e+07","1.888564e+07","0.142019787448918","0.273114975863303"
"300","sp|P05543|THBG_HUMAN","5.286225e+08","4.645032e+08","3.981253e+08","4.147030e+08","3.926013e+08","3.252527e+08","0.14345649594676","0.274555438533409"
"301","sp|P83593|KV405_HUMAN;sp|P06312|KV401_HUMAN","2.038438e+06","2.431219e+06","2.123103e+06","2.513951e+07","1.305272e+07","5.413884e+07","0.14372380347575","0.274555438533409"
"302","sp|Q9UK55|ZPI_HUMAN","5.875731e+07","5.637992e+07","4.971513e+07","3.741234e+07","3.579300e+07","5.371916e+07","0.144540601184007","0.275201475764252"
"303","sp|P98088|MUC5A_HUMAN;sp|Q9HC84|MUC5B_HUMAN","1.101700e+07","1.009790e+07","2.879840e+07","1.337757e+06","5.771254e+06","1.703999e+06","0.147118834358757","0.27918590678642"
"304","sp|P35590|TIE1_HUMAN","1.033730e+06","1.148235e+06","3.761431e+05","1.074243e+06","1.842868e+06","2.704812e+06","0.149705255047918","0.283159610699187"
"305","sp|P04406|G3P_HUMAN","1.043715e+07","2.490814e+07","2.940468e+07","6.846808e+06","7.221080e+06","1.332487e+07","0.150462754001081","0.283659290329906"
"306","sp|P19971|TYPH_HUMAN","3.913408e+05","1.256204e+06","1.443097e+06","1.941589e+05","3.190266e+05","4.318197e+05","0.152844129462682","0.287207106016478"
"307","sp|P19320|VCAM1_HUMAN;sp|P49454|CENPF_HUMAN","4.000909e+07","2.978879e+07","6.083030e+07","1.197591e+08","3.548708e+08","1.500359e+08","0.153559559431092","0.287611552680384"
"308","sp|P98160|PGBM_HUMAN","3.102154e+08","1.960675e+08","1.263088e+08","2.682208e+08","3.824039e+08","3.273511e+08","0.155727312470694","0.290374113904866"
"309","sp|Q9H8L6|MMRN2_HUMAN","3.952270e+05","9.367621e+05","1.312836e+06","2.250701e+06","1.438178e+06","4.180514e+06","0.15604452382018","0.290374113904866"
"310","sp|P13473|LAMP2_HUMAN","6.053857e+06","1.222485e+06","3.223261e+06","5.688883e+06","7.499453e+06","6.190297e+06","0.158099878818415","0.292268412315999"
"311","sp|P08254|MMP3_HUMAN","2.142713e+04","1.673152e+03","1.010470e-05","2.932371e+04","2.955671e+05","2.189905e+05","0.158558802027645","0.292268412315999"
"312","sp|P15259|PGAM2_HUMAN","7.493148e+06","3.226502e+06","3.009929e+06","1.419267e+06","6.268008e+05","2.427278e+06","0.158587381987116","0.292268412315999"
"313","sp|P02647|APOA1_HUMAN","5.527826e+10","5.032118e+10","5.840518e+10","4.226209e+10","5.353654e+10","3.609256e+10","0.159173515410434","0.292411410099039"
"314","sp|P78324|SHPS1_HUMAN","2.937799e+06","2.652720e+06","5.549421e+06","6.906249e+06","2.059882e+07","1.004620e+07","0.162074822558061","0.296793066786258"
"315","sp|P62987|RL40_HUMAN;Int_P62988ups|UBIQ_HUMAN_UPS;sp|P0CG47|UBB_HUMAN;sp|RS27A_HUMAN|","1.236996e+07","1.943845e+07","6.295229e+07","5.879083e+07","3.558906e+08","2.287261e+08","0.163672209781562","0.29848028600045"
"316","sp|P29279|CTGF_HUMAN","7.063944e+06","7.469652e+06","5.792350e+06","1.395540e+07","4.711216e+07","2.308245e+07","0.164034383262856","0.29848028600045"
"317","sp|P06310|KV206_HUMAN","3.836205e+02","1.289730e+03","2.491598e+03","1.107693e+05","1.353304e+05","8.190502e+03","0.165535338977201","0.299820860149845"
"318","sp|P13591|NCAM1_HUMAN","3.563928e+06","4.739861e+06","4.880054e+06","4.896441e+06","1.407246e+07","1.164615e+07","0.165813971352436","0.299820860149845"
"319","sp|P06702|S10A9_HUMAN","1.700870e+08","4.813330e+07","1.606648e+08","2.048771e+07","1.611195e+07","9.642169e+07","0.167135036429435","0.300669612311225"
"320","sp|P13647|K2C5_HUMAN","2.527062e+06","1.337971e+07","7.738998e+06","2.850464e+07","1.172705e+08","4.826330e+07","0.167580981724913","0.300669612311225"
"321","sp|CRP_HUMAN|","2.628617e+08","1.918600e+08","3.132458e+08","2.642618e+08","4.843783e+08","5.560772e+08","0.167852079220701","0.300669612311225"
"322","sp|P04259|K2C6B_HUMAN;sp|P12035|K2C3_HUMAN","2.527426e+06","1.371631e+07","1.050889e+07","2.959336e+07","1.182903e+08","4.815838e+07","0.170072700242422","0.303270603426435"
"323","sp|Q08554|DSC1_HUMAN","9.802082e+04","1.104849e+05","7.756720e+05","3.226068e+06","1.035592e+06","1.109651e+06","0.170358965055197","0.303270603426435"
"324","sp|P02538|K2C6A_HUMAN","2.527604e+06","1.354801e+07","9.867123e+06","2.959336e+07","1.213495e+08","4.910267e+07","0.171505436258354","0.304369215581955"
"325","sp|P14543|NID1_HUMAN","1.190915e+06","1.639722e+06","1.810508e+06","1.894357e+06","2.332260e+06","3.708722e+06","0.173414806150709","0.306810810882023"
"326","sp|P04080|CYTB_HUMAN","1.245588e+06","8.115097e+05","4.572870e+06","3.497310e+06","5.340793e+06","4.840332e+06","0.176449930560953","0.311223037032357"
"327","sp|P01857|IGHG1_HUMAN","6.030356e+07","4.981628e+07","3.284028e+07","1.029334e+08","2.223041e+08","4.658458e+08","0.179735820462376","0.316049225583689"
"328","sp|O95479|G6PE_HUMAN","7.310974e+06","3.219532e+06","2.773383e+06","1.387279e+06","2.769075e+06","7.197501e+05","0.181451785499321","0.31809383128692"
"329","sp|P10645|CMGA_HUMAN","1.530178e+06","2.423327e+05","6.859639e+05","3.196875e+07","7.954920e+06","9.271539e+06","0.183401339415016","0.319745004734346"
"330","sp|P04211|LV001_HUMAN","3.237451e+07","2.457155e+07","3.476017e+07","7.175648e+07","3.100021e+08","1.363963e+08","0.18350582880406","0.319745004734346"
"331","sp|Q9UEW3|MARCO_HUMAN","5.798691e+05","2.382729e+05","2.343314e+06","3.660021e+06","2.054978e+06","1.683690e+06","0.18832300545947","0.32714721492204"
"332","sp|P07225|PROS_HUMAN","3.053834e+08","2.297271e+08","3.920624e+08","4.513235e+08","3.191798e+08","4.742394e+08","0.191112472556694","0.330992987108733"
"333","sp|P48304|REG1B_HUMAN","2.409969e+05","2.647841e+06","1.064689e+06","3.743121e+06","3.530515e+06","1.143630e+07","0.193049619075555","0.333343936842174"
"334","sp|P10451|OSTP_HUMAN","7.615257e+07","3.399625e+07","4.122718e+07","2.167541e+07","3.028639e+07","2.539069e+07","0.194929726107566","0.335582612310929"
"335","sp|Q14624|ITIH4_HUMAN","6.445909e+09","5.823120e+09","5.820308e+09","4.216312e+09","5.955303e+09","5.120107e+09","0.196006104522908","0.336428388360216"
"336","sp|Q14767|LTBP2_HUMAN","6.412777e+06","6.098994e+06","6.702396e+06","6.397424e+06","1.550010e+07","1.269535e+07","0.196662489492382","0.336550391244404"
"337","sp|P15086|CBPB1_HUMAN","9.451664e+05","3.406430e+05","5.247410e+05","9.752351e+05","1.050336e+07","5.945999e+06","0.198622570553966","0.33889607735469"
"338","sp|Q8IWV2|CNTN4_HUMAN","1.833755e+05","7.684276e+03","2.195458e+05","5.817820e+05","1.335983e+05","4.091671e+05","0.203249840557533","0.345765261303496"
"339","sp|P43251|BTD_HUMAN","5.904723e+07","7.203165e+07","6.648894e+07","6.829238e+07","7.627683e+07","7.386384e+07","0.205601884646982","0.348734760094439"
"340","sp|Q99972|MYOC_HUMAN","4.996304e+07","1.455780e+07","6.646512e+06","2.620883e+06","6.689519e+08","5.109615e+08","0.206216171390014","0.348747936909582"
"341","sp|Q16363|LAMA4_HUMAN","1.249678e+06","1.649140e+06","5.841664e+06","6.767959e+06","8.275569e+06","3.150157e+06","0.210443461000691","0.354853343329611"
"342","sp|P01880|IGHD_HUMAN","6.001364e+07","1.110768e+08","3.617483e+07","3.830311e+08","7.627683e+08","9.820533e+07","0.213190095255951","0.358433639684714"
"343","sp|K1C9_HUMAN|;sp|P35527|K1C9_HUMAN","6.967767e+07","3.677317e+07","2.617118e+07","6.334365e+07","5.394444e+07","9.893977e+07","0.215602945163646","0.361433508656258"
"344","sp|P22792|CPN2_HUMAN","2.841225e+08","1.809206e+08","3.132458e+08","2.969234e+08","4.211541e+08","3.063671e+08","0.220889936348858","0.367903484003021"
"345","sp|Q86SQ4|GP126_HUMAN","1.810566e+06","3.381872e+05","7.579192e+05","1.603392e+06","1.957045e+06","1.619069e+06","0.22101649641611","0.367903484003021"
"346","sp|P55290|CAD13_HUMAN","6.406974e+06","3.801796e+06","9.649863e+06","7.561051e+06","1.713169e+07","1.019449e+07","0.221381922547905","0.367903484003021"
"347","sp|P11717|MPRI_HUMAN","6.693765e+05","1.546440e+05","6.580818e+05","1.089695e+06","3.204039e+06","9.518459e+05","0.223393842086171","0.370177115848842"
"348","sp|Q02818|NUCB1_HUMAN","2.946876e+06","3.564189e+06","3.077632e+06","2.832468e+06","6.824589e+06","7.816742e+06","0.225235888699794","0.370570812015631"
"349","sp|P50895|BCAM_HUMAN","6.101793e+05","9.914248e+05","3.726872e+05","1.737821e+05","2.912420e+05","5.611958e+05","0.225346384336692","0.370570812015631"
"350","sp|P01859|IGHG2_HUMAN","2.454664e+07","1.009790e+07","1.313611e+07","4.790364e+07","1.152310e+08","3.357447e+08","0.225564842096471","0.370570812015631"
"351","sp|P01042|KNG1_HUMAN","6.291284e+09","7.346219e+09","8.265646e+09","5.819698e+09","6.393793e+09","6.777847e+09","0.22668395757639","0.371348363551067"
"352","sp|O43240|KLK10_HUMAN","1.914395e+05","1.080196e+06","2.536333e+05","2.076106e+03","1.019744e-05","4.971619e+04","0.228250901258985","0.372853034727035"
"353","sp|P05109|S10A8_HUMAN","3.218122e+08","9.256404e+07","2.859631e+08","3.335439e+07","2.671728e+07","2.276769e+08","0.229698549519695","0.373885635094339"
"354","sp|P04278|SHBG_HUMAN","3.343755e+08","3.761466e+08","1.849160e+08","2.226925e+08","1.866131e+08","1.920040e+08","0.230444732744516","0.373885635094339"
"355","sp|P02654|APOC1_HUMAN","1.092036e+09","7.001207e+08","4.567325e+08","3.701645e+08","3.997395e+08","5.497820e+08","0.231145956102632","0.373885635094339"
"356","sp|P00558|PGK1_HUMAN;sp|P07205|PGK2_HUMAN","4.940784e+06","1.127598e+07","2.313977e+07","1.722631e+06","3.133279e+06","7.785827e+06","0.23148397581493","0.373885635094339"
"357","sp|Q12906|ILF3_HUMAN","6.020763e+02","3.584912e+05","1.739321e+05","1.163811e+04","1.019744e-05","1.493310e+03","0.235405278902608","0.378694947805641"
"358","sp|P04003|C4BPA_HUMAN","2.725257e+09","2.558133e+09","3.678111e+09","2.345695e+09","2.131264e+09","2.748910e+09","0.237258413711925","0.378694947805641"
"359","sp|Q9NPH3|IL1AP_HUMAN","7.425706e+06","7.312820e+06","7.182657e+06","5.415484e+06","5.902662e+06","7.487121e+06","0.237591666500295","0.378694947805641"
"360","sp|Q8WWA0|ITLN1_HUMAN","5.751490e+05","3.698599e+04","3.277493e+05","4.229669e+06","7.088345e+03","2.912957e+06","0.237647835283142","0.378694947805641"
"361","sp|PRDX1_HUMAN|","1.507358e+06","2.289997e+06","5.149212e+06","9.321422e+05","9.703967e+05","1.556113e+06","0.23775456723102","0.378694947805641"
"362","sp|P11597|CETP_HUMAN","3.959023e+06","7.109491e+06","2.241756e+06","1.418742e+06","2.465291e+06","2.434622e+06","0.240047182929855","0.380829110348176"
"363","sp|Q9HDC9|APMAP_HUMAN","9.857312e+06","4.714639e+06","5.490926e+06","3.890983e+06","3.621711e+06","4.686999e+06","0.240419073141544","0.380829110348176"
"364","sp|P02745|C1QA_HUMAN","5.740435e+07","3.408040e+07","4.274289e+07","1.751848e+08","1.468431e+08","2.979734e+07","0.242921632659623","0.383312093265349"
"365","sp|Q9NR99|MXRA5_HUMAN","2.445000e+07","1.657738e+07","1.758218e+07","1.989387e+07","2.579952e+07","3.609256e+07","0.243319850507569","0.383312093265349"
"366","sp|P02763|A1AG1_HUMAN","3.624012e+10","2.339346e+10","2.061359e+10","1.474719e+10","2.488175e+10","1.647248e+10","0.244543576195119","0.384187312328398"
"367","sp|P02462|CO4A1_HUMAN;sp|P29400|CO4A5_HUMAN","1.021296e+06","3.533583e+05","6.159160e+05","2.852094e+06","1.286325e+06","8.570497e+06","0.247289796755204","0.387443142055156"
"368","sp|Q99715|COCA1_HUMAN","3.189130e+07","9.172255e+06","1.889579e+07","5.399952e+06","1.346062e+07","9.964063e+06","0.251280094722007","0.392625148003135"
"369","sp|Q14520|HABP2_HUMAN","3.595020e+08","2.524474e+08","2.859631e+08","2.523849e+08","2.549359e+08","2.402673e+08","0.252424378094298","0.393344220607646"
"370","sp|Q6WN34|CRDL2_HUMAN","4.533286e+05","8.078966e+04","2.463191e+05","1.279399e+06","4.369770e+06","6.034432e+05","0.255645273994983","0.397286574451662"
"371","sp|P10586|PTPRF_HUMAN;sp|P23468|PTPRD_HUMAN","3.132827e+06","1.482527e+06","4.094370e+06","4.310982e+06","3.475576e+06","4.466062e+06","0.258338242478152","0.400389459366408"
"372","sp|P26022|PTX3_HUMAN","5.135525e+05","7.684036e+05","1.468200e+06","1.244476e+06","1.669423e+06","4.408867e+06","0.260599788155304","0.402808812336827"
"373","sp|P07737|PROF1_HUMAN","8.467816e+06","4.891216e+06","2.930364e+07","2.553541e+07","1.702972e+07","5.350932e+07","0.262611631255469","0.404578544861558"
"374","sp|P19652|A1AG2_HUMAN","4.976976e+09","7.034867e+09","5.436330e+09","3.998568e+09","5.741157e+09","4.532554e+09","0.26315195787517","0.404578544861558"
"375","sp|Q99650|OSMR_HUMAN","2.566862e+06","1.496929e+05","3.241615e+05","3.318241e+06","2.044802e+06","1.456412e+06","0.263923444272824","0.404682614551664"
"376","sp|Q06323|PSME1_HUMAN","1.469379e+05","1.965553e+05","5.375458e+05","4.538293e+04","7.200394e+04","2.080508e+05","0.268122322206792","0.410027487417301"
"377","sp|Q9Y624|JAM1_HUMAN","2.917385e+05","2.476520e+04","3.288861e+04","4.105940e+04","2.345607e+06","9.759455e+05","0.271153843292057","0.41232329338622"
"378","sp|P14314|GLU2B_HUMAN","2.377586e+04","6.671333e+05","2.598814e+05","3.820307e+04","6.612473e+04","1.049202e-05","0.271368380197866","0.41232329338622"
"379","sp|Q99542|MMP19_HUMAN","2.992602e+05","1.848685e+05","8.506187e+05","1.572338e+06","1.959381e+05","2.042806e+06","0.272039506819528","0.41232329338622"
"380","sp|P08833|IBP1_HUMAN","3.884764e+06","3.470717e+06","2.890060e+06","5.877373e+06","3.110964e+06","9.369867e+06","0.272491915629154","0.41232329338622"
"381","sp|P00491|PNPH_HUMAN","2.604500e+04","9.167110e+04","3.587747e+05","6.471963e+03","1.310220e+04","3.347229e+02","0.273280895967174","0.412431798375656"
"382","sp|P04004|VTNC_HUMAN","3.353419e+09","3.559508e+09","2.869735e+09","2.335797e+09","3.242785e+09","2.927274e+09","0.277394118792507","0.41754350341804"
"383","sp|P05160|F13B_HUMAN","5.875731e+07","8.499062e+07","1.030680e+08","9.174932e+07","1.162508e+08","9.673645e+07","0.279716775111341","0.419940328169768"
"384","sp|P00747|PLMN_HUMAN","4.213518e+09","8.229785e+09","3.940834e+09","2.969234e+09","4.384898e+09","2.990226e+09","0.281135599353725","0.420971275073937"
"385","sp|P04075|ALDOA_HUMAN","2.945674e+06","5.729294e+06","8.863378e+06","1.824973e+06","3.560939e+06","4.665302e+06","0.28337066109693","0.423215922417493"
"386","sp|Q9NZP8|C1RL_HUMAN","3.198794e+07","2.541304e+07","2.364500e+07","6.215596e+07","3.059231e+07","3.231543e+07","0.286324183640465","0.426519185474785"
"387","sp|P07858|CATB_HUMAN","3.566028e+07","1.985919e+07","2.384710e+07","2.494156e+07","3.752657e+07","5.455852e+07","0.287408605117532","0.427028289257315"
"388","sp|P0C0L4|CO4A_HUMAN","8.146779e+08","2.970464e+08","5.234236e+08","3.097901e+08","3.385549e+08","3.430891e+08","0.288168922507616","0.42705445990175"
"389","sp|Q96IY4|CBPB2_HUMAN","7.808537e+07","8.263444e+07","8.952766e+07","6.057237e+07","8.647427e+07","7.092607e+07","0.28959623167555","0.427186477767344"
"390","sp|Q06141|REG3A_HUMAN","9.186700e+06","9.593001e+06","6.539467e+06","2.969234e+07","2.447385e+08","4.647966e+07","0.289743871876981","0.427186477767344"
"391","sp|P19801|AOC1_HUMAN","9.516268e+05","3.754708e+05","3.113353e+06","4.376666e+05","3.582795e+05","1.090152e+05","0.292219116462755","0.429733994798169"
"392","sp|P15941|MUC1_HUMAN","2.877935e+06","1.051864e+07","6.240879e+05","4.595977e+06","1.356259e+07","1.033158e+07","0.293311932836303","0.430240717808353"
"393","sp|P06744|G6PI_HUMAN","1.236961e+05","9.367704e+05","3.130340e+06","2.460560e+04","1.019744e-05","4.025858e+05","0.296267774977169","0.432924773005566"
"394","sp|P49747|COMP_HUMAN","2.097095e+08","1.194918e+08","1.050889e+08","9.996420e+07","7.250378e+07","1.238059e+08","0.296647583589901","0.432924773005566"
"395","sp|P62805|H4_HUMAN","1.254292e+06","4.081233e+07","1.131727e+07","9.630360e+05","2.957798e+05","3.658939e+06","0.306239225165123","0.445791277139104"
"396","sp|Q6YHK3|CD109_HUMAN","3.633975e+06","1.180610e+06","4.726643e+06","4.663640e+06","4.093874e+06","5.040326e+06","0.307133676828564","0.445964303475819"
"397","sp|Q14112|NID2_HUMAN","3.792671e+06","5.938460e+06","5.112987e+06","4.444370e+06","6.771471e+06","9.183765e+06","0.311597427705958","0.451306098062785"
"398","sp|O95633|FSTL3_HUMAN","1.698069e+06","1.353127e+06","1.005890e+05","4.393992e+06","8.992036e+06","1.674308e+04","0.31705981258111","0.457293048651855"
"399","sp|Q9BTY2|FUCO2_HUMAN","1.059366e+06","6.177528e+05","2.779120e+06","1.438701e+06","3.492318e+06","2.567995e+06","0.317407659408567","0.457293048651855"
"400","sp|P01709|LV206_HUMAN","9.664031e-06","8.414913e-06","1.241985e+04","1.451500e+05","3.094672e+06","4.671820e+05","0.318116903409986","0.457293048651855"
"401","sp|P40199|CEAM6_HUMAN","4.539720e+05","1.542801e+05","1.530465e+06","1.312360e+05","3.130165e+04","3.334586e+05","0.31926100020974","0.457793204789527"
"402","sp|P06727|APOA4_HUMAN;sp|Q9BT92|TCHP_HUMAN;sp|Q14980|NUMA1_HUMAN;sp|Q15020|SART3_HUMAN;sp|P61129|ZC3H6_HUMAN","4.397134e+09","5.520183e+09","1.596543e+10","1.415335e+10","1.244087e+10","1.353471e+10","0.325758018638943","0.465947414719882"
"403","sp|Q9Y5Y6|ST14_HUMAN","5.680964e+05","4.701122e+05","1.117082e+06","7.276868e+05","1.132738e+06","1.115208e+06","0.328807628029181","0.469142397312107"
"404","sp|ANT3_HUMAN|","1.372292e+08","1.876526e+07","9.421567e+06","8.739445e+07","1.407246e+08","9.558233e+07","0.330320323154055","0.470134123300945"
"405","sp|P01707|LV204_HUMAN","3.056050e+04","3.939037e+03","1.010470e-05","3.968459e+05","1.060587e+04","6.949253e+04","0.344337908264158","0.48887480802936"
"406","sp|P01019|ANGT_HUMAN","2.502984e+09","3.020954e+09","2.819212e+09","1.989387e+09","2.947059e+09","2.360705e+09","0.349782913333255","0.495382204843895"
"407","sp|P10721|KIT_HUMAN","2.012875e+05","2.829553e+05","2.282804e+05","1.253672e+05","5.280905e+04","2.855510e+05","0.352771043952077","0.498351000270982"
"408","sp|P27797|CALR_HUMAN","1.227274e+06","1.336225e+06","7.199037e+05","3.278416e+04","3.640912e+06","4.590920e+06","0.354030663184125","0.498351000270982"
"409","sp|P01854|IGHE_HUMAN","5.101410e+05","2.719025e+06","4.486006e+05","1.870617e+07","2.265339e+06","2.315202e+06","0.354479233236229","0.498351000270982"
"410","sp|P35237|SPB6_HUMAN","3.372747e+07","2.281318e+06","1.657171e+07","1.187693e+07","4.035681e+06","4.148335e+06","0.355818380886651","0.499013582950791"
"411","sp|P06733|ENOA_HUMAN","2.290823e+06","1.817621e+07","2.435233e+07","4.230765e+06","2.676342e+06","1.374455e+07","0.356694530945908","0.49902519536228"
"412","sp|Q06828|FMOD_HUMAN","1.757836e+06","6.799234e+05","3.332226e+06","1.747040e+06","5.171979e+06","2.840133e+06","0.358050101038172","0.499705844895506"
"413","sp|P18065|IBP2_HUMAN","1.072707e+08","1.127598e+08","1.424763e+08","8.709752e+07","1.968105e+08","2.381689e+08","0.359378858966564","0.500345869021245"
"414","sp|P63104|1433Z_HUMAN","7.615257e+07","6.664611e+07","8.892138e+07","2.880157e+07","5.027336e+07","8.949695e+07","0.360408812839244","0.500567795610061"
"415","sp|P07357|CO8A_HUMAN","7.190039e+08","5.991418e+08","5.496958e+08","5.700929e+08","6.251029e+08","4.668950e+08","0.373011549369115","0.516823231053593"
"416","sp|Q9UGM3|DMBT1_HUMAN","2.106759e+07","2.033928e+06","1.283692e+06","9.498659e+05","4.532329e+05","1.013312e+06","0.37533343034552","0.518790198193928"
"417","sp|P01031|CO5_HUMAN","7.141719e+08","6.748760e+08","9.195279e+08","9.630215e+08","8.494465e+08","7.764097e+08","0.378640061650012","0.521151833461203"
"418","sp|P01611|KV119_HUMAN","1.588378e+06","1.541578e+06","5.481311e+05","4.287782e+06","7.754492e+06","1.269535e+08","0.379629668799925","0.521151833461203"
"419","sp|P12111|CO6A3_HUMAN","3.353419e+08","2.903145e+08","4.102509e+08","3.315644e+08","4.507267e+08","3.986969e+08","0.38063860833505","0.521151833461203"
"420","sp|LEP_HUMAN|","2.588648e+05","2.048541e+05","1.079236e+05","1.869817e+06","2.181886e+05","2.882164e+05","0.380667426180357","0.521151833461203"
"421","sp|P29401|TKT_HUMAN","3.164424e+06","2.096833e+06","6.572574e+06","1.877189e+06","7.745925e+06","1.374455e+07","0.383463669104478","0.523733039750772"
"422","sp|A1L4H1|SRCRL_HUMAN","6.696001e+05","2.080160e+06","1.684497e+06","1.667747e+06","4.970041e+06","1.539575e+06","0.386455248374688","0.526369753556382"
"423","sp|P26927|HGFL_HUMAN","4.435790e+07","5.637992e+07","3.971148e+07","3.800619e+07","4.874375e+07","3.462367e+07","0.387225053485825","0.526369753556382"
"424","sp|Q6UXB8|PI16_HUMAN","2.725257e+07","2.726432e+07","6.517533e+07","5.354518e+07","5.465826e+07","5.277487e+07","0.389934016863735","0.527625165782553"
"425","sp|Q13228|SBP1_HUMAN","1.471938e+06","2.560212e+05","1.027852e+06","1.565631e+06","7.267848e+05","1.903944e+06","0.390083099332768","0.527625165782553"
"426","sp|P03951|FA11_HUMAN","5.653458e+07","6.555217e+07","1.505601e+08","5.958262e+07","5.975698e+07","5.571264e+07","0.390901427171074","0.527625165782553"
"427","sp|Q8WZ75|ROBO4_HUMAN","9.507816e+06","1.396876e+07","2.702839e+06","1.098616e+07","1.284877e+07","1.290519e+07","0.395365657587298","0.532401061153856"
"428","sp|Q86VP6|CAND1_HUMAN","3.349822e+04","1.166386e+05","2.765463e+06","3.940106e+03","5.340569e+03","3.280333e+04","0.397466858261465","0.53398000817837"
"429","sp|P05121|PAI1_HUMAN","4.388319e+06","7.766294e+06","2.346355e+06","1.434144e+06","3.163266e+06","4.620289e+06","0.402277712759263","0.539183414537474"
"430","sp|P17936|IBP3_HUMAN","1.662213e+07","3.130348e+07","4.051985e+07","2.375387e+07","1.182903e+07","2.864322e+07","0.404319391309353","0.540659651169484"
"431","sp|P30041|PRDX6_HUMAN","6.088545e+03","1.337566e+04","3.677699e+05","1.407482e+04","1.019744e-05","1.049202e-05","0.406802751612079","0.542019041544541"
"432","sp|P49746|TSP3_HUMAN","4.695243e+05","2.194077e+05","9.356404e+05","6.660046e+04","3.583432e+05","5.008675e+05","0.407221262516942","0.542019041544541"
"433","sp|P18206|VINC_HUMAN","7.782618e+06","6.539262e+06","9.493656e+06","4.726454e+06","1.397049e+07","1.584295e+07","0.408854287822178","0.542857057651781"
"434","sp|P80108|PHLD_HUMAN","5.885395e+07","4.409414e+07","5.436330e+07","3.256260e+07","4.456280e+07","5.686676e+07","0.409739066123257","0.542857057651781"
"435","sp|O95967|FBLN4_HUMAN","1.979445e+05","7.169114e+05","8.766606e+05","6.004309e+05","4.378054e+05","1.507296e+04","0.413428642930001","0.545790583801464"
"436","sp|P35442|TSP2_HUMAN","1.430277e+07","1.085524e+07","6.449084e+06","1.266873e+07","1.121718e+07","1.489867e+07","0.414627874754571","0.545790583801464"
"437","sp|P55268|LAMB2_HUMAN","1.085130e+06","1.406744e+06","1.937909e+06","2.863875e+06","2.916467e+08","4.049030e+06","0.414800843689112","0.545790583801464"
"438","sp|Q15582|BGH3_HUMAN","2.019783e+08","1.910185e+08","1.869370e+08","1.247078e+08","2.100672e+08","1.699708e+08","0.416984852883991","0.5462859514495"
"439","sp|P06681|CO2_HUMAN","1.130692e+09","9.761299e+08","8.851719e+08","1.148104e+09","1.040139e+09","1.031366e+09","0.41707744815014","0.5462859514495"
"440","sp|P09172|DOPO_HUMAN","7.634871e+06","1.304311e+07","8.792189e+06","6.096827e+07","6.555345e+06","1.342979e+07","0.421577667065155","0.547104051613958"
"441","sp|P12259|FA5_HUMAN","1.227332e+07","8.380867e+06","1.404554e+07","1.177796e+07","1.213495e+07","5.875533e+08","0.42186936477804","0.547104051613958"
"442","sp|Q9BYZ8|REG4_HUMAN","1.412073e+04","5.303613e+04","1.899684e+07","7.091315e+04","4.284189e+02","2.988029e+04","0.422660344256412","0.547104051613958"
"443","sp|Q14651|PLSI_HUMAN","9.664031e-06","8.414913e-06","1.297355e+05","6.754567e+01","1.019744e-05","1.049202e-05","0.422850181304098","0.547104051613958"
"444","sp|P20851|C4BPB_HUMAN","7.673241e+07","5.452863e+07","8.225227e+07","7.838777e+07","4.823388e+07","5.319456e+07","0.423720837684215","0.547104051613958"
"445","sp|P25311|ZA2G_HUMAN","5.585810e+09","5.696896e+09","6.194182e+09","5.790006e+09","9.310260e+09","5.854549e+09","0.424327309404452","0.547104051613958"
"446","sp|P25786|PSA1_HUMAN","2.029447e+07","2.726432e+07","1.283297e+07","1.603386e+07","5.894119e+07","2.486609e+07","0.424362446991001","0.547104051613958"
"447","sp|P08195|4F2_HUMAN","1.005059e+07","2.199484e+06","2.843655e+06","6.966438e+06","9.030258e+06","6.635268e+06","0.426321329507797","0.548110205305482"
"448","sp|P01614|KV201_HUMAN","1.777478e+04","8.414913e-06","1.010470e-05","9.897446e-06","1.019744e-05","1.564536e+06","0.427049342568445","0.548110205305482"
"449","sp|P00488|F13A_HUMAN","8.322449e+06","1.935430e+07","1.768323e+07","2.038874e+07","1.713169e+07","1.804628e+07","0.428801060572499","0.54913276131222"
"450","sp|P00748|FA12_HUMAN","7.248024e+08","4.863820e+08","5.577795e+08","5.186262e+08","5.934908e+08","4.312221e+08","0.432184008249901","0.550085654241377"
"451","sp|Q92692|PVRL2_HUMAN","2.866917e+05","9.857313e+05","2.147853e+06","1.391104e+06","1.649749e+06","1.983026e+06","0.432428306121261","0.550085654241377"
"452","sp|Q96SM3|CPXM1_HUMAN","8.331838e+05","1.531988e+06","1.697097e+06","5.633266e+05","1.090693e+06","1.445774e+06","0.433189648731356","0.550085654241377"
"453","sp|P48740|MASP1_HUMAN","2.174407e+07","1.152843e+07","2.101778e+07","2.316002e+07","1.427641e+07","3.651224e+07","0.433371828471902","0.550085654241377"
"454","sp|P09960|LKHA4_HUMAN","1.211627e+06","1.730853e+06","1.885111e+06","1.101237e+06","2.508400e+06","2.730748e+06","0.43506844112836","0.550667544929787"
"455","sp|P62258|1433E_HUMAN;sp|P27348|1433T_HUMAN;sp|P61981|1433G_HUMAN;sp|Q04917|1433F_HUMAN;sp|P31947|1433S_HUMAN","6.484565e+07","4.922724e+07","5.315073e+07","1.672668e+07","3.038836e+07","7.176544e+07","0.435745622509657","0.550667544929787"
"456","sp|P13796|PLSL_HUMAN","5.943379e+07","4.729181e+07","8.184808e+07","7.076674e+07","5.465826e+07","1.384947e+08","0.439093048710665","0.553680927650509"
"457","sp|P06748|NPM_HUMAN","1.990417e+04","2.258864e+06","1.355318e+04","1.356909e+05","4.253957e+03","2.020845e+04","0.442060767495866","0.556203372669853"
"458","sp|P60174|TPIS_HUMAN","2.316075e+06","6.202073e+06","1.172145e+07","2.026582e+06","3.554468e+06","6.617123e+06","0.44496007977413","0.557412915311271"
"459","sp|P04220|MUCB_HUMAN","4.097549e+07","2.778913e+05","4.694150e+05","2.866884e+06","3.557446e+05","1.771161e+05","0.444960918483258","0.557412915311271"
"460","sp|P01596|KV104_HUMAN","5.604555e+04","8.414913e-06","3.911980e+04","9.897446e-06","2.100990e+03","1.446102e+06","0.447976541957688","0.55997067744711"
"461","sp|P12277|KCRB_HUMAN","1.027965e+03","2.499460e+03","3.199377e+05","1.196666e+04","2.955310e+02","1.652754e+04","0.452196561851507","0.564019572808279"
"462","sp|P02792|FRIL_HUMAN","3.343755e+07","2.061654e+07","4.920990e+07","4.305389e+07","1.335864e+07","1.552819e+07","0.456033212043251","0.565582082577364"
"463","sp|O75636|FCN3_HUMAN","2.396420e+06","2.411757e+06","4.115514e+06","3.010461e+06","4.376846e+06","3.298717e+06","0.456207671499067","0.565582082577364"
"464","sp|P49913|CAMP_HUMAN","1.487491e+06","1.086632e+06","9.016055e+05","8.255303e+05","1.339943e+06","4.209618e+06","0.456400150114603","0.565582082577364"
"465","sp|O00299|CLIC1_HUMAN","6.638438e+05","2.001309e+06","3.012336e+06","6.740580e+05","6.648119e+05","2.223027e+06","0.458815138638783","0.566161402080171"
"466","sp|ALDOA_RABIT|","5.276561e+07","5.149927e+07","3.395180e+07","1.395540e+07","1.142113e+08","9.390360e+07","0.458836892816278","0.566161402080171"
"467","sp|RETBP_HUMAN|","6.880790e+08","6.622536e+08","1.131727e+09","8.036726e+08","1.386851e+09","8.739855e+08","0.463190783644102","0.570309851381924"
"468","sp|P05997|CO5A2_HUMAN","7.623932e+06","8.411368e+06","5.522001e+06","3.551692e+06","7.940639e+06","6.305289e+06","0.468461953204855","0.575567570711093"
"469","sp|Q9HCU0|CD248_HUMAN","4.267916e+06","3.810448e+06","8.362559e+06","6.272799e+06","7.065573e+06","6.928552e+06","0.472195064343562","0.578917189760231"
"470","sp|GSTP1_HUMAN|","4.325343e+05","9.929597e+06","4.457923e+06","3.525457e+06","1.101204e+06","2.898651e+06","0.473330230178332","0.579074217771364"
"471","sp|Q24JP5|T132A_HUMAN","6.786210e+04","4.080153e+02","3.516242e+03","2.358573e+03","4.909242e+05","9.686304e+02","0.47956372941084","0.585454659047204"
"472","sp|P35542|SAA4_HUMAN","4.851344e+08","5.713726e+08","1.141831e+08","2.256618e+08","2.773703e+08","3.053179e+08","0.480996742343609","0.585960014507574"
"473","sp|P05090|APOD_HUMAN","1.981126e+09","1.093939e+09","2.031045e+09","2.098258e+09","1.641787e+09","2.192833e+09","0.484718121651661","0.58924507388944"
"474","sp|Q6UVK1|CSPG4_HUMAN","1.294403e+06","6.990008e+05","1.029735e+06","6.114589e+05","5.756945e+05","1.214608e+06","0.486344894522004","0.589975346730279"
"475","sp|P04070|PROC_HUMAN","4.893982e+06","4.058322e+06","2.915666e+06","3.590463e+06","4.121652e+06","2.401617e+06","0.488544464614164","0.591002355592179"
"476","sp|P14618|KPYM_HUMAN;sp|P30613|KPYR_HUMAN","6.540812e+06","6.781733e+06","2.586804e+07","3.171110e+06","6.770627e+06","1.259043e+07","0.48924716741196","0.591002355592179"
"477","sp|Q9BUN1|MENT_HUMAN","2.262897e+06","1.338375e+06","2.592513e+06","1.456206e+06","2.922144e+06","3.440884e+06","0.491164281041299","0.592074342974312"
"478","sp|P01605|KV113_HUMAN","1.051991e+05","2.050357e+05","1.594996e+05","5.269600e+04","9.728388e+03","2.216733e+06","0.494898112875071","0.594425585536956"
"479","sp|P36980|FHR2_HUMAN","8.997213e+07","6.378504e+07","6.547847e+07","6.502622e+07","7.699065e+07","5.225027e+07","0.49518235734296","0.594425585536956"
"480","sp|P12109|CO6A1_HUMAN","1.536581e+08","1.396876e+08","1.071098e+08","1.266873e+08","1.295074e+08","2.318737e+08","0.497707499048155","0.596212108234769"
"481","sp|Q8NBP7|PCSK9_HUMAN","1.538515e+05","2.676023e+05","3.027501e+05","2.212471e+05","1.786148e+06","5.886689e+04","0.502186672139904","0.600327102869948"
"482","sp|P11021|GRP78_HUMAN","5.943177e+06","1.270652e+07","1.364135e+07","4.212939e+06","9.966079e+06","1.101662e+07","0.503800529558349","0.601006855800935"
"483","sp|P35443|TSP4_HUMAN","2.483656e+07","1.077109e+07","1.141831e+07","1.494514e+07","6.329115e+06","1.395439e+07","0.510375160995604","0.606296415822622"
"484","sp|P00338|LDHA_HUMAN","5.798419e+07","5.410789e+07","9.559048e+07","5.908775e+07","7.954001e+07","1.143630e+08","0.510681541025676","0.606296415822622"
"485","sp|P32119|PRDX2_HUMAN","6.440362e+05","3.299134e+06","2.617118e+07","6.327027e+06","1.751059e+06","2.723999e+06","0.511637702703849","0.606296415822622"
"486","sp|Q76LX8|ATS13_HUMAN","1.398848e+06","2.973658e+06","9.295433e+05","6.418352e+06","9.729797e+05","1.963685e+06","0.513234947177393","0.606296415822622"
"487","sp|Q06033|ITIH3_HUMAN","6.619862e+08","5.444449e+08","3.536646e+08","3.879799e+08","5.078324e+08","4.469602e+08","0.514432321249641","0.606296415822622"
"488","sp|P07195|LDHB_HUMAN;sp|P07864|LDHC_HUMAN;sp|Q9BYZ2|LDH6B_HUMAN","6.213972e+07","5.595917e+07","9.821770e+07","5.997852e+07","8.412886e+07","1.185599e+08","0.514561132037286","0.606296415822622"
"489","sp|P69891|HBG1_HUMAN","1.024387e+07","4.839455e+06","6.184078e+08","1.445027e+08","5.040374e+06","7.542168e+06","0.519845933069976","0.610091793789654"
"490","Int_P02741ups|CRP_HUMAN_UPS","5.087042e+06","5.498807e+03","5.888836e+04","7.177343e+05","2.790979e+05","2.402594e+05","0.520117787431368","0.610091793789654"
"491","sp|P69892|HBG2_HUMAN;sp|P02100|HBE_HUMAN","1.024387e+07","4.837705e+06","6.173973e+08","1.445027e+08","5.316128e+06","8.484652e+06","0.520965340436035","0.610091793789654"
"492","sp|P02042|HBD_HUMAN","1.362628e+07","9.340553e+06","6.386172e+08","1.662771e+08","1.570405e+07","1.112154e+07","0.536376828438139","0.626863163316931"
"493","sp|Q12884|SEPR_HUMAN","1.115157e+05","4.521342e+04","1.911098e+04","2.697665e+04","3.823323e+05","2.804679e+04","0.540961893857051","0.6309393285351"
"494","sp|P14780|MMP9_HUMAN","1.303618e+05","1.139241e+05","1.394449e+07","1.262247e+04","9.840709e+04","3.903266e+06","0.543061249911702","0.632105705868884"
"495","sp|P59665|DEF1_HUMAN","1.343300e+08","5.957758e+07","2.738374e+08","5.483185e+07","3.701670e+07","2.129881e+08","0.554008246387123","0.643544932671911"
"496","sp|P15169|CBPN_HUMAN","1.314308e+08","1.001375e+08","1.576333e+08","1.078822e+08","1.080928e+08","1.363963e+08","0.564334498492722","0.654218420631683"
"497","sp|P04114|APOB_HUMAN;sp|Q9ULK0|GRID1_HUMAN;sp|O75964|ATP5L_HUMAN;sp|Q7Z4Y8|AT5L2_HUMAN","2.077767e+10","1.497854e+10","2.334186e+10","1.989387e+10","1.947710e+10","2.560054e+10","0.571297295536572","0.660957635681145"
"498","sp|P02656|APOC3_HUMAN","8.369051e+08","4.746011e+08","1.495496e+09","6.562007e+08","5.057929e+08","1.016677e+09","0.576706893267869","0.66587643299001"
"499","sp|P02765|FETUA_HUMAN","8.233755e+09","9.340553e+09","7.315804e+09","7.917957e+09","8.973745e+09","9.316916e+09","0.578192131874331","0.666253458572625"
"500","sp|P05164|PERM_HUMAN","2.470837e+06","3.800895e+06","6.273249e+06","1.104285e+06","4.570340e+05","6.760164e+06","0.580673651400687","0.666990490863874"
"501","sp|P04180|LCAT_HUMAN","2.232391e+07","1.009790e+07","2.970782e+07","1.217386e+07","2.182252e+07","1.636756e+07","0.582657851781117","0.666990490863874"
"502","sp|P10909|CLUS_HUMAN","2.589960e+09","3.037783e+09","3.920624e+09","2.959336e+09","2.620741e+09","3.179083e+09","0.583265185569759","0.666990490863874"
"503","sp|Q01459|DIAC_HUMAN","3.085166e+06","2.631581e+06","3.345652e+06","6.821662e+06","1.844109e+06","3.281399e+06","0.583471681573093","0.666990490863874"
"504","sp|P31146|COR1A_HUMAN","3.678074e+04","1.705579e+05","7.976330e+05","1.401772e+05","1.019744e-05","2.392164e+06","0.584947527196361","0.667350849479975"
"505","sp|P12110|CO6A2_HUMAN","1.438372e+05","5.016710e+05","9.639534e+05","1.471144e+05","7.865716e+05","1.037332e+05","0.588139744401586","0.668815174716806"
"506","sp|P01011|AACT_HUMAN","3.807628e+10","3.214497e+10","2.687851e+10","2.464464e+10","5.057929e+10","3.682700e+10","0.58855735375079","0.668815174716806"
"507","sp|O75874|IDHC_HUMAN","6.368083e+05","4.454938e+05","1.212430e+06","7.874950e+05","7.860439e+05","1.188346e+06","0.597579211334575","0.677727902401145"
"508","sp|P28066|PSA5_HUMAN","9.664031e-06","8.414913e-06","1.503853e+05","9.897446e-06","1.315590e+04","4.580647e+04","0.610043651490066","0.690502164580291"
"509","sp|P31946|1433B_HUMAN;sp|P27348|1433T_HUMAN;sp|P61981|1433G_HUMAN;sp|Q04917|1433F_HUMAN","4.339150e+07","3.105103e+07","3.758949e+07","9.117738e+06","1.978303e+07","5.697168e+07","0.612767957886242","0.692127347402666"
"510","sp|Q13232|NDK3_HUMAN","1.014803e+05","3.280981e+04","8.815754e+04","8.075645e+03","2.579495e+04","4.405456e+05","0.6138868646528","0.692127347402666"
"511","sp|Q86WI1|PKHL1_HUMAN","6.496164e+03","4.193253e+05","1.228509e+06","1.293927e+06","2.282063e+05","8.817064e+05","0.626859378544152","0.705370142197431"
"512","sp|CAH2_HUMAN|","7.290266e+05","1.000583e+06","7.868318e+06","2.044014e+06","1.765726e+06","1.831458e+06","0.6292761228713","0.705665005236147"
"513","sp|P20908|CO5A1_HUMAN","7.905178e+07","7.001207e+07","5.304968e+07","4.018363e+07","7.525709e+07","6.620466e+07","0.62957590901938","0.705665005236147"
"514","sp|P02766|TTHY_HUMAN","5.199249e+09","5.537013e+09","8.487950e+09","5.483185e+09","7.097416e+09","4.700426e+09","0.637981643824802","0.713695418675605"
"515","sp|P08519|APOA_HUMAN","1.623557e+07","1.304311e+07","4.466278e+07","8.202824e+06","9.070081e+06","3.630240e+07","0.645044396966849","0.720195200496967"
"516","sp|Q04756|HGFA_HUMAN","5.508498e+07","6.445823e+07","7.922086e+07","3.751132e+07","7.943803e+07","6.085373e+07","0.650354574329931","0.723685617766219"
"517","sp|P07911|UROM_HUMAN","6.566418e+05","2.248590e+05","1.299090e+05","4.738599e+05","2.714611e+05","5.388838e+05","0.650687764148062","0.723685617766219"
"518","sp|P00740|FA9_HUMAN","5.247569e+07","7.514517e+07","3.870101e+07","3.464106e+07","6.791493e+07","4.270253e+07","0.655903116151613","0.72807778337293"
"519","sp|Q15166|PON3_HUMAN","1.005059e+08","4.586127e+07","4.284394e+07","7.254828e+07","4.150357e+07","4.501078e+07","0.666970878059113","0.738936907290925"
"520","sp|HBA_HUMAN|;sp|P69905|HBA_HUMAN","1.140356e+08","1.136013e+08","5.022037e+09","2.494156e+09","7.056626e+07","1.405931e+08","0.673941282629911","0.745223533677306"
"521","sp|P13797|PLST_HUMAN","2.373910e+04","2.054259e+05","4.536642e+04","9.897446e-06","1.122403e+05","7.140391e+04","0.675855602981035","0.745905895804406"
"522","sp|Q9BUD6|SPON2_HUMAN","5.162806e+06","4.505490e+06","9.432561e+06","6.383950e+06","5.522184e+06","9.865326e+06","0.685091803924284","0.753304530727157"
"523","sp|P01024|CO3_HUMAN","9.760672e+10","7.464028e+10","8.983080e+10","8.581085e+10","8.178344e+10","8.498538e+10","0.687045149332827","0.753304530727157"
"524","sp|HBB_HUMAN|","1.749190e+08","1.826036e+08","6.689313e+09","3.454209e+09","1.080928e+08","2.455133e+08","0.68734945266065","0.753304530727157"
"525","sp|P07237|PDIA1_HUMAN","2.435318e+05","1.543364e+06","1.285851e+06","1.042514e+06","4.191212e+05","1.017392e+06","0.687799788924795","0.753304530727157"
"526","sp|P30740|ILEU_HUMAN","5.654417e+05","1.294729e+06","2.386357e+06","9.233253e+05","1.247686e+06","3.202198e+06","0.695439707472317","0.760224014822399"
"527","sp|Q7Z5L7|PODN_HUMAN","1.334720e+06","1.694178e+05","3.805852e+05","6.606535e+05","6.383120e+05","1.085258e+06","0.69955555620063","0.763272191300498"
"528","sp|P13611|CSPG2_HUMAN","5.189585e+07","4.417829e+07","3.627588e+07","3.028618e+07","5.006942e+07","6.578498e+07","0.711801306047606","0.775162407154116"
"529","sp|P78417|GSTO1_HUMAN","4.907884e+05","3.140930e+05","3.935756e+05","8.729383e+05","4.839751e+05","1.190901e+05","0.715612860346341","0.777840065593849"
"530","sp|P09486|SPRC_HUMAN","1.604229e+08","1.035034e+08","8.447531e+07","6.581801e+07","1.203298e+08","1.280027e+08","0.723834644235881","0.785292302708739"
"531","sp|P26038|MOES_HUMAN;sp|P15311|EZRI_HUMAN;sp|P35241|RADI_HUMAN","1.565573e+07","2.617038e+07","3.294133e+07","1.662771e+07","1.590800e+07","3.367939e+07","0.729754878613671","0.790224209421583"
"532","sp|Q9HCB6|SPON1_HUMAN","5.748332e+06","9.677150e+06","1.343925e+07","1.039232e+07","1.008061e+07","1.101662e+07","0.73248216764048","0.79168655337082"
"533","sp|P37802|TAGL2_HUMAN","2.708340e+06","3.783977e+06","4.006625e+06","5.301081e+06","2.768991e+06","3.367428e+06","0.740780474158782","0.798799458233917"
"534","sp|O00187|MASP2_HUMAN","8.882243e+06","5.940032e+06","1.313611e+07","4.766651e+06","1.091126e+07","1.657740e+07","0.741841583820716","0.798799458233917"
"535","sp|Q92743|HTRA1_HUMAN","1.368019e+06","7.013360e+05","5.984237e+05","8.038579e+05","5.658533e+05","1.007087e+06","0.745482192749126","0.801219179122893"
"536","sp|P02655|APOC2_HUMAN","5.228241e+08","2.204707e+08","1.323716e+08","3.394824e+08","1.448036e+08","2.518085e+08","0.746938351813677","0.801286478158329"
"537","sp|Q12841|FSTL1_HUMAN","3.923597e+08","2.204707e+08","3.092039e+08","3.592773e+08","2.824690e+08","3.346955e+08","0.762877743876925","0.816861643816074"
"538","sp|O14791|APOL1_HUMAN","8.137115e+07","5.309810e+07","2.930364e+07","5.047697e+07","6.475372e+07","3.158099e+07","0.769976425385584","0.821673883361337"
"539","sp|Q8IUX7|AEBP1_HUMAN;sp|Q8N436|CPXM2_HUMAN","1.294980e+07","5.375780e+06","4.820943e+06","8.510501e+06","7.511082e+06","9.794199e+06","0.770229953272627","0.821673883361337"
"540","sp|P06276|CHLE_HUMAN","3.855949e+07","3.222912e+07","4.587535e+07","3.493798e+07","3.854631e+07","4.836822e+07","0.773861864876107","0.823397834545178"
"541","sp|Q86YZ3|HORN_HUMAN","1.199711e+06","2.932418e+05","8.932566e+04","2.202128e+05","7.328009e+05","1.011701e+06","0.774709962589463","0.823397834545178"
"542","sp|LYSC_HUMAN|","8.272411e+07","7.043282e+07","4.567325e+08","2.286310e+08","2.253634e+08","2.738418e+08","0.786565009143765","0.834455498630378"
"543","sp|P21333|FLNA_HUMAN","4.463985e+05","1.223164e+06","2.476653e+06","3.299146e+05","1.045511e+06","3.829733e+06","0.790553713728515","0.837142514537562"
"544","sp|Q9H6X2|ANTR1_HUMAN","4.158829e+05","4.453241e+05","1.940822e+03","8.098138e+04","4.008037e+05","5.463967e+05","0.795382379716363","0.840707478560494"
"545","sp|O00468|AGRIN_HUMAN","4.340425e+06","2.198446e+06","3.292731e+06","2.022875e+06","5.865630e+06","3.037241e+06","0.797744984651566","0.841657552614038"
"546","sp|Q14315|FLNC_HUMAN","4.871340e+05","6.993670e+05","7.537637e+05","8.618448e+05","6.372805e+05","3.048951e+05","0.8184142398819","0.860352995840547"
"547","sp|P02794|FRIH_HUMAN","3.633776e+06","1.904522e+06","7.355124e+06","4.795335e+06","1.991423e+06","4.721058e+06","0.818457545608311","0.860352995840547"
"548","sp|Q9NRN5|OLFL3_HUMAN","1.726774e+06","3.535279e+06","2.533659e+06","1.809562e+06","2.926629e+06","3.582589e+06","0.824342518719308","0.864957934787596"
"549","sp|P08185|CBG_HUMAN","1.121028e+09","9.929597e+08","7.740202e+08","8.660265e+08","9.973093e+08","1.112154e+09","0.82657821258886","0.865723993148623"
"550","sp|Q13421|MSLN_HUMAN","1.208004e+07","1.447365e+07","2.384710e+07","2.098258e+07","1.753959e+07","8.272620e+06","0.829359232876352","0.866125555157811"
"551","sp|P02675|FIBB_HUMAN","2.367688e+10","3.197667e+10","3.172876e+10","3.226567e+10","3.446734e+10","2.360705e+10","0.82997422763818","0.866125555157811"
"552","sp|P02760|AMBP_HUMAN","4.300494e+09","3.365965e+09","5.759680e+09","5.305031e+09","4.333911e+09","4.322713e+09","0.832151328568893","0.866824300592597"
"553","sp|Q13308|PTK7_HUMAN","1.855659e+06","2.325456e+06","2.611397e+06","2.209185e+06","3.071542e+06","1.803547e+06","0.836069350648262","0.869330699136981"
"554","sp|TRFL_HUMAN|","1.024387e+07","8.499062e+06","3.435599e+07","1.108514e+07","8.340663e+06","2.696450e+07","0.837864576467196","0.869624786044472"
"555","sp|Q92496|FHR4_HUMAN;sp|Q02985|FHR3_HUMAN","3.179466e+07","3.517434e+07","6.440930e+06","9.255893e+06","1.825341e+07","3.829588e+07","0.849046206188294","0.879642465870755"
"556","sp|P24821|TENA_HUMAN","5.489170e+07","3.946594e+07","5.941565e+07","3.919389e+07","5.057929e+07","5.907009e+07","0.853490391059442","0.88265642960284"
"557","sp|P16152|CBR1_HUMAN","2.545524e+05","8.243280e+04","8.580582e+05","2.864332e+04","4.431318e+05","5.606547e+05","0.85964959992907","0.887430017880099"
"558","sp|P02679|FIBG_HUMAN","2.473992e+10","3.256571e+10","3.385075e+10","4.067850e+10","3.151008e+10","2.234801e+10","0.862975538135122","0.889266907576515"
"559","sp|ALBU_BOVIN|","2.580296e+07","2.431910e+07","1.283297e+07","2.632721e+07","2.100672e+07","1.248551e+07","0.864573494348235","0.889319783989687"
"560","sp|O75023|LIRB5_HUMAN","5.510957e+05","1.963457e+06","6.333176e+05","5.883698e+05","2.280625e+05","1.976216e+06","0.874503912209837","0.897928124144029"
"561","sp|Q03591|FHR1_HUMAN","2.502984e+08","1.270652e+08","9.730828e+07","1.514309e+08","1.580603e+08","1.416423e+08","0.882675439700895","0.904702990780775"
"562","sp|P05154|IPSP_HUMAN","2.048775e+07","3.349135e+07","3.112248e+07","2.563438e+07","3.477326e+07","2.213817e+07","0.884293273812993","0.90474845630333"
"563","sp|P00352|AL1A1_HUMAN","6.693545e+05","2.352157e+05","2.730140e+05","2.341006e+05","8.139740e+05","2.285239e+05","0.897392296544133","0.916519663433173"
"564","sp|P80188|NGAL_HUMAN","2.000455e+08","5.124682e+07","2.516071e+08","6.106724e+07","2.345411e+08","1.762660e+08","0.902052504083969","0.919645726681351"
"565","sp|Q99497|PARK7_HUMAN","8.062917e+05","1.377695e+06","5.135516e+06","2.249651e+06","1.055077e+06","3.427071e+06","0.905767939917584","0.921799230889577"
"566","sp|P05156|CFAI_HUMAN","1.420613e+09","1.438950e+09","1.333821e+09","1.217386e+09","1.600998e+09","1.332487e+09","0.91414250349448","0.928678338355699"
"567","sp|P37837|TALDO_HUMAN","2.513895e+06","2.821759e+06","5.980850e+06","2.352617e+06","2.030193e+06","6.426120e+06","0.929756698465767","0.94287495876158"
"568","sp|Q9UGM5|FETUB_HUMAN","2.957194e+07","1.927015e+07","2.293767e+07","1.276770e+07","3.987198e+07","1.678724e+07","0.936818473337126","0.948363771424027"
"569","sp|P55103|INHBC_HUMAN","7.900515e+05","1.227446e+05","1.848371e+05","2.225498e+05","4.076014e+05","4.114089e+05","0.939504414189219","0.949411314866082"
"570","sp|PPIA_HUMAN|;sp|Q9Y536|PAL4A_HUMAN","1.188088e+06","7.161438e+06","6.579662e+06","4.248167e+06","3.861422e+06","7.287115e+06","0.947482724106703","0.955793976072551"
"571","sp|P07360|CO8G_HUMAN","6.358933e+08","7.539762e+08","6.982349e+08","5.948365e+08","8.096765e+08","6.977195e+08","0.951012046559493","0.957591020159469"
"572","sp|P07996|TSP1_HUMAN","7.354328e+07","6.942303e+07","6.648894e+07","4.176722e+07","8.127357e+07","8.939203e+07","0.952594893097767","0.957591020159469"
"573","sp|P01833|PIGR_HUMAN","3.681996e+07","2.516059e+07","1.424763e+08","6.106724e+07","7.464524e+07","7.333924e+07","0.971094418691479","0.974483928006283"
"574","sp|CAH1_HUMAN|","1.391621e+07","5.159432e+06","8.679939e+07","6.868827e+07","1.366457e+07","2.024960e+07","0.973974235784148","0.975671055010253"
"575","sp|Q96RW7|HMCN1_HUMAN","5.544537e+04","8.414913e-06","1.331354e+05","1.153744e+04","4.849635e+04","1.247744e+05","0.981537856080315","0.981537856080315"
