"","0","  1.0000000"," 1.000000","  1.0000000","  2.0000000","  2.000000","  2.0000000","pVal","BHpVal"
"1","sp|P01024|CO3_HUMAN"," 36.5024053","36.502405"," 36.5024053"," 36.1766246"," 36.176625"," 36.1766246","2.03840910034725e-23","1.17208523269967e-20"
"2","sp|P01023|A2MG_HUMAN"," 35.1473129","35.147313"," 35.1473129"," 36.5024053"," 36.502405"," 36.5024053","6.27850677981866e-18","1.80507069919786e-15"
"3","sp|P60900|PSA6_HUMAN"," 20.6386097","20.922240"," 20.4459316"," 17.8628125"," 17.862812"," 17.5006584","0.000102331842003876","0.0187165624444854"
"4","sp|A0M8Q6|LAC7_HUMAN;sp|P0CG04|LAC1_HUMAN;sp|P0CG06|LAC3_HUMAN;sp|P0CF74|LAC6_HUMAN"," 31.5388993","31.249283"," 31.4497411"," 33.6841307"," 33.600012"," 33.9746324","0.000130202173526855","0.0187165624444854"
"5","sp|Q13201|MMRN1_HUMAN"," 16.9768897","17.671295"," 17.4190531"," 22.7557494"," 21.914720"," 21.9064600","0.000275685475886228","0.0267205227522613"
"6","sp|Q13790|APOF_HUMAN"," 27.1448303","27.283632"," 27.2836318"," 24.9823678"," 24.742147"," 24.6441622","0.000306339167485656","0.0267205227522613"
"7","sp|P06276|CHLE_HUMAN"," 25.7055232","25.652816"," 25.7952834"," 24.8856356"," 24.820181"," 24.8856356","0.00034616464377634","0.0267205227522613"
"8","sp|P22891|PROZ_HUMAN"," 23.9967034","23.817546"," 23.8281100"," 22.4294569"," 22.664303"," 22.3858783","0.000402064148610579","0.0267205227522613"
"9","sp|P01876|IGHA1_HUMAN"," 32.1154421","31.449741"," 31.7385161"," 34.8646718"," 34.390099"," 34.7572662","0.000418234269165829","0.0267205227522613"
"10","sp|Q96PD5|PGRP2_HUMAN"," 30.0205185","30.194573"," 29.9292696"," 29.0719677"," 28.906270"," 28.9162937","0.000624929873066266","0.0308211375761957"
"11","sp|P00739|HPTR_HUMAN"," 25.6721934","26.224417"," 26.2149396"," 23.2955596"," 23.732787"," 23.5587074","0.00064252121267239","0.0308211375761957"
"12","sp|P01714|LV301_HUMAN"," 24.3885563","24.514779"," 24.2051660"," 26.9917324"," 26.475275"," 26.6268813","0.000655448459980482","0.0308211375761957"
"13","sp|P35858|ALS_HUMAN"," 28.0236823","28.558060"," 28.5030969"," 26.2054623"," 26.402981"," 25.9311370","0.000696825719113989","0.0308211375761957"
"14","sp|B9A064|IGLL5_HUMAN;sp|P0CG04|LAC1_HUMAN;sp|P0CG06|LAC3_HUMAN;sp|P0CF74|LAC6_HUMAN"," 31.3714543","31.149336"," 31.4108538"," 33.9746324"," 33.457335"," 33.8638275","0.000812415098173722","0.0333670486749921"
"15","sp|P01593|KV101_HUMAN"," 28.4614480","28.399757"," 27.9381179"," 30.3159148"," 29.980264"," 30.3905945","0.000960572232695072","0.0368219355866444"
"16","Int_P06396ups|GELS_HUMAN_UPS"," 30.6356294","30.822148"," 30.7325037"," 31.5962663"," 31.371454"," 31.4497411","0.0011309456563262","0.0405448940490974"
"17","sp|P24821|TENA_HUMAN"," 26.0665644","25.888778"," 26.1664716"," 25.0488934"," 25.168511"," 25.2822627","0.00133853465357155","0.0405448940490974"
"18","sp|P10643|CO7_HUMAN"," 31.9420088","31.942009"," 31.5962663"," 33.3431339"," 33.164867"," 32.9238600","0.0014278975567086","0.0405448940490974"
"19","sp|P17900|SAP3_HUMAN"," 21.8060503","22.066076"," 21.9965325"," 23.4298266"," 23.817546"," 23.4023066","0.00145751698213216","0.0405448940490974"
"20","sp|Q9NPH3|IL1AP_HUMAN"," 23.2106934","23.479558"," 23.0858940"," 22.1620051"," 21.863744"," 22.0912329","0.00148880713006823","0.0405448940490974"
"21","sp|P02774|VTDB_HUMAN"," 33.9746324","33.974632"," 33.8638275"," 33.1648673"," 33.288163"," 33.0623123","0.00159185696220016","0.0405448940490974"
"22","sp|Q16663|CCL15_HUMAN"," 13.0425054","10.912345"," 12.7290026"," 18.8112767"," 20.021496"," 20.0362983","0.00162724880223995","0.0405448940490974"
"23","sp|P01608|KV116_HUMAN"," 28.3997572","28.329180"," 27.8086345"," 30.1249273"," 29.819164"," 30.2881484","0.00171530021050731","0.0405448940490974"
"24","sp|P20742|PZP_HUMAN"," 27.3247006","27.854691"," 28.3154780"," 25.2812716"," 25.217779"," 24.4700680","0.00189497784240806","0.0405448940490974"
"25","sp|P01768|HV307_HUMAN"," 21.5451669","20.366773"," 20.6386097"," 24.7513220"," 23.973211"," 24.5967623","0.00197623214629704","0.0405448940490974"
"26","sp|P01597|KV105_HUMAN"," 28.3527457","28.329180"," 27.8086345"," 30.1249273"," 29.819164"," 30.1500958","0.00202110481710058","0.0405448940490974"
"27","sp|P01606|KV114_HUMAN"," 28.3527457","28.329180"," 27.8086345"," 30.1249273"," 29.819164"," 30.1500958","0.00202110481710058","0.0405448940490974"
"28","sp|P01599|KV107_HUMAN;sp|P01610|KV118_HUMAN"," 28.3527457","28.329180"," 27.8086345"," 30.1249273"," 29.819164"," 30.1500958","0.00202110481710058","0.0405448940490974"
"29","sp|P31949|S10AB_HUMAN"," 20.9375946","20.842173"," 21.4217671"," 18.0555050"," 18.500869"," 18.9673879","0.00217586088450098","0.0405448940490974"
"30","sp|P08107|HSP71_HUMAN;sp|P17066|HSP76_HUMAN"," 22.3219355","21.602832"," 21.1512964"," 18.9010901"," 18.299958"," 18.1065132","0.00223865796390912","0.0405448940490974"
"31","sp|P51884|LUM_HUMAN"," 31.3064441","31.197921"," 30.9922384"," 32.1413280"," 31.873130"," 32.1154421","0.00225529320878748","0.0405448940490974"
"32","sp|Q96IY4|CBPB2_HUMAN"," 26.7022252","26.991732"," 26.7022252"," 25.6417800"," 25.913356"," 25.5053076","0.00230899682724941","0.0405448940490974"
"33","sp|P01033|TIMP1_HUMAN"," 29.8483073","29.772499"," 29.7900216"," 30.3905945"," 30.577521"," 30.5198586","0.00235130022899911","0.0405448940490974"
"34","sp|P00734|THRB_HUMAN"," 33.1648673","32.923860"," 32.8680188"," 31.9909942"," 32.224907"," 32.2249071","0.0023980651824179","0.0405448940490974"
"35","sp|P07900|HS90A_HUMAN;sp|Q92538|GBF1_HUMAN;sp|Q14568|HS902_HUMAN;sp|Q58FF8|H90B2_HUMAN;sp|Q58FG1|HS904_HUMAN"," 23.9732106","24.786955"," 24.7257834"," 22.0912329"," 21.767754"," 22.4615892","0.00246795007255375","0.0405448940490974"
"36","sp|Q12913|PTPRJ_HUMAN"," 21.9828529","21.806050"," 22.1269383"," 23.0714504"," 23.085894"," 22.9528055","0.00254775869124615","0.0406933679851815"
"37","sp|Q86VB7|C163A_HUMAN"," 26.7656412","26.739577"," 27.3107038"," 28.2990535"," 28.753353"," 28.8962469","0.00273230228176471","0.0408855202046053"
"38","sp|P01609|KV117_HUMAN"," 28.4364672","28.379909"," 27.8086345"," 30.2603820"," 29.929270"," 30.2881484","0.00275627226026938","0.0408855202046053"
"39","sp|P80419|HV322_HUMAN"," 13.7566426","13.756643"," 12.1514572"," 18.2999578"," 17.048795"," 18.5486853","0.00277310484866018","0.0408855202046053"
"40","sp|Q9UK55|ZPI_HUMAN"," 26.2444906","26.485984"," 25.9565316"," 24.9553037"," 24.613452"," 25.0889662","0.00304974074125545","0.0432377216992555"
"41","sp|P0CG05|LAC2_HUMAN;sp|P0CG04|LAC1_HUMAN;sp|P0CG06|LAC3_HUMAN;sp|P0CF74|LAC6_HUMAN"," 31.9909942","31.629418"," 32.1154421"," 34.4909197"," 34.217242"," 35.1473129","0.00308303754725126","0.0432377216992555"
"42","sp|P15169|CBPN_HUMAN"," 27.3499679","27.349968"," 27.4816138"," 26.4752752"," 26.160979"," 26.4269958","0.00319370438830999","0.0436780514417038"
"43","sp|P01619|KV301_HUMAN"," 22.8165606","22.442655"," 22.1447511"," 24.8436541"," 24.205166"," 24.1248590","0.0032663586295535","0.0436780514417038"
"44","sp|P11142|HSP7C_HUMAN;sp|P34931|HS71L_HUMAN"," 22.2754508","21.666394"," 22.3219355"," 19.2505606"," 19.973268"," 18.9010901","0.00335266021736574","0.0438131732951205"
"45","sp|P01769|HV308_HUMAN"," 21.9425435","20.574235"," 21.1331573"," 24.0092939"," 24.399821"," 24.9553037","0.00387942784277637","0.0486898295838589"
"46","sp|P80108|PHLD_HUMAN"," 26.2836314","25.980079"," 26.0665644"," 24.7421465"," 24.982368"," 25.2177795","0.00393924151567035","0.0486898295838589"
"47","sp|O14786|NRP1_HUMAN"," 23.5587074","23.619386"," 23.3198572"," 24.2051660"," 24.596762"," 24.5077704","0.00407870436161342","0.0486898295838589"
"48","sp|P02743|SAMP_HUMAN"," 29.0062055","29.092360"," 28.5917858"," 27.6696820"," 27.439996"," 27.4239273","0.0041772078704844","0.0486898295838589"
"49","sp|P01620|KV302_HUMAN;sp|P18135|KV312_HUMAN"," 26.9041715","27.184016"," 26.6268813"," 28.4364672"," 28.247943"," 28.5030969","0.00427067322072884","0.0486898295838589"
"50","sp|P0DJI8|SAA1_HUMAN"," 28.7533528","27.951616"," 27.0719241"," 24.8201806"," 24.109157"," 23.3151224","0.00429211526206659","0.0486898295838589"
"51","sp|P36955|PEDF_HUMAN"," 30.8221482","30.732504"," 30.5198586"," 31.4108538"," 31.505838"," 31.3064441","0.00443058533624751","0.0486898295838589"
"52","sp|Q14520|HABP2_HUMAN"," 28.6912034","28.591786"," 28.2357809"," 27.6353966"," 27.439996"," 27.2389140","0.00445612608166374","0.0486898295838589"
"53","sp|Q15582|BGH3_HUMAN"," 27.9381179","28.105380"," 27.6353966"," 26.7131414"," 27.065672"," 26.7240576","0.0045464085361609","0.0486898295838589"
"54","sp|P04083|ANXA1_HUMAN"," 18.5008687","19.703256"," 19.5333977"," 16.5982318"," 15.949336"," 15.9493365","0.00464611763262867","0.0486898295838589"
"55","sp|P02749|APOH_HUMAN"," 33.0623123","33.164867"," 33.3981052"," 32.2634552"," 31.990994"," 32.4327092","0.00465728804715172","0.0486898295838589"
"56","sp|P24592|IBP6_HUMAN"," 24.2353435","24.205166"," 24.8690076"," 26.2998709"," 26.331809"," 25.7055232","0.00492087743489242","0.0505268665189847"
"57","sp|P18669|PGAM1_HUMAN;sp|Q8N0Y7|PGAM4_HUMAN"," 23.3198572","22.755749"," 22.2094200"," 19.8705390"," 19.282324"," 20.5978080","0.00504287953280599","0.0508711531818149"
"58","sp|P18428|LBP_HUMAN"," 28.8962469","28.863805"," 28.2990535"," 27.1269323"," 27.520395"," 27.0936050","0.00522319491830691","0.0517816737590771"
"59","sp|P07333|CSF1R_HUMAN"," 26.4174058","26.353743"," 26.5225634"," 27.4009724"," 27.808635"," 27.5010046","0.00536322104854578","0.0522686797104038"
"60","sp|P29622|KAIN_HUMAN"," 28.7285578","29.229712"," 29.0062055"," 27.9381179"," 28.105380"," 27.7606348","0.00570157178460267","0.0544282728961427"
"61","sp|P06889|LV405_HUMAN"," 24.4249322","24.399821"," 23.4298266"," 26.9041715"," 26.205462"," 26.3537430","0.00577412982028644","0.0544282728961427"
"62","sp|P04206|KV307_HUMAN;sp|P18135|KV312_HUMAN;sp|P18136|KV313_HUMAN"," 26.5225634","27.071924"," 26.4174058"," 28.3626092"," 27.775465"," 28.3154780","0.00598827681547451","0.0555364382080297"
"63","sp|P30101|PDIA3_HUMAN"," 19.2023289","20.036298"," 20.1822968"," 15.1908007"," 15.376302"," 16.8803989","0.00624444841287911","0.0569929815461189"
"64","sp|P13671|CO6_HUMAN"," 29.9802637","30.099759"," 29.6038020"," 29.0062055"," 28.863805"," 28.6579217","0.00638774199885567","0.0573898695209689"
"65","sp|P04217|A1BG_HUMAN"," 33.6841307","33.684131"," 33.6841307"," 32.9238600"," 33.004859"," 32.7853947","0.00669013908720686","0.0583353518515535"
"66","sp|P19827|ITIH1_HUMAN"," 31.5962663","31.629418"," 31.3064441"," 30.5775206"," 30.693738"," 30.5775206","0.00675233727271005","0.0583353518515535"
"67","sp|P41222|PTGDS_HUMAN"," 28.3527457","28.271861"," 28.8638049"," 29.6747926"," 30.099759"," 29.5578771","0.00690927890515898","0.0583353518515535"
"68","sp|Q03167|TGBR3_HUMAN"," 21.4835341","21.064032"," 20.9861421"," 22.4840579"," 22.943615"," 23.3483316","0.00697888806760948","0.0583353518515535"
"69","sp|P17813|EGLN_HUMAN"," 21.0308358","20.986142"," 20.7312636"," 21.6797094"," 21.483534"," 21.5195536","0.00700024222218642","0.0583353518515535"
"70","sp|P14207|FOLR2_HUMAN"," 21.6797094","21.569959"," 21.0943914"," 23.1879630"," 22.500663"," 23.1756269","0.00747718144848515","0.059672579082836"
"71","sp|TRFE_HUMAN|"," 31.0076159","32.263455"," 32.5526162"," 28.6912034"," 28.399757"," 27.9381179","0.00764972350894703","0.059672579082836"
"72","sp|Q6UVK1|CSPG4_HUMAN"," 20.9030103","20.236118"," 20.3374159"," 18.6881667"," 18.750439"," 19.4033413","0.00766219658314789","0.059672579082836"
"73","sp|P02746|C1QB_HUMAN"," 29.0923604","29.006206"," 29.3058741"," 29.9292696"," 30.390595"," 30.0003911","0.00768234563852908","0.059672579082836"
"74","sp|P05546|HEP2_HUMAN"," 30.6356294","30.976861"," 30.3159148"," 29.2297119"," 28.967931"," 29.1585771","0.00769572673114364","0.059672579082836"
"75","sp|O95445|APOM_HUMAN"," 28.6579217","28.223618"," 28.1801067"," 26.7656412"," 25.888778"," 25.8339117","0.00778337988036992","0.059672579082836"
"76","sp|P80748|LV302_HUMAN"," 27.0199886","27.317702"," 26.2357293"," 28.9162937"," 28.779507"," 29.4186428","0.0079708111970162","0.0597413291482213"
"77","sp|P01772|HV311_HUMAN"," 23.6512397","23.283224"," 23.2504776"," 26.1609788"," 25.520447"," 26.6839039","0.00800014320767486","0.0597413291482213"
"78","sp|P16930|FAAA_HUMAN"," 21.9064600","21.545167"," 21.8855310"," 22.9788588"," 23.002636"," 23.0301152","0.00822012367588863","0.0605970655594354"
"79","sp|Q99784|NOE1_HUMAN"," 22.9344235","22.736340"," 22.8165606"," 23.7851030"," 24.235343"," 23.8175462","0.00872478644195973","0.0632973523456835"
"80","sp|P01834|IGKC_HUMAN"," 31.6625699","31.505838"," 31.7901830"," 34.3900991"," 33.863827"," 34.9352219","0.00880658815244292","0.0632973523456835"
"81","sp|Q92626|PXDN_HUMAN"," 21.7236545","20.760114"," 20.8604143"," 18.1880907"," 19.460532"," 18.6420395","0.00896294939574647","0.0636258753401756"
"82","sp|Q12805|FBLN3_HUMAN"," 28.8638049","28.896247"," 28.9679310"," 29.7549765"," 29.519342"," 29.8483073","0.00943950510186386","0.0661916516289234"
"83","sp|P23142|FBLN1_HUMAN"," 28.2718606","28.657922"," 28.2718606"," 29.2126126"," 29.092360"," 29.3504514","0.0099094406791761","0.0686497396448947"
"84","sp|P01877|IGHA2_HUMAN"," 29.7900216","28.916294"," 29.8483073"," 31.7901830"," 30.822148"," 31.5962663","0.0111411901818574","0.0757600964943359"
"85","sp|P00751|CFAB_HUMAN"," 33.8638275","33.863827"," 33.6000118"," 33.0623123"," 33.062312"," 33.0048594","0.0112352400300112","0.0757600964943359"
"86","sp|P01591|IGJ_HUMAN"," 28.0584619","26.972769"," 27.4009724"," 29.6747926"," 29.519342"," 29.9292696","0.0113310753017615","0.0757600964943359"
"87","sp|Q01995|TAGL_HUMAN"," 19.6202515","18.299958"," 17.8628125"," 21.0943914"," 22.144751"," 21.9147203","0.011892362976123","0.0776972351915538"
"88","sp|P01613|KV121_HUMAN"," 24.7563958","24.343245"," 24.8201806"," 27.3247006"," 26.224417"," 26.5919014","0.0119931207537449","0.0776972351915538"
"89","sp|O43866|CD5L_HUMAN"," 27.2836318","27.481614"," 26.7240576"," 28.7285578"," 30.020519"," 29.7549765","0.0121756471346729","0.0776972351915538"
"90","sp|P01042|KNG1_HUMAN"," 32.8680188","33.062312"," 33.0623123"," 32.5741437"," 32.304610"," 32.5741437","0.0122390366706451","0.0776972351915538"
"91","sp|P27169|PON1_HUMAN"," 29.7119543","29.711954"," 29.0923604"," 28.3799090"," 28.271861"," 28.0316786","0.0122964320042285","0.0776972351915538"
"92","sp|P15259|PGAM2_HUMAN"," 23.2206612","22.359290"," 21.9147203"," 20.0362983"," 18.857029"," 20.4459316","0.012472457718755","0.0779528607422186"
"93","sp|P98088|MUC5A_HUMAN;sp|Q9HC84|MUC5B_HUMAN"," 23.9465573","24.009294"," 25.0488934"," 19.9200383"," 21.822806"," 19.8611115","0.0127753419020359","0.0789873289642002"
"94","sp|P02747|C1QC_HUMAN"," 30.1723346","30.150096"," 30.6937382"," 31.6625699"," 31.197921"," 31.1979213","0.0131277897243858","0.0803029690587428"
"95","sp|P01598|KV106_HUMAN"," 23.1820689","22.515510"," 21.5699589"," 25.6231781"," 24.786955"," 25.1685107","0.0134031072106865","0.0804201871446789"
"96","sp|Q9UBR2|CATZ_HUMAN"," 22.2378805","21.483534"," 21.3744099"," 22.8418937"," 23.187963"," 23.6111068","0.0135497830691957","0.0804201871446789"
"97","sp|P05452|TETN_HUMAN"," 27.6136450","28.058462"," 28.0156860"," 28.8962469"," 28.691203"," 28.7949346","0.0135665359183197","0.0804201871446789"
"98","sp|P11226|MBL2_HUMAN"," 23.4795579","24.275110"," 23.5387528"," 24.9345342"," 25.336960"," 25.3934380","0.0139351762377526","0.0811184093092742"
"99","sp|P15085|CBPA1_HUMAN"," 19.0234795","17.048795"," 18.3797898"," 20.6913594"," 23.002636"," 22.6360876","0.0139664739506403","0.0811184093092742"
"100","sp|P01700|LV102_HUMAN;sp|P04208|LV106_HUMAN"," 24.8856356","24.746734"," 25.0650117"," 27.0656724"," 26.522563"," 27.6136450","0.014621739586435","0.0836438279025363"
"101","sp|O43707|ACTN4_HUMAN;sp|Q9H254|SPTN4_HUMAN"," 20.1593846","22.468992"," 21.7467946"," 17.4190531"," 17.112161"," 18.3797898","0.0146964876852207","0.0836438279025363"
"102","sp|P03952|KLKB1_HUMAN;sp|P20718|GRAH_HUMAN"," 29.4808073","30.020519"," 30.1500958"," 28.5030969"," 28.379909"," 28.5917858","0.014837687732276","0.0836438279025363"
"103","sp|P07358|CO8B_HUMAN"," 30.2603820","30.260382"," 29.7549765"," 28.9679310"," 29.158577"," 28.9679310","0.0150474943223415","0.084003002284916"
"104","sp|P00748|FA12_HUMAN"," 29.7549765","29.480807"," 29.2297119"," 28.7533528"," 28.810362"," 28.3428822","0.0156972819023698","0.085315428257149"
"105","sp|P23083|HV103_HUMAN"," 24.9778784","25.140888"," 25.6070086"," 26.6268813"," 26.007611"," 26.7395767","0.0157194641992939","0.085315428257149"
"106","sp|P10451|OSTP_HUMAN"," 26.6206418","25.705523"," 25.6721934"," 23.9732106"," 24.333061"," 23.9732106","0.0157277137308831","0.085315428257149"
"107","sp|P06331|HV209_HUMAN;sp|P01825|HV207_HUMAN"," 26.0449394","25.370452"," 25.7494850"," 28.1053800"," 27.078176"," 28.2990535","0.0159948460279829","0.0855270045803474"
"108","sp|Q9Y5Y7|LYVE1_HUMAN"," 25.0488934","25.469376"," 25.3369601"," 26.5610306"," 25.931137"," 26.2300732","0.0160642025994392","0.0855270045803474"
"109","sp|CO5_HUMAN|;Int_P01031ups|CO5_HUMAN_UPS"," 28.2479435","28.810362"," 28.3997572"," 27.8546909"," 27.481614"," 27.2836318","0.016279380561713","0.0858709002018617"
"110","sp|P0C0L5|CO4B_HUMAN"," 31.2492827","31.371454"," 31.3714543"," 29.8786211"," 30.315915"," 30.4196147","0.0165106811052839","0.0858709002018617"
"111","sp|O00391|QSOX1_HUMAN"," 27.6353966","27.724297"," 27.5712923"," 28.2236184"," 27.965115"," 28.0156860","0.0165768172563594","0.0858709002018617"
"112","sp|Q06323|PSME1_HUMAN"," 17.9402157","18.500869"," 19.3115042"," 15.9493365"," 16.117334"," 16.4418940","0.0169214132698414","0.0868733270549893"
"113","sp|P00746|CFAD_HUMAN"," 27.6696820","27.635397"," 28.4614480"," 29.4808073"," 29.639922"," 29.2297119","0.0172080040857229","0.0872224238095384"
"114","sp|P01743|HV102_HUMAN"," 24.8666743","24.056886"," 24.2353435"," 26.5096281"," 25.425266"," 26.0975205","0.017292793590065","0.0872224238095384"
"115","sp|P00738|HPT_HUMAN"," 34.1104764","34.490920"," 34.2172423"," 31.3064441"," 32.574144"," 31.5223688","0.0178587048825945","0.0885168749459371"
"116","sp|P19823|ITIH2_HUMAN"," 32.5741437","32.304610"," 32.2634552"," 32.0421710"," 31.790183"," 31.7385161","0.0179992523265012","0.0885168749459371"
"117","sp|P43251|BTD_HUMAN"," 26.2998709","26.765641"," 26.3318088"," 25.9133557"," 25.623178"," 25.5821382","0.0180112597716081","0.0885168749459371"
"118","sp|P01871|IGHM_HUMAN"," 30.5198586","30.419615"," 30.3905945"," 32.1154421"," 32.467348"," 33.1648673","0.0188241051432233","0.0903198921986253"
"119","sp|Q14126|DSG2_HUMAN"," 21.9708683","21.863744"," 21.4835341"," 22.5839268"," 22.736340"," 22.5686542","0.0188976345937961","0.0903198921986253"
"120","sp|B2MG_HUMAN|"," 30.0997588","29.212613"," 29.1585771"," 30.7325037"," 31.538899"," 30.8221482","0.0190037850471601","0.0903198921986253"
"121","sp|Q04756|HGFA_HUMAN"," 26.0975205","26.591901"," 26.4752752"," 24.9733889"," 25.705523"," 25.3369601","0.0190064468800585","0.0903198921986253"
"122","sp|P01701|LV103_HUMAN;sp|P06888|LV109_HUMAN;sp|P01702|LV104_HUMAN"," 25.6528164","24.885636"," 24.2836950"," 27.8086345"," 26.869300"," 26.4859840","0.0192953510315032","0.0909412036320847"
"123","sp|P04746|AMYP_HUMAN"," 14.7553803","15.190801"," 15.1908007"," 17.9846504"," 18.811277"," 17.1121609","0.020051465676666","0.0937365265372599"
"124","sp|P05062|ALDOB_HUMAN"," 20.3667732","20.717957"," 21.0640320"," 22.0660756"," 21.942543"," 22.0351759","0.0203212340922872","0.0942315290569768"
"125","sp|P07998|RNAS1_HUMAN"," 25.5204468","24.999547"," 25.8453327"," 26.9727692"," 26.991732"," 26.7656412","0.0205291488704787","0.0944340848042018"
"126","sp|P49747|COMP_HUMAN"," 27.9928472","27.669682"," 26.9727692"," 26.3537430"," 25.543541"," 26.2836314","0.0209543117092598","0.0946657876874557"
"127","sp|P07942|LAMB1_HUMAN"," 22.9035231","23.193857"," 23.8175462"," 24.5007619"," 24.934534"," 24.5077704","0.0211036422850912","0.0946657876874557"
"128","sp|Q96SM3|CPXM1_HUMAN"," 20.2981780","21.337709"," 21.0506682"," 18.5486853"," 19.585091"," 19.5165590","0.0214130274641754","0.0946657876874557"
"129","sp|Q15063|POSTN_HUMAN"," 29.3504514","29.639922"," 29.4808073"," 27.0656724"," 28.058462"," 26.9441496","0.0214802551825283","0.0946657876874557"
"130","sp|P01621|KV303_HUMAN;sp|P18135|KV312_HUMAN"," 24.2051660","23.669261"," 22.8418937"," 26.0665644"," 25.652816"," 25.7494850","0.0216071086247521","0.0946657876874557"
"131","sp|P07357|CO8A_HUMAN"," 29.6747926","29.772499"," 29.2126126"," 28.8103621"," 28.906270"," 28.4364672","0.0216531157455481","0.0946657876874557"
"132","sp|Q96KN2|CNDP1_HUMAN"," 23.1344267","23.918781"," 23.6391666"," 21.0308358"," 22.300705"," 21.9290273","0.0217319721299898","0.0946657876874557"
"133","sp|P01860|IGHG3_HUMAN"," 30.1723346","30.693738"," 30.0997588"," 32.7853947"," 31.596266"," 31.8731299","0.0222409089261446","0.0961543055077679"
"134","sp|P04406|G3P_HUMAN"," 23.8934320","25.319881"," 25.1408881"," 22.5006629"," 22.275451"," 23.1510630","0.0224820997551457","0.0964535781532296"
"135","sp|P0DJI9|SAA2_HUMAN"," 25.1780494","23.583996"," 24.9823678"," 21.3744099"," 21.508873"," 21.6955915","0.0228511577476365","0.0964535781532296"
"136","sp|Q9NZK5|CECR1_HUMAN"," 20.5176200","19.311504"," 19.6202515"," 21.8060503"," 22.461589"," 21.0640320","0.0228701617304135","0.0964535781532296"
"137","sp|P20908|CO5A1_HUMAN"," 26.7240576","26.702225"," 26.0076108"," 25.0650117"," 25.607009"," 25.4693760","0.0229811134034651","0.0964535781532296"
"138","sp|P02748|CO9_HUMAN"," 31.8731299","31.831656"," 31.6625699"," 30.5775206"," 30.976861"," 31.1493356","0.0231880864143905","0.0966170267266269"
"139","sp|PRDX1_HUMAN|"," 21.1331573","21.906460"," 22.5315610"," 19.4605324"," 19.346587"," 19.6516408","0.02354160660476","0.0973843438686114"
"140","sp|Q12866|MERTK_HUMAN"," 20.3374159","20.883929"," 21.4519029"," 22.2378805"," 22.709130"," 22.5315610","0.0243831287226227","0.0997102214043261"
"141","sp|P01781|HV320_HUMAN"," 24.8666743","25.264740"," 24.5470570"," 26.6031519"," 25.774572"," 25.8887778","0.0246088684746176","0.0997102214043261"
"142","sp|P05543|THBG_HUMAN"," 29.2211622","29.350451"," 28.7285578"," 28.3997572"," 28.342882"," 27.9651145","0.024624089459851","0.0997102214043261"
"143","sp|Q9Y279|VSIG4_HUMAN"," 25.4693760","25.956532"," 25.9800787"," 26.3262919"," 26.765641"," 26.9727692","0.0255807593703795","0.102859696769009"
"144","sp|O75636|FCN3_HUMAN"," 21.8228057","21.965334"," 22.3007048"," 21.2102707"," 21.545167"," 20.9375946","0.0258564727410239","0.103246332125616"
"145","sp|P55285|CADH6_HUMAN"," 18.1455877","19.845553"," 18.2999578"," 20.7712364"," 21.929027"," 20.8421731","0.0263677782947001","0.1045618794445"
"146","sp|Q9BQE3|TBA1C_HUMAN"," 18.8898448","18.424017"," 18.6420395"," 14.6723194"," 16.598232"," 15.0386751","0.027145928587255","0.106212280446514"
"147","sp|P02652|APOA2_HUMAN"," 33.3981052","33.004859"," 33.0048594"," 32.6462002"," 32.115442"," 31.9909942","0.0273212109372313","0.106212280446514"
"148","sp|P22897|MRC1_HUMAN"," 24.6051073","25.048893"," 25.1651923"," 25.8887778"," 25.672193"," 25.6231781","0.0274149112844872","0.106212280446514"
"149","sp|P27918|PROP_HUMAN"," 25.8567538","25.931137"," 26.7395767"," 27.5712923"," 27.775465"," 27.4560642","0.0275228344113576","0.106212280446514"
"150","sp|P22352|GPX3_HUMAN"," 27.8086345","27.907751"," 27.6696820"," 28.6579217"," 28.558060"," 29.2126126","0.0278931417228864","0.106589163386242"
"151","sp|P36980|FHR2_HUMAN"," 26.9917324","26.561031"," 26.2998709"," 25.8339117"," 25.641780"," 24.9823678","0.0283388915922585","0.106589163386242"
"152","sp|P01766|HV305_HUMAN"," 26.4966927","26.235729"," 26.3885565"," 28.1405551"," 27.310704"," 28.2236184","0.0285051933829038","0.106589163386242"
"153","sp|P20774|MIME_HUMAN"," 23.7327871","23.182069"," 23.7787607"," 24.6635642"," 24.574550"," 24.0900241","0.0286610948934707","0.106589163386242"
"154","sp|P10645|CMGA_HUMAN"," 21.1512964","18.923307"," 19.6825374"," 24.6915780"," 22.484058"," 22.5006629","0.0287157958070331","0.106589163386242"
"155","sp|P04075|ALDOA_HUMAN"," 22.0660756","23.210693"," 23.3826525"," 20.5742345"," 21.291042"," 21.4217671","0.0287327309997695","0.106589163386242"
"156","sp|P07478|TRY2_HUMAN;sp|Q8NHM4|TRY6_HUMAN"," 22.7258550","22.903523"," 21.9708683"," 24.1662202"," 26.244491"," 25.3198807","0.0292537523484553","0.107444766994676"
"157","sp|P00558|PGK1_HUMAN;sp|P07205|PGK2_HUMAN"," 22.6732326","24.235343"," 24.6915780"," 20.4459316"," 20.986142"," 22.1447511","0.0293370929011549","0.107444766994676"
"158","sp|Q99715|COCA1_HUMAN"," 25.2822627","23.817546"," 24.4387788"," 22.1447511"," 23.210693"," 22.7258550","0.0296666998158941","0.107964255659108"
"159","sp|Q14393|GAS6_HUMAN"," 18.4240170","19.821160"," 18.5008687"," 21.2471819"," 21.050668"," 20.5176200","0.0298566624570303","0.107972206998695"
"160","sp|P26927|HGFL_HUMAN"," 25.7952834","26.485984"," 25.6231781"," 25.0167258"," 25.065012"," 24.3885563","0.0302090376789741","0.108563729158813"
"161","sp|P01009|A1AT_HUMAN"," 36.1766246","36.176625"," 35.5224655"," 30.9122161"," 32.785395"," 33.4104775","0.0327719258514434","0.117042592326584"
"162","sp|Q16270|IBP7_HUMAN"," 25.6231781","25.264740"," 25.9133557"," 26.2532519"," 26.591901"," 26.2998709","0.0331432403971474","0.117638044619505"
"163","sp|P07996|TSP1_HUMAN"," 26.5610306","26.683904"," 26.3318088"," 25.0889662"," 25.774572"," 25.7745724","0.0340867730005526","0.119717879341774"
"164","sp|O95479|G6PE_HUMAN"," 23.1938570","22.348720"," 21.8060503"," 19.9433237"," 20.827530"," 18.5825108","0.0341456212383494","0.119717879341774"
"165","sp|Q9HDC9|APMAP_HUMAN"," 23.7128263","22.934423"," 22.5686542"," 21.6313377"," 21.328132"," 21.4399526","0.0343775365361458","0.119800506110811"
"166","sp|P22692|IBP4_HUMAN"," 24.6441622","24.663564"," 25.5435412"," 26.4365858"," 26.496693"," 26.3885565","0.0361401796203474","0.124453564635756"
"167","sp|P83593|KV405_HUMAN;sp|P06312|KV401_HUMAN"," 21.5195536","21.996532"," 21.3872355"," 24.2353435"," 23.169185"," 25.1408881","0.0362359348306393","0.124453564635756"
"168","sp|Q92820|GGH_HUMAN"," 24.5470570","24.438779"," 23.0570069"," 21.6028322"," 21.906460"," 21.6313377","0.0363620849718384","0.124453564635756"
"169","sp|O75874|IDHC_HUMAN"," 19.8611115","19.870539"," 20.4871887"," 19.0765261"," 19.143541"," 19.3465870","0.0369294786965878","0.124579433281425"
"170","sp|Q76M96|CCD80_HUMAN"," 21.3281320","21.519554"," 20.6570471"," 18.2751826"," 15.726618"," 18.2288870","0.0370280014567585","0.124579433281425"
"171","sp|P02790|HEMO_HUMAN"," 35.4597501","35.459750"," 35.4597501"," 34.9352219"," 34.864672"," 34.4909197","0.0370488401584759","0.124579433281425"
"172","sp|Q9BYE9|CDHR2_HUMAN"," 19.3465870","18.055505"," 16.5982318"," 21.9064600"," 21.151296"," 21.6028322","0.0384273571880533","0.128463548739132"
"173","sp|P17936|IBP3_HUMAN"," 24.5147789","25.623178"," 25.6472982"," 24.0995907"," 23.057007"," 24.0568859","0.039807181253863","0.132307105323533"
"174","Int_P01008ups|ANT3_HUMAN_UPS"," 31.7901830","32.115442"," 31.5058383"," 30.4196147"," 31.306444"," 30.6937382","0.0412292136571561","0.136043186265281"
"175","sp|P05362|ICAM1_HUMAN"," 24.5745501","24.500762"," 24.1248590"," 25.2812716"," 26.620642"," 26.2054623","0.0416798358064127","0.136043186265281"
"176","sp|P10721|KIT_HUMAN"," 18.4462716","19.202329"," 17.9846504"," 16.8803989"," 15.190801"," 16.9768897","0.0419284260407461","0.136043186265281"
"177","sp|P01031|CO5_HUMAN"," 29.6399222","29.878621"," 30.0205185"," 29.5578771"," 29.418643"," 29.3058741","0.0421418443960565","0.136043186265281"
"178","sp|Q14624|ITIH4_HUMAN"," 32.9238600","32.574144"," 32.4673475"," 31.9420088"," 32.141328"," 32.3046095","0.0421832381957074","0.136043186265281"
"179","sp|P19801|AOC1_HUMAN"," 20.4459316","19.600897"," 21.9653335"," 18.2288870"," 17.984650"," 15.3763023","0.042378284274398","0.136043186265281"
"180","sp|P26038|MOES_HUMAN;sp|P15311|EZRI_HUMAN;sp|P35241|RADI_HUMAN"," 24.4249322","25.440497"," 25.2812716"," 23.5839957"," 23.538753"," 24.3534289","0.0425874322221751","0.136043186265281"
"181","sp|P04003|C4BPA_HUMAN"," 31.5058383","31.538899"," 31.8731299"," 31.1493356"," 30.732504"," 31.2492827","0.0433550992740935","0.137730287749192"
"182","sp|P06681|CO2_HUMAN"," 30.4196147","30.315915"," 29.9802637"," 29.7900216"," 29.674793"," 29.6399222","0.0440473649792212","0.139160631115671"
"183","sp|P05997|CO5A2_HUMAN"," 23.2504776","23.651240"," 22.5839268"," 21.4835341"," 22.468992"," 21.8457615","0.0444719499138059","0.139347953136459"
"184","sp|P07360|CO8G_HUMAN"," 29.4186428","29.980264"," 29.6747926"," 28.8638049"," 29.305874"," 29.0719677","0.0445913450036668","0.139347953136459"
"185","sp|Q07954|LRP1_HUMAN"," 22.7091301","22.531561"," 22.7557494"," 22.9946601"," 23.283224"," 22.9269602","0.0448375775919732","0.139360038461538"
"186","sp|P50895|BCAM_HUMAN"," 19.8211604","20.638610"," 18.7954665"," 17.3459182"," 17.648540"," 18.2999578","0.0451373021759695","0.139537358877325"
"187","sp|P19971|TYPH_HUMAN"," 19.1219352","21.050668"," 20.8275300"," 17.5006584"," 17.758691"," 17.6922581","0.0458800626889392","0.141075059070268"
"188","sp|P04275|VWF_HUMAN"," 27.8546909","28.247943"," 27.9928472"," 27.7606348"," 27.349968"," 27.5712923","0.0464805621361466","0.141429430132726"
"189","sp|Q9BXR6|FHR5_HUMAN"," 23.4989189","23.558707"," 23.4023066"," 20.6310916"," 21.982853"," 19.9732685","0.0464872387740611","0.141429430132726"
"190","sp|P04070|PROC_HUMAN"," 22.6643026","22.725855"," 21.8908244"," 21.5195536"," 21.451903"," 20.4229465","0.0475661671991832","0.143615901878861"
"191","sp|P40199|CEAM6_HUMAN"," 19.4033413","18.188091"," 20.9552134"," 16.9768897"," 14.755380"," 17.2681844","0.0477054561023694","0.143615901878861"
"192","sp|P08697|A2AP_HUMAN"," 30.9768610","31.410854"," 30.4196147"," 29.6747926"," 30.260382"," 29.7900216","0.0484304254781847","0.144823683613023"
"193","sp|P05154|IPSP_HUMAN"," 24.7421465","25.672193"," 25.2177795"," 24.3126703"," 24.547057"," 23.8526343","0.0486103842388061","0.144823683613023"
"194","sp|Q13822|ENPP2_HUMAN"," 24.7563958","24.292280"," 24.0568859"," 25.2177795"," 25.116725"," 25.2802806","0.0490469535928423","0.145359675723313"
"195","sp|Q10588|BST1_HUMAN"," 21.2471819","21.114707"," 20.7913097"," 21.4399526"," 21.885531"," 22.2094200","0.0492958900279061","0.145359675723313"
"196","sp|P04196|HRG_HUMAN"," 32.0421710","32.224907"," 31.5388993"," 31.1979213"," 31.410854"," 31.0076159","0.0497819008615631","0.146043841813259"
"197","sp|P04066|FUCO_HUMAN"," 18.8570294","18.548685"," 18.0555050"," 20.8421731"," 19.403341"," 19.7970527","0.0502771949940326","0.146748157977506"
"198","sp|P41271|NBL1_HUMAN"," 22.5686542","21.187385"," 22.1852488"," 23.2832238"," 23.852634"," 23.2504776","0.0508203188174858","0.147584259192194"
"199","sp|P06702|S10A9_HUMAN"," 27.7242970","26.155486"," 27.5203955"," 23.8770482"," 23.558707"," 25.9800787","0.0513028663073796","0.147599610994191"
"200","sp|P20023|CR2_HUMAN"," 18.7954665","17.604707"," 18.2751826"," 19.8916443"," 20.106076"," 18.8898448","0.0513783319704219","0.147599610994191"
"201","sp|P49746|TSP3_HUMAN"," 19.4605324","18.750439"," 20.1593846"," 16.3086686"," 18.055505"," 17.9846504","0.0515956901040562","0.147599610994191"
"202","sp|P30530|UFO_HUMAN"," 20.7913097","18.582511"," 19.4605324"," 22.0474228"," 22.013915"," 22.4055888","0.0534386021397549","0.152017178732417"
"203","sp|Q16627|CCL14_HUMAN"," 21.9965325","22.786924"," 23.1820689"," 23.6292762"," 24.275110"," 23.6452031","0.0542711337551715","0.152017178732417"
"204","sp|P12111|CO6A3_HUMAN"," 28.5917858","28.728558"," 28.7795071"," 28.0236823"," 28.461448"," 28.2718606","0.0543926138088621","0.152017178732417"
"205","sp|P07195|LDHB_HUMAN;sp|P07864|LDHC_HUMAN;sp|Q9BYZ2|LDH6B_HUMAN"," 26.3885565","26.436586"," 26.8693000"," 25.6070086"," 25.833912"," 26.2532519","0.0544169271947062","0.152017178732417"
"206","sp|P01861|IGHG4_HUMAN"," 20.5286039","20.517620"," 20.1060760"," 21.6663943"," 20.860414"," 21.8637437","0.0544618066415268","0.152017178732417"
"207","sp|P03951|FA11_HUMAN"," 26.1664716","26.614402"," 27.4239273"," 25.5821382"," 25.362677"," 25.1875882","0.0555585245024889","0.154329234729136"
"208","sp|P33151|CADH5_HUMAN"," 25.0650117","25.165192"," 24.6441622"," 25.4252662"," 25.440497"," 25.6528164","0.0572989753903067","0.157719487049841"
"209","sp|Q13308|PTK7_HUMAN"," 21.4399526","21.929027"," 21.7414256"," 20.8604143"," 20.937595"," 19.9200383","0.0573770815688205","0.157719487049841"
"210","sp|P11597|CETP_HUMAN"," 22.4840579","23.429827"," 21.4399526"," 20.0214962"," 20.717957"," 20.4871887","0.057601899618203","0.157719487049841"
"211","sp|P63104|1433Z_HUMAN"," 26.6206418","26.626881"," 26.6839039"," 24.4730457"," 25.161874"," 25.7952834","0.0586945561254332","0.1599496197731"
"212","sp|Q13508|NAR3_HUMAN"," 19.2505606","18.145588"," 19.8611115"," 20.1340317"," 21.746795"," 20.7312636","0.0607056202846472","0.164649677658831"
"213","sp|Q12841|FSTL1_HUMAN"," 28.8103621","28.448958"," 28.3428822"," 28.1801067"," 27.613645"," 28.0584619","0.0611910840769738","0.164720013739429"
"214","sp|P09486|SPRC_HUMAN"," 27.5712923","27.423927"," 26.5919014"," 25.8567538"," 26.402981"," 26.3373257","0.0614702027506947","0.164720013739429"
"215","sp|O14498|ISLR_HUMAN"," 25.1780494","25.116725"," 24.9733889"," 24.7614695"," 24.438779"," 24.8436541","0.0615909616590908","0.164720013739429"
"216","sp|P13611|CSPG2_HUMAN"," 25.9565316","26.007611"," 25.5204468"," 24.6441622"," 25.140888"," 25.4404970","0.0628339483599892","0.167266297717564"
"217","sp|Q86VP6|CAND1_HUMAN"," 15.7266182","17.940216"," 21.7829204","  6.4805664"," 13.042505"," 13.4950704","0.0635628951824362","0.168427026405073"
"218","sp|P0C0L4|CO4A_HUMAN"," 29.8786211","28.779507"," 29.0719677"," 27.9651145"," 28.031679"," 28.1405551","0.0645091217771696","0.169625820503377"
"219","sp|P24043|LAMA2_HUMAN"," 24.5007619","24.560804"," 24.9134279"," 25.1875882"," 25.088966"," 24.9345342","0.0646053125047646","0.169625820503377"
"220","sp|Q9NS71|GKN1_HUMAN"," 19.0765261","19.121935"," 17.2031037"," 20.7913097"," 20.842173"," 19.8916443","0.0649768170700125","0.169825771887533"
"221","sp|Q9Y6R7|FCGBP_HUMAN"," 28.7795071","28.967931"," 28.7533528"," 29.6038020"," 29.711954"," 29.0923604","0.0663804521359867","0.172709321168291"
"222","sp|P20851|C4BPB_HUMAN"," 26.6464882","26.337326"," 26.5610306"," 26.0449394"," 25.048893"," 25.0488934","0.0668641958525036","0.172892702572385"
"223","sp|Q9BUN1|MENT_HUMAN"," 21.6663943","21.151296"," 21.6955915"," 20.1822968"," 20.883929"," 21.0062234","0.067052300301986","0.172892702572385"
"224","sp|P04180|LCAT_HUMAN"," 24.8436541","24.009294"," 25.1651923"," 23.2504776"," 24.056886"," 23.4607597","0.0687154943204007","0.175466567272706"
"225","sp|P01034|CYTC_HUMAN"," 27.0719241","27.317702"," 28.4364672"," 28.7795071"," 29.229712"," 29.0062055","0.0687949725985487","0.175466567272706"
"226","sp|P01625|KV402_HUMAN;sp|P06312|KV401_HUMAN"," 25.4404970","26.066564"," 25.4086478"," 26.4174058"," 26.044939"," 26.9041715","0.0689659899193594","0.175466567272706"
"227","sp|P14625|ENPL_HUMAN"," 21.2204467","20.597808"," 19.7970527"," 21.3872355"," 21.996532"," 22.0660756","0.0703058113829714","0.178087407688144"
"228","sp|Q15848|ADIPO_HUMAN"," 26.6839039","26.790410"," 25.6472982"," 27.4239273"," 27.144830"," 28.3799090","0.071052201745406","0.179023766452733"
"229","sp|Q9Y5Y6|ST14_HUMAN"," 19.7032556","19.943324"," 20.4229465"," 18.9233069"," 19.651641"," 19.3115042","0.0712981609003057","0.179023766452733"
"230","sp|P19652|A1AG2_HUMAN"," 32.4327092","32.868019"," 32.3046095"," 31.8731299"," 32.042171"," 32.0421710","0.0722273008198247","0.180568252049562"
"231","sp|P04434|KV310_HUMAN"," 22.6360876","21.006223"," 20.9222405"," 23.4795579"," 22.673233"," 23.5387528","0.0728942197399462","0.181318288328876"
"232","sp|P04278|SHBG_HUMAN"," 28.5580597","29.071968"," 27.6136450"," 27.4560642"," 26.944150"," 26.8693000","0.0731579876387811","0.181318288328876"
"233","sp|Q07075|AMPE_HUMAN"," 17.0487947","16.880399"," 16.5364577"," 18.4240170"," 18.795466"," 17.3459182","0.0750425731003923","0.184763165382997"
"234","sp|P00740|FA9_HUMAN"," 25.9800787","26.869300"," 25.5821382"," 24.8643410"," 25.469376"," 24.6635642","0.0751905751297763","0.184763165382997"
"235","sp|P02750|A2GL_HUMAN"," 32.4673475","32.785395"," 32.1413280"," 30.9768610"," 31.942009"," 31.7901830","0.0763096364700015","0.186297071339765"
"236","sp|P05109|S10A8_HUMAN"," 28.5030969","27.144830"," 28.2357809"," 24.7869549"," 24.257924"," 27.0656724","0.0764627979759733","0.186297071339765"
"237","sp|Q6UY14|ATL4_HUMAN"," 21.1639906","19.651641"," 20.7601142"," 21.5088729"," 22.321935"," 21.7414256","0.0789404552963122","0.191522201668268"
"238","sp|P54289|CA2D1_HUMAN"," 18.1880907","17.648540"," 18.2288870"," 19.2023289"," 19.870539"," 18.5008687","0.0796633732084012","0.192249418255604"
"239","sp|P05121|PAI1_HUMAN"," 22.5956180","23.538753"," 21.5195536"," 20.1060760"," 21.006223"," 21.3980817","0.0799088886314599","0.192249418255604"
"240","sp|O00299|CLIC1_HUMAN"," 19.9433237","21.723655"," 21.9290273"," 18.7954665"," 18.923307"," 20.2530355","0.0806177167834592","0.193146613127038"
"241","sp|P02654|APOC1_HUMAN"," 30.3159148","29.929270"," 28.9062703"," 28.2479435"," 28.362609"," 28.6912034","0.0813480953113826","0.194087779269896"
"242","sp|P01624|KV306_HUMAN"," 20.1822968","20.731264"," 21.3070987"," 22.1852488"," 21.220447"," 21.7829204","0.0836528358840131","0.198761903443419"
"243","sp|P35443|TSP4_HUMAN"," 24.9553037","24.166220"," 23.7327871"," 23.4989189"," 21.970868"," 23.2399944","0.0848767779803167","0.200362391149993"
"244","sp|P62258|1433E_HUMAN;sp|P27348|1433T_HUMAN;sp|P61981|1433G_HUMAN;sp|Q04917|1433F_HUMAN;sp|P31947|1433S_HUMAN"," 26.4365858","26.166472"," 26.0449394"," 23.6028278"," 24.353429"," 25.5204468","0.0850428622432656","0.200362391149993"
"245","sp|P11021|GRP78_HUMAN"," 22.8748273","24.399821"," 23.9967034"," 21.7236545"," 22.688689"," 22.8518415","0.085558262443528","0.200362391149993"
"246","sp|P00338|LDHA_HUMAN"," 26.2244170","26.326292"," 26.7656412"," 25.5560623"," 25.726204"," 26.2300732","0.0857202577789534","0.200362391149993"
"247","sp|P37837|TALDO_HUMAN"," 21.8637437","22.209420"," 22.7091301"," 20.9684442"," 20.487189"," 21.8730546","0.0861859970763426","0.200635418295129"
"248","sp|Q9NR99|MXRA5_HUMAN"," 24.9134279","24.761470"," 24.3709926"," 23.7851030"," 24.188430"," 24.4110856","0.0870447284739664","0.201496202528657"
"249","sp|GELS_HUMAN|"," 25.1408881","25.543541"," 24.3330605"," 26.6031519"," 25.956532"," 25.6070086","0.0872566163993661","0.201496202528657"
"250","sp|Q9BWP8|COL11_HUMAN"," 20.4871887","22.035176"," 21.2102707"," 22.8748273"," 22.385878"," 22.3219355","0.0880967848277135","0.202188040311829"
"251","sp|Q9HCU0|CD248_HUMAN"," 22.5155099","22.688689"," 23.2955596"," 22.3007048"," 22.185249"," 21.9828529","0.0884513347340444","0.202188040311829"
"252","sp|O00468|AGRIN_HUMAN"," 22.5486041","21.822806"," 22.0351759"," 20.7179567"," 21.845761"," 20.8275300","0.0886111063627496","0.202188040311829"
"253","sp|P05451|REG1A_HUMAN"," 23.7851030","22.405589"," 23.2399944"," 23.6292762"," 24.700499"," 24.6915780","0.0903061949568533","0.205241352174667"
"254","sp|P01616|KV203_HUMAN"," 19.8455530","16.308669"," 19.4906857"," 22.7258550"," 20.574235"," 21.6797094","0.0907761521965993","0.205497194933246"
"255","sp|P62805|H4_HUMAN"," 20.8839293","25.913356"," 23.7128263"," 19.5165590"," 17.692258"," 21.1147070","0.0911393494061139","0.205510297680453"
"256","sp|P08519|APOA_HUMAN"," 24.4730457","24.470068"," 25.7745724"," 22.7869237"," 22.636088"," 24.4387788","0.0937618527374924","0.210235041075996"
"257","sp|Q9BUD6|SPON2_HUMAN"," 22.7557494","22.861789"," 23.4795579"," 22.3487196"," 21.806050"," 22.6886894","0.0941774385835186","0.210235041075996"
"258","sp|P60174|TPIS_HUMAN"," 21.7677539","23.319857"," 23.7914453"," 20.7312636"," 21.274225"," 21.8855310","0.0943315488654033","0.210235041075996"
"259","sp|P05156|CFAI_HUMAN"," 30.7325037","30.912216"," 30.2603820"," 29.8483073"," 30.419615"," 29.8786211","0.0947667753986321","0.210389559282677"
"260","sp|P14618|KPYM_HUMAN;sp|P30613|KPYR_HUMAN"," 23.0301152","23.402307"," 24.8436541"," 21.2742246"," 22.066076"," 23.0301152","0.0954316122053828","0.210464898961863"
"261","sp|Q9NRN5|OLFL3_HUMAN"," 21.2910420","22.500663"," 21.6797094"," 20.5546033"," 20.903010"," 21.0943914","0.0955327628331241","0.210464898961863"
"262","sp|Q92743|HTRA1_HUMAN"," 20.9684442","20.285245"," 19.4033413"," 19.1219352"," 18.688167"," 19.0234795","0.0966918416099318","0.211500402253357"
"263","sp|P23470|PTPRG_HUMAN"," 20.6913594","19.585091"," 21.0062234"," 20.9552134"," 22.255470"," 21.8228057","0.0967384448567529","0.211500402253357"
"264","sp|Q13740|CD166_HUMAN"," 21.5088729","21.291042"," 20.7712364"," 21.8908244"," 22.442655"," 21.5088729","0.0984841169534187","0.214501391091726"
"265","sp|P01859|IGHG2_HUMAN"," 24.9345342","24.009294"," 23.9326692"," 25.2491996"," 26.283631"," 28.1053800","0.0998639173831462","0.216328270629087"
"266","sp|P12955|PEPD_HUMAN"," 23.0858940","23.315122"," 23.1691850"," 23.8934320"," 23.319857"," 23.8281100","0.100172744402922","0.216328270629087"
"267","sp|Q9UHG2|PCSK1_HUMAN"," 13.2647636","12.729003","  6.4805664"," 17.6712952"," 16.976890"," 16.3086686","0.101123797091241","0.216328270629087"
"268","sp|P08294|SODE_HUMAN;sp|Q8IY17|PLPL6_HUMAN"," 24.9778784","25.795283"," 25.0167258"," 26.1609788"," 26.097521"," 25.6417800","0.101184734914765","0.216328270629087"
"269","sp|P01019|ANGT_HUMAN"," 31.4108538","31.738516"," 31.1979213"," 30.5775206"," 31.249283"," 30.9122161","0.101204008346477","0.216328270629087"
"270","sp|P19320|VCAM1_HUMAN;sp|P49454|CENPF_HUMAN"," 25.7262042","25.582138"," 26.2149396"," 26.6464882"," 28.140555"," 26.6464882","0.106207581766255","0.226128441470562"
"271","sp|Q9UGM3|DMBT1_HUMAN"," 24.7869549","21.746795"," 20.5978080"," 19.4906857"," 18.424017"," 19.1219352","0.106998693487511","0.226128441470562"
"272","sp|P08185|CBG_HUMAN"," 30.3905945","30.390595"," 29.7119543"," 29.4186428"," 29.603802"," 29.6933734","0.107230030714002","0.226128441470562"
"273","sp|P12109|CO6A1_HUMAN"," 27.5203955","27.799465"," 26.9917324"," 26.7395767"," 26.561031"," 27.1448303","0.107548529699322","0.226128441470562"
"274","sp|P28300|LYOX_HUMAN"," 20.6310916","19.346587"," 19.3465870"," 20.9030103"," 21.133157"," 20.6913594","0.107755118196407","0.226128441470562"
"275","sp|P02792|FRIL_HUMAN"," 25.4086478","25.088966"," 25.9311370"," 25.1167251"," 23.187963"," 23.3826525","0.108759096468296","0.227405383524619"
"276","sp|P28827|PTPRM_HUMAN"," 18.3226826","17.268184"," 14.2498098"," 19.9867054"," 20.236118"," 19.5850913","0.109293890094237","0.227695604362994"
"277","sp|P13647|K2C5_HUMAN"," 21.8730546","24.560804"," 23.1938570"," 24.4670903"," 26.331809"," 24.8690076","0.110587785517647","0.229559482572733"
"278","sp|Q9UNN8|EPCR_HUMAN"," 23.9187811","23.732787"," 24.5007619"," 24.7094203"," 24.885636"," 24.3330605","0.112442672855186","0.232570276588965"
"279","sp|P09871|C1S_HUMAN"," 29.2211622","29.557877"," 29.8786211"," 29.9802637"," 30.150096"," 30.0003911","0.113399953954576","0.233709582522872"
"280","sp|P01604|KV112_HUMAN"," 20.3800193","21.030836"," 20.0606430"," 23.1691850"," 20.922240"," 22.2378805","0.115724484297939","0.237147777036862"
"281","sp|P03973|SLPI_HUMAN"," 23.4607597","22.709130"," 23.1510630"," 24.0995907"," 23.319857"," 23.7914453","0.115893087560623","0.237147777036862"
"282","sp|P09960|LKHA4_HUMAN"," 20.7712364","21.508873"," 21.2471819"," 19.7032556"," 20.731264"," 20.6386097","0.116681467201744","0.237762419156281"
"283","sp|Q92520|FAM3C_HUMAN"," 22.4294569","21.741426"," 22.3487196"," 23.2156773"," 22.755749"," 22.4294569","0.117426837153205","0.237762419156281"
"284","sp|P11047|LAMC1_HUMAN"," 22.8418937","23.057007"," 23.6512397"," 23.8175462"," 23.885240"," 23.7327871","0.117433960070233","0.237762419156281"
"285","sp|P00736|C1R_HUMAN"," 31.1493356","30.577521"," 30.8221482"," 31.4497411"," 31.007616"," 31.3714543","0.120184839690182","0.241534813876292"
"286","sp|P43121|MUC18_HUMAN"," 23.3483316","23.778761"," 23.6193858"," 23.7128263"," 24.292280"," 24.0029987","0.120223928557045","0.241534813876292"
"287","sp|P02656|APOC3_HUMAN"," 29.9292696","29.418643"," 30.5775206"," 29.0923604"," 28.591786"," 29.6038020","0.120563578327527","0.241534813876292"
"288","sp|P08174|DAF_HUMAN"," 18.0555050","17.419053"," 18.5486853"," 18.4462716"," 19.703256"," 18.8112767","0.120977437211082","0.241534813876292"
"289","sp|O15031|PLXB2_HUMAN"," 16.3086686","18.901090"," 15.0386751"," 19.6825374"," 19.600897"," 19.7032556","0.124352263151595","0.24690294284416"
"290","sp|P01709|LV206_HUMAN","-16.6096405","-6.321485"," 13.0425054"," 17.2031037"," 20.955213"," 17.8628125","0.124917830181171","0.24690294284416"
"291","sp|P59665|DEF1_HUMAN"," 27.4009724","26.522563"," 28.1405551"," 25.3782281"," 24.700499"," 27.0058605","0.124954358900262","0.24690294284416"
"292","sp|P02538|K2C6A_HUMAN"," 21.8908244","24.596762"," 23.5839957"," 24.5309179"," 26.436586"," 24.9134279","0.125708199664007","0.247541831530151"
"293","sp|Q06141|REG3A_HUMAN"," 23.6028278","23.877048"," 22.9035231"," 24.5745501"," 27.283632"," 24.7869549","0.127442842264148","0.249523632420453"
"294","sp|Q13421|MSLN_HUMAN"," 24.0900241","24.691578"," 24.7563958"," 23.9187811"," 23.712826"," 22.3007048","0.128023112387758","0.249523632420453"
"295","sp|O95428|PPN_HUMAN"," 17.9846504","16.976890"," 17.6047072"," 18.8570294"," 18.106513"," 17.9402157","0.128395720592465","0.249523632420453"
"296","sp|P37802|TAGL2_HUMAN"," 21.9653335","22.636088"," 22.2378805"," 22.1269383"," 20.791310"," 20.9684442","0.128450426428616","0.249523632420453"
"297","sp|P04211|LV001_HUMAN"," 25.3782281","25.282263"," 25.3782281"," 25.9800787"," 27.854691"," 26.4269958","0.129997684809324","0.251679019411992"
"298","sp|P01857|IGHG1_HUMAN"," 26.3537430","26.205462"," 25.2491996"," 26.3885565"," 27.109034"," 28.3997572","0.133038914918113","0.256702604288305"
"299","sp|P35916|VGFR3_HUMAN"," 17.7586913","19.920038"," 17.6485398"," 20.2981780"," 20.134032"," 20.2981780","0.134461727024347","0.258580244277591"
"300","sp|P05164|PERM_HUMAN"," 21.8457615","22.664303"," 22.7869237"," 19.7359264"," 18.446272"," 21.9425435","0.135077746674367","0.258827485708649"
"301","sp|Q15166|PON3_HUMAN"," 27.0719241","26.044939"," 25.7262042"," 26.0076108"," 24.913428"," 24.7563958","0.135490562084006","0.258827485708649"
"302","sp|P31946|1433B_HUMAN;sp|P27348|1433T_HUMAN;sp|P61981|1433G_HUMAN;sp|Q04917|1433F_HUMAN"," 25.7745724","25.607009"," 25.5560623"," 22.9035231"," 23.885240"," 25.2491996","0.137049296646602","0.260938230370186"
"303","sp|P04259|K2C6B_HUMAN;sp|P12035|K2C3_HUMAN"," 21.8855310","24.613452"," 23.6692610"," 24.5309179"," 26.353743"," 24.8643410","0.137780752556837","0.261465124489046"
"304","sp|Q06033|ITIH3_HUMAN"," 29.5578771","29.603802"," 28.5580597"," 28.3428822"," 28.657922"," 28.3626092","0.138787256672552","0.262362237378961"
"305","sp|K22E_HUMAN|;sp|Q7Z794|K2C1B_HUMAN"," 26.9727692","27.071924"," 26.9441496"," 27.0656724"," 27.669682"," 27.6696820","0.13916605634884","0.262362237378961"
"306","sp|O43240|KLK10_HUMAN"," 18.2751826","20.771236"," 18.1455877","  1.3517266","-12.455112"," 14.0582606","0.140427522539272","0.263875246601573"
"307","sp|P62987|RL40_HUMAN;Int_P62988ups|UBIQ_HUMAN_UPS;sp|P0CG47|UBB_HUMAN;sp|RS27A_HUMAN|"," 24.1248590","24.999547"," 26.2532519"," 25.5435412"," 28.180107"," 27.0936050","0.14210655655173","0.26616048865552"
"308","sp|Q14112|NID2_HUMAN"," 22.4426548","23.239994"," 22.5006629"," 21.8730546"," 22.091233"," 22.4689924","0.14283081058335","0.266648428848786"
"309","sp|Q9Y4L1|HYOU1_HUMAN;sp|Q9BXT5|TEX15_HUMAN"," 22.4615892","22.919497"," 22.4689924"," 22.9194968"," 23.002636"," 22.9788588","0.143439852864692","0.266918820055657"
"310","sp|Q9UGM5|FETUB_HUMAN"," 25.2491996","24.955304"," 24.6635642"," 23.3198572"," 24.843654"," 23.4989189","0.145511772594299","0.269900868521683"
"311","sp|P02765|FETUA_HUMAN"," 33.2881625","33.422850"," 32.9238600"," 32.8680188"," 32.868019"," 32.8680188","0.147599603348165","0.27289315731574"
"312","sp|P05160|F13B_HUMAN"," 26.2444906","27.019989"," 26.9041715"," 26.2836314"," 26.299871"," 26.0076108","0.149613757935739","0.27573048337516"
"313","sp|P00747|PLMN_HUMAN"," 32.1413280","33.288163"," 32.0421710"," 31.5388993"," 31.738516"," 31.5223688","0.15214375317297","0.279364789005009"
"314","sp|Q14315|FLNC_HUMAN"," 19.4906857","20.253036"," 19.8455530"," 19.3115042"," 18.889845"," 17.2031037","0.152557467387083","0.279364789005009"
"315","sp|Q6EMK4|VASN_HUMAN"," 26.1554859","26.646488"," 26.1554859"," 26.6839039"," 26.739577"," 26.6144024","0.153283710463442","0.279803598465013"
"316","sp|P34096|RNAS4_HUMAN"," 23.6193858","22.568654"," 23.3151224"," 24.2579235"," 23.460760"," 23.8680490","0.154036970518757","0.280288791292042"
"317","sp|P29279|CTGF_HUMAN"," 23.1074806","23.498919"," 22.6360876"," 23.3924796"," 25.016726"," 23.8934320","0.155735310063212","0.282485183868603"
"318","sp|Q16853|AOC3_HUMAN"," 22.3487196","21.328132"," 22.1620051"," 23.6692610"," 23.828110"," 22.0139154","0.158097686447436","0.28586845819898"
"319","sp|P30041|PRDX6_HUMAN"," 12.1514572","15.038675"," 18.7504390"," 13.7566426","-12.455112","-16.6096405","0.160263579245834","0.288404022013017"
"320","sp|Q7Z7M0|MEGF8_HUMAN"," 19.5333977","20.968444"," 20.8839293"," 21.8457615"," 21.398082"," 21.0506682","0.160762832803054","0.288404022013017"
"321","sp|P04264|K2C1_HUMAN"," 26.7395767","27.400972"," 27.0719241"," 27.1269323"," 27.938118"," 27.7902950","0.161089664068827","0.288404022013017"
"322","sp|P40189|IL6RB_HUMAN"," 17.6485398","-6.321485"," -0.1878579"," 20.0606430"," 19.250561"," 18.6881667","0.16150625232729","0.288404022013017"
"323","sp|P02794|FRIH_HUMAN"," 22.3858783","21.631338"," 23.1344267"," 22.0139154"," 20.445932"," 21.4519029","0.162564206922028","0.289394486006706"
"324","sp|Q02487|DSC2_HUMAN"," 18.5825108","15.546045"," 19.1435409"," 21.1873845"," 19.845553"," 19.1702127","0.163955362308829","0.290970164591286"
"325","sp|Q13093|PAFA_HUMAN"," 21.7467946","21.885531"," 21.6028322"," 22.4689924"," 23.429827"," 21.9965325","0.166056090343012","0.293791544453021"
"326","sp|O14791|APOL1_HUMAN"," 26.7904105","26.299871"," 25.1028456"," 25.3369601"," 25.408648"," 24.2353435","0.169023921174028","0.298125014340693"
"327","sp|P01611|KV119_HUMAN"," 21.2102707","21.374410"," 19.3649181"," 21.7829204"," 22.429457"," 26.3262919","0.170356698990704","0.29955688660445"
"328","sp|Q99969|RARR2_HUMAN"," 23.1691850","22.816561"," 23.6028278"," 23.8281100"," 24.090024"," 23.2955596","0.172056809248041","0.301623979626901"
"329","sp|Q08554|DSC1_HUMAN"," 17.1121609","17.692258"," 19.9200383"," 21.3070987"," 19.490686"," 19.2823241","0.176202134793121","0.30795205928889"
"330","sp|Q9HCB6|SPON1_HUMAN"," 22.8617894","23.893432"," 23.9732106"," 23.0106110"," 22.725855"," 22.8518415","0.179272676893443","0.312369058223423"
"331","sp|P01703|LV105_HUMAN"," 24.6051073","20.445932"," 19.7543780"," 25.1618740"," 23.134427"," 25.3626768","0.181137771114875","0.314665312359677"
"332","sp|TRFL_HUMAN|"," 23.8603416","23.712826"," 25.3626768"," 23.0714504"," 22.548604"," 24.0301684","0.186521558253944","0.323041855409693"
"333","sp|P01617|KV204_HUMAN"," 24.0092939","24.934534"," 24.5856562"," 25.4086478"," 24.663564"," 25.1167251","0.188470546169823","0.325437129272216"
"334","sp|ALBU_BOVIN|"," 25.0167258","25.217779"," 23.8725486"," 24.3534289"," 23.996703"," 22.9946601","0.190008687701188","0.327110764755039"
"335","sp|P02649|APOE_HUMAN"," 32.2634552","31.306444"," 31.1493356"," 32.2249071"," 32.263455"," 32.2634552","0.190891781834684","0.327650073298339"
"336","sp|O00187|MASP2_HUMAN"," 23.5839957","23.250478"," 23.9326692"," 21.9965325"," 22.868308"," 23.4795579","0.192844605019904","0.329924494912945"
"337","sp|P18065|IBP2_HUMAN"," 27.1090343","27.571292"," 27.3373342"," 26.2244170"," 26.972769"," 27.1840156","0.1933644431055","0.329924494912945"
"338","sp|Q9NQ79|CRAC1_HUMAN"," 21.3744099","21.970868"," 21.9064600"," 23.6512397"," 21.965334"," 22.4426548","0.194886456368994","0.331537610686899"
"339","sp|Q9UBG0|MRC2_HUMAN"," 21.0640320","19.533398"," 20.2530355"," 20.9861421"," 21.387235"," 20.9552134","0.195553908547775","0.331691732787524"
"340","sp|P13987|CD59_HUMAN"," 21.0062234","20.487189"," 20.9684442"," 22.5686542"," 20.760114"," 22.2554701","0.196476821137207","0.332276976923218"
"341","sp|P01612|KV120_HUMAN"," 22.3007048","22.874827"," 15.9493365"," 24.4110856"," 24.467090"," 24.8201806","0.199159829949255","0.335424910957662"
"342","sp|P48740|MASP1_HUMAN"," 24.8201806","24.257924"," 24.5856562"," 24.0568859"," 23.382653"," 24.4700680","0.199724994192533","0.335424910957662"
"343","sp|Q6WN34|CRDL2_HUMAN"," 19.3649181","17.203104"," 18.1065132"," 19.8211604"," 21.519554"," 18.4462716","0.200088251232136","0.335424910957662"
"344","sp|O75023|LIRB5_HUMAN"," 19.6516408","21.695591"," 19.5850913"," 18.6192761"," 17.345918"," 20.1060760","0.201214407396795","0.335995219884757"
"345","sp|P78324|SHPS1_HUMAN"," 22.0474228","22.144751"," 22.5956180"," 22.5155099"," 23.918781"," 22.7363402","0.202021698281302","0.335995219884757"
"346","sp|P00533|EGFR_HUMAN"," 19.8916443","20.060643"," 19.0765261"," 20.5286039"," 20.337416"," 19.8705390","0.202181471443697","0.335995219884757"
"347","sp|P12110|CO6A2_HUMAN"," 17.8628125","19.986705"," 20.2361180"," 17.2681844"," 19.170213"," 15.1908007","0.203391916737936","0.337032715055657"
"348","sp|P98095|FBLN2_HUMAN"," 21.5699589","22.013915"," 22.5486041"," 22.2754508"," 23.002636"," 22.4840579","0.206587325923429","0.340683173246953"
"349","sp|P35237|SPB6_HUMAN"," 25.4252662","21.890824"," 24.2579235"," 23.2156773"," 21.421767"," 21.2102707","0.206789819717484","0.340683173246953"
"350","sp|Q03591|FHR1_HUMAN"," 28.1053800","27.760635"," 26.7904105"," 27.1840156"," 26.790410"," 26.5610306","0.207372366324232","0.340683173246953"
"351","sp|P06733|ENOA_HUMAN"," 21.7414256","24.869008"," 24.7869549"," 21.7467946"," 20.771236"," 23.2156773","0.214302189958748","0.351064841100512"
"352","sp|P11684|UTER_HUMAN"," 23.0106110","23.085894"," 24.9345342"," 24.3885563"," 25.378228"," 24.5745501","0.215936555146354","0.35273727048055"
"353","sp|P08123|CO1A2_HUMAN"," 26.5919014","26.904171"," 26.4365858"," 26.7131414"," 27.635397"," 27.0058605","0.219124340114633","0.3569305823397"
"354","sp|P10909|CLUS_HUMAN"," 31.4497411","31.831656"," 31.9909942"," 31.5058383"," 31.149336"," 31.6625699","0.22355818776829","0.363124175047364"
"355","sp|P36222|CH3L1_HUMAN"," 25.6417800","25.856754"," 25.4693760"," 26.0975205"," 26.665196"," 25.6721934","0.225192823614368","0.364748939657074"
"356","sp|P15086|CBPB1_HUMAN"," 20.4229465","19.490686"," 19.2823241"," 19.5333977"," 22.786924"," 21.7467946","0.226721469308796","0.366193384417296"
"357","sp|P02462|CO4A1_HUMAN;sp|P29400|CO4A5_HUMAN"," 20.5546033","19.516559"," 19.5165590"," 21.1331573"," 19.821160"," 22.3592903","0.227589302972154","0.36627218294761"
"358","sp|Q96S96|PEBP4_HUMAN"," 21.9290273","17.112161"," 23.8934320"," 24.0301684"," 24.955304"," 24.2751100","0.228044246078686","0.36627218294761"
"359","sp|Q92954|PRG4_HUMAN"," 27.4239273","27.238914"," 27.4560642"," 28.2718606"," 27.324701"," 27.9077513","0.232121696851622","0.371782662088252"
"360","sp|P07585|PGS2_HUMAN"," 22.1269383","23.169185"," 22.4055888"," 23.1427449"," 23.611107"," 22.6643026","0.24068445709588","0.384426563417031"
"361","sp|P02766|TTHY_HUMAN"," 32.5526162","32.467348"," 33.2881625"," 32.4673475"," 32.432709"," 32.1413280","0.24188565372737","0.385274933222266"
"362","sp|P02763|A1AG1_HUMAN"," 34.8646718","34.390099"," 34.3900991"," 33.8638275"," 34.649861"," 33.6841307","0.245227306367359","0.388821463819642"
"363","sp|P04004|VTNC_HUMAN"," 31.7385161","32.141328"," 31.2492827"," 31.0076159"," 31.449741"," 31.4108538","0.245464680637444","0.388821463819642"
"364","sp|Q14118|DAG1_HUMAN"," 23.8175462","23.817546"," 24.5147789"," 24.5967623"," 24.500762"," 24.1662202","0.253898114760316","0.401075318646104"
"365","sp|Q12906|ILF3_HUMAN","  1.9134445","19.556445"," 17.5006584"," 13.0425054","-12.455112","  1.3517266","0.257269255110434","0.40466064241176"
"366","sp|Q9BQ51|PD1L2_HUMAN"," 18.5486853","16.598232"," 19.6008975"," 20.3374159"," 19.023479"," 19.4906857","0.257575295865573","0.40466064241176"
"367","sp|P00491|PNPH_HUMAN"," 15.3763023","17.500658"," 18.6881667"," 10.9123447"," 14.058261","-12.4551120","0.258957810678634","0.405724090300313"
"368","sp|P00352|AL1A1_HUMAN"," 19.9732685","18.857029"," 18.3226826"," 17.7586913"," 19.202329"," 16.5982318","0.263449721412478","0.411051945355796"
"369","sp|P10586|PTPRF_HUMAN;sp|P23468|PTPRD_HUMAN"," 22.1852488","21.307099"," 22.2754508"," 21.8228057"," 21.187385"," 21.2910420","0.264409904786777","0.411051945355796"
"370","sp|P02655|APOC2_HUMAN"," 29.1585771","28.448958"," 27.2389140"," 28.0584619"," 26.702225"," 27.3754701","0.264502990924599","0.411051945355796"
"371","sp|P54108|CRIS3_HUMAN"," 24.0301684","22.255470"," 23.0301152"," 24.6134524"," 23.868049"," 23.3198572","0.26854506441717","0.41517986808646"
"372","sp|Q12864|CAD17_HUMAN"," 10.9123447","14.755380"," 18.9010901"," 18.3797898"," 18.619276"," 18.0555050","0.268603323353327","0.41517986808646"
"373","sp|P48304|REG1B_HUMAN"," 18.6192761","22.126938"," 20.3667732"," 21.5699589"," 21.247182"," 22.9035231","0.269657973554014","0.415692586577903"
"374","sp|P07237|PDIA1_HUMAN"," 18.6420395","21.387235"," 20.6165951"," 19.5564453"," 18.275183"," 19.1435409","0.272787155856376","0.419392017693626"
"375","sp|P12821|ACE_HUMAN"," 20.5742345","18.795466"," 19.8211604"," 20.8839293"," 20.036298"," 20.5286039","0.283003414006929","0.433938568143958"
"376","sp|P35555|FBN1_HUMAN"," 21.6313377","21.942543"," 22.2554701"," 22.6886894"," 22.209420"," 21.9653335","0.285290427340237","0.435630929166166"
"377","sp|P06744|G6PI_HUMAN"," 17.6047072","20.554603"," 21.9828529"," 14.0582606","-12.455112"," 17.6047072","0.285914645767534","0.435630929166166"
"378","sp|P01880|IGHD_HUMAN"," 26.3373257","27.520395"," 25.5053076"," 28.3154780"," 29.212613"," 26.0449394","0.28686972394395","0.435630929166166"
"379","sp|P09619|PGFRB_HUMAN"," 17.6922581","19.403341"," 17.6922581"," 19.2823241"," 19.891644"," 18.3226826","0.287137603746047","0.435630929166166"
"380","sp|O94985|CSTN1_HUMAN"," 22.0139154","21.421767"," 20.3800193"," 21.9290273"," 22.237881"," 21.6663943","0.292680551390078","0.442871886971829"
"381","sp|P01011|AACT_HUMAN"," 34.9352219","34.864672"," 34.6498605"," 34.6498605"," 35.459750"," 35.5224655","0.293858305923546","0.443486944635273"
"382","sp|P07359|GP1BA_HUMAN"," 22.2554701","21.982853"," 22.9194968"," 22.7091301"," 22.903523"," 22.7091301","0.296011375020082","0.445038209525899"
"383","sp|Q13444|ADA15_HUMAN","  1.3517266","16.766646"," 17.7586913"," 19.7543780"," 19.797053"," 18.6192761","0.29643414651899","0.445038209525899"
"384","sp|Q9BYZ8|REG4_HUMAN"," 13.4950704","16.441894"," 24.4670903"," 16.4418940"," 10.912345"," 13.2647636","0.299655055330566","0.447965380676968"
"385","sp|Q01459|DIAC_HUMAN"," 22.1620051","22.091233"," 22.0912329"," 22.4615892"," 20.380019"," 20.9030103","0.299942037496753","0.447965380676968"
"386","sp|Q6UWP8|SBSN_HUMAN"," 17.2031037","19.282324"," 20.5546033"," 20.3800193"," 20.691359"," 19.9867054","0.30248963394028","0.450599843304822"
"387","sp|P35442|TSP2_HUMAN"," 24.3534289","24.188430"," 22.8748273"," 23.3151224"," 22.919497"," 23.2832238","0.307204844499801","0.45592868112546"
"388","sp|Q9H4A9|DPEP2_HUMAN"," 16.5982318","-6.321485"," 13.7566426"," 18.5008687"," 16.441894"," 18.4240170","0.307652744829006","0.45592868112546"
"389","sp|P00450|CERU_HUMAN"," 34.3900991","34.217242"," 33.9746324"," 34.2172423"," 34.490920"," 34.3900991","0.308874583168689","0.456562687203075"
"390","sp|P32942|ICAM3_HUMAN"," 21.0506682","18.967388"," 13.4950704"," 19.5850913"," 21.631338"," 21.3070987","0.312838841297126","0.461236753194481"
"391","sp|P35542|SAA4_HUMAN"," 29.0719677","29.674793"," 27.1448303"," 27.4816138"," 27.571292"," 27.8086345","0.316044424486027","0.464494635869134"
"392","sp|P14543|NID1_HUMAN"," 20.7312636","21.439953"," 21.1639906"," 20.6570471"," 20.638610"," 21.1331573","0.316686124556644","0.464494635869134"
"393","sp|CATD_HUMAN|"," 23.8603416","21.679709"," 21.1147070"," 23.3483316"," 23.583996"," 23.0301152","0.317471985907078","0.464494635869134"
"394","sp|P07858|CATB_HUMAN"," 25.5053076","25.065012"," 24.7563958"," 24.1884304"," 24.751322"," 25.1618740","0.319296074612445","0.46597777386334"
"395","sp|P39059|COFA1_HUMAN"," 22.5006629","22.484058"," 20.6310916"," 22.5956180"," 22.841894"," 22.5956180","0.323079026257178","0.470304911640196"
"396","sp|Q8NBJ4|GOLM1_HUMAN"," 25.9311370","25.416957"," 25.8887778"," 25.5053076"," 25.774572"," 24.9733889","0.324368838454221","0.470990106341357"
"397","sp|P80188|NGAL_HUMAN"," 27.9077513","26.253252"," 28.0316786"," 25.6888583"," 27.238914"," 26.7904105","0.3274621440409","0.474283961772084"
"398","sp|O95967|FBLN4_HUMAN"," 18.3797898","20.298178"," 20.0214962"," 18.6420395"," 18.322683","  6.4805664","0.331111228974998","0.478364212715135"
"399","sp|P04220|MUCB_HUMAN"," 25.7494850","19.170213"," 19.1702127"," 21.1639906"," 17.940216"," 16.1173337","0.334185185326865","0.481595191887086"
"400","sp|P78417|GSTO1_HUMAN"," 19.5165590","19.364918"," 18.9233069"," 19.3465870"," 18.548685"," 15.5460446","0.335114653841627","0.481727314897339"
"401","sp|O15204|ADEC1_HUMAN"," 18.2999578","19.735926"," 18.9673879"," 20.2361180"," 20.060643"," 18.7504390","0.338429323602081","0.484535298254466"
"402","sp|Q8IUX7|AEBP1_HUMAN;sp|Q8N436|CPXM2_HUMAN"," 24.1773253","23.151063"," 22.4426548"," 22.8617894"," 22.359290"," 22.6732326","0.339940868197655","0.484535298254466"
"403","sp|P08254|MMP3_HUMAN"," 14.6723194","13.264764","-16.6096405"," 15.0386751"," 17.671295"," 16.5364577","0.340859782371675","0.484535298254466"
"404","sp|Q9Y624|JAM1_HUMAN"," 18.9233069","15.376302"," 14.6723194"," 15.7266182"," 20.657047"," 18.9233069","0.340986523084985","0.484535298254466"
"405","sp|P16152|CBR1_HUMAN"," 18.7504390","17.345918"," 19.9867054"," 14.7553803"," 18.379790"," 18.2751826","0.342511280542437","0.484535298254466"
"406","sp|P04207|KV308_HUMAN"," 16.1173337","17.862812","-16.6096405"," 19.6008975"," 19.121935"," 20.1340317","0.342674109275854","0.484535298254466"
"407","sp|P02760|AMBP_HUMAN"," 32.2249071","31.990994"," 32.4327092"," 32.3046095"," 31.662570"," 31.9420088","0.34296672415577","0.484535298254466"
"408","sp|P06310|KV206_HUMAN"," -0.1878579","13.042505","  1.9134445"," 16.7666462"," 16.880399","  1.9134445","0.344823439629859","0.485745881796696"
"409","sp|O15394|NCAM2_HUMAN","-16.6096405","16.536458"," 14.7553803"," 18.1455877"," 18.642040"," 17.4190531","0.345561238772424","0.485745881796696"
"410","sp|P00488|F13A_HUMAN"," 23.4023066","24.973389"," 24.4110856"," 23.8603416"," 23.660250"," 23.5839957","0.346357933107209","0.485745881796696"
"411","sp|Q6UXB8|PI16_HUMAN"," 25.1167251","25.512877"," 26.2836314"," 25.3626768"," 25.281272"," 25.0167258","0.347634100297695","0.4859020790773"
"412","sp|P14314|GLU2B_HUMAN"," 15.1908007","20.159385"," 18.1880907"," 15.5460446"," 15.546045","-16.6096405","0.348159402747561","0.4859020790773"
"413","sp|P30740|ILEU_HUMAN"," 19.6825374","21.094391"," 21.5451669"," 19.4033413"," 19.754378"," 20.8839293","0.351693261764755","0.489645582360132"
"414","sp|P12318|FCG2A_HUMAN"," 23.1510630","22.978859"," 22.6732326"," 23.9967034"," 22.568654"," 23.8770482","0.355452073906142","0.493683435980753"
"415","sp|Q9UJJ9|GNPTG_HUMAN"," 22.7869237","23.348332"," 22.6886894"," 23.1074806"," 23.245236"," 23.1938570","0.361669293805049","0.500741044815938"
"416","sp|Q99497|PARK7_HUMAN"," 20.2530355","21.210271"," 22.5155099"," 20.9222405"," 19.556445"," 20.9861421","0.362275260249444","0.500741044815938"
"417","sp|P05019|IGF1_HUMAN"," 22.1447511","22.300705"," 22.7258550"," 22.4055888"," 22.943615"," 22.5486041","0.364462073210326","0.50255561653702"
"418","sp|P16035|TIMP2_HUMAN"," 22.5315610","18.275183"," 20.9375946"," 22.6643026"," 22.035176"," 21.3281320","0.370602625295479","0.508906448557249"
"419","sp|P49788|TIG1_HUMAN"," 20.0362983","19.797053"," 21.1873845"," 21.2204467"," 21.114707"," 20.2852449","0.370837916426934","0.508906448557249"
"420","sp|P13796|PLSL_HUMAN"," 26.3262919","26.097521"," 26.4966927"," 25.9565316"," 25.281272"," 26.4859840","0.37316072905738","0.51087480763808"
"421","sp|P19021|AMD_HUMAN"," 21.1873845","20.827530"," 20.7179567"," 21.0062234"," 20.554603"," 20.5546033","0.376138817249998","0.513728788405579"
"422","sp|Q9NY15|STAB1_HUMAN"," 20.9552134","20.021496"," 20.5742345"," 21.2910420"," 20.631092"," 20.6570471","0.381138737026252","0.519324108507334"
"423","sp|Q02818|NUCB1_HUMAN"," 22.0912329","22.548604"," 21.9425435"," 21.1147070"," 22.126938"," 22.1620051","0.385682659275247","0.52313404031141"
"424","sp|P22105|TENX_HUMAN"," 25.5821382","25.370452"," 25.8453327"," 26.5096281"," 25.556062"," 25.7262042","0.385908090083986","0.52313404031141"
"425","sp|P02647|APOA1_HUMAN"," 35.5224655","35.522465"," 36.1766246"," 35.5224655"," 35.522465"," 35.4597501","0.387474534645893","0.52313404031141"
"426","sp|P09382|LEG1_HUMAN"," 20.1340317","21.274225"," 21.2742246"," 21.0640320"," 21.163991"," 21.7677539","0.387968785612188","0.52313404031141"
"427","sp|Q9UM47|NOTC3_HUMAN"," 21.6955915","22.047423"," 21.3281320"," 21.9708683"," 21.094391"," 20.7712364","0.389339638888349","0.52313404031141"
"428","sp|Q24JP5|T132A_HUMAN"," 16.7666462","12.151457"," 10.9123447","  1.9134445"," 18.582511"," -0.1878579","0.389393685657884","0.52313404031141"
"429","sp|O00533|NCHL1_HUMAN"," 24.0568859","23.602828"," 24.0900241"," 24.1248590"," 23.946557"," 24.2051660","0.391392257971943","0.524593352759598"
"430","sp|TRYP_PIG|"," 32.7853947","32.042171"," 31.9420088"," 32.4327092"," 32.552616"," 32.6462002","0.393833405989364","0.526637694055545"
"431","sp|P18206|VINC_HUMAN"," 23.3151224","23.382653"," 23.4989189"," 21.9828529"," 23.295560"," 23.4298266","0.394937671022787","0.526889004264739"
"432","sp|P13797|PLST_HUMAN"," 15.0386751","18.688167"," 15.5460446","-16.6096405"," 16.536458"," 14.7553803","0.396262249115135","0.527432391762044"
"433","sp|P01707|LV204_HUMAN"," 15.5460446","14.058261","-16.6096405"," 18.1065132"," 13.756643"," 14.6723194","0.397855345923762","0.528215260669732"
"434","sp|P39060|COIA1_HUMAN"," 24.4670903","24.820181"," 24.9553037"," 24.4387788"," 24.869008"," 24.2922800","0.398687692401154","0.528215260669732"
"435","sp|Q08380|LG3BP_HUMAN"," 27.7754649","27.456064"," 28.0819210"," 28.0236823"," 28.223618"," 27.7242970","0.399706048428444","0.528347075508863"
"436","sp|P21333|FLNA_HUMAN"," 19.3115042","20.955213"," 21.6313377"," 17.9402157"," 19.533398"," 21.1512964","0.402412635442096","0.530704737108269"
"437","sp|P55268|LAMB2_HUMAN"," 20.6570471","21.247182"," 21.2910420"," 21.1512964"," 27.724297"," 21.1873845","0.404786523869551","0.532613847196778"
"438","sp|P05155|IC1_HUMAN"," 33.6000118","33.491819"," 33.4573345"," 33.4573345"," 33.974632"," 33.6000118","0.408359639002138","0.533112074971231"
"439","sp|Q13332|PTPRS_HUMAN"," 21.7829204","21.220447"," 21.7236545"," 22.6360876"," 21.873055"," 21.3872355","0.408684281815106","0.533112074971231"
"440","sp|CAH2_HUMAN|"," 20.1060760","20.657047"," 23.2206612"," 20.7601142"," 20.285245"," 19.9433237","0.408798175159407","0.533112074971231"
"441","sp|IGF2_HUMAN|;sp|Q99996|AKAP9_HUMAN;sp|P30533|AMRP_HUMAN"," 25.3626768","25.187588"," 25.1875882"," 25.4693760"," 24.864341"," 24.6134524","0.409588601106267","0.533112074971231"
"442","sp|P14780|MMP9_HUMAN"," 17.6712952","17.758691"," 24.0092939"," 13.4950704"," 16.308669"," 21.1639906","0.409800934151798","0.533112074971231"
"443","sp|P05090|APOD_HUMAN"," 31.1979213","30.519859"," 30.9922384"," 30.8221482"," 30.519859"," 30.7325037","0.411683486584884","0.534352155273833"
"444","sp|Q15904|VAS1_HUMAN"," 20.0606430","19.143541"," 19.7032556"," 19.1435409"," 19.311504"," 19.6008975","0.412977854763775","0.534824924525159"
"445","sp|Q9H8L6|MMRN2_HUMAN"," 19.1435409","20.528604"," 20.6913594"," 20.9375946"," 19.920038"," 21.2204467","0.417904311362549","0.539988716929136"
"446","sp|P43652|AFAM_HUMAN"," 30.9122161","31.007616"," 30.9122161"," 31.3714543"," 30.912216"," 30.9768610","0.425804992475115","0.548963835590115"
"447","sp|Q9UHG3|PCYOX_HUMAN"," 21.6028322","20.106076"," 16.8803989"," 20.4871887"," 21.307099"," 20.9222405","0.428192616909793","0.550807057546154"
"448","sp|P01854|IGHE_HUMAN"," 19.5564453","22.185249"," 19.1219352"," 23.7327871"," 20.616595"," 20.3374159","0.429597034913559","0.551380122935929"
"449","sp|P06727|APOA4_HUMAN;sp|Q9BT92|TCHP_HUMAN;sp|Q14980|NUMA1_HUMAN;sp|Q15020|SART3_HUMAN;sp|P61129|ZC3H6_HUMAN"," 32.3046095","32.432709"," 34.1104764"," 33.6000118"," 33.457335"," 33.4918193","0.43256807458626","0.553956888389976"
"450","sp|P20062|TCO2_HUMAN"," 16.8803989","20.337416"," 19.2505606"," 19.8611115"," 19.682537"," 19.8455530","0.44085453394079","0.56331412670212"
"451","sp|P55103|INHBC_HUMAN"," 20.2361180","17.984650"," 17.6712952"," 17.6922581"," 18.228887"," 17.6712952","0.444505939493071","0.566720432834846"
"452","sp|Q92496|FHR4_HUMAN;sp|Q02985|FHR3_HUMAN"," 25.2802806","25.774572"," 22.8617894"," 22.9344235"," 23.785103"," 24.5470570","0.447506443356042","0.569283639225053"
"453","sp|P31146|COR1A_HUMAN"," 15.9493365","18.379790"," 19.9433237"," 17.1121609","-12.455112"," 20.3667732","0.44930094731758","0.570304734453881"
"454","sp|Q13232|NDK3_HUMAN"," 17.2681844","15.726618"," 16.1173337"," 12.1514572"," 14.672319"," 17.7586913","0.45347151815035","0.574330667260906"
"455","sp|P00742|FA10_HUMAN"," 25.6070086","25.556062"," 24.4730457"," 24.9134279"," 26.066564"," 25.9133557","0.463231200895092","0.585402067065226"
"456","sp|GSTP1_HUMAN|"," 19.2823241","23.973211"," 22.3592903"," 21.4519029"," 19.620252"," 20.7601142","0.464669149096044","0.585931492829442"
"457","sp|P02786|TFR1_HUMAN"," 20.2852449","21.398082"," 20.2981780"," 20.5978080"," 19.986705"," 20.3800193","0.470922002406007","0.592516742633379"
"458","sp|P32119|PRDX2_HUMAN"," 19.8705390","22.385878"," 24.8690076"," 22.3219355"," 20.253036"," 20.6310916","0.473165416276351","0.594039551001969"
"459","sp|P49913|CAMP_HUMAN"," 21.1147070","20.791310"," 20.0362983"," 19.1702127"," 19.861112"," 21.2471819","0.479520841001888","0.599739839493901"
"460","sp|ANT3_HUMAN|"," 27.4560642","24.913428"," 23.4607597"," 26.2357293"," 26.665196"," 25.9565316","0.479791871595121","0.599739839493901"
"461","sp|P13598|ICAM2_HUMAN"," 23.5387528","22.583927"," 22.7363402"," 23.8603416"," 22.816561"," 23.1344267","0.4994728942366","0.622940326313736"
"462","sp|Q86UD1|OAF_HUMAN"," 23.6692610","24.843654"," 24.1662202"," 23.9465573"," 24.166220"," 23.7128263","0.50051901001208","0.622940326313736"
"463","sp|P28799|GRN_HUMAN"," 21.4519029","19.891644"," 20.5286039"," 21.3980817"," 20.597808"," 21.0308358","0.504597233379312","0.626659631086619"
"464","sp|P06748|NPM_HUMAN"," 14.2498098","21.873055"," 13.2647636"," 17.0487947"," 12.729003"," 12.7290026","0.509572254228925","0.630621633978054"
"465","sp|Q6FHJ7|SFRP4_HUMAN"," 22.5839268","22.162005"," 18.8898448"," 21.9425435"," 22.515510"," 21.9708683","0.509980973564861","0.630621633978054"
"466","sp|Q92859|NEO1_HUMAN"," 22.9528055","22.429457"," 22.9344235"," 22.9528055"," 22.162005"," 22.5839268","0.513645630218527","0.633790208960629"
"467","sp|P69891|HBG1_HUMAN"," 23.8603416","23.010611"," 29.4186428"," 26.9041715"," 21.679709"," 22.1269383","0.517348108352967","0.636969574744055"
"468","sp|ALDOA_RABIT|"," 26.0076108","26.283631"," 25.3198807"," 23.3924796"," 26.244491"," 25.8567538","0.518437845182987","0.636969574744055"
"469","sp|PPIA_HUMAN|;sp|Q9Y536|PAL4A_HUMAN"," 20.7179567","23.460760"," 22.9788588"," 21.7677539"," 21.374410"," 22.0474228","0.521887277864429","0.639840479258096"
"470","sp|Q99650|OSMR_HUMAN"," 21.9147203","18.106513"," 18.5825108"," 21.3281320"," 20.517620"," 19.5564453","0.530768569911557","0.649344527019458"
"471","sp|Q14651|PLSI_HUMAN","-16.6096405","-6.321485"," 16.9768897"," -0.1878579","-12.455112","-16.6096405","0.535330765504953","0.652468125985656"
"472","sp|Q9NZP8|C1RL_HUMAN"," 25.3284204","25.416957"," 24.7257834"," 25.7262042"," 24.399821"," 24.2579235","0.535591226896052","0.652468125985656"
"473","sp|P69892|HBG2_HUMAN;sp|P02100|HBE_HUMAN"," 23.8603416","22.994660"," 29.3504514"," 26.9041715"," 21.723655"," 22.3487196","0.536801124937584","0.652559507059431"
"474","sp|P01833|PIGR_HUMAN"," 25.5498018","25.336960"," 27.3373342"," 25.6888583"," 25.582138"," 25.5560623","0.539457726374056","0.654405469757557"
"475","sp|P11717|MPRI_HUMAN"," 19.9867054","18.228887"," 19.6516408"," 19.6516408"," 21.030836"," 18.8570294","0.54086723090412","0.654734016357618"
"476","sp|P07225|PROS_HUMAN"," 28.2236184","28.503097"," 28.6912034"," 28.5580597"," 27.907751"," 28.4614480","0.54419167844932","0.657374401488149"
"477","sp|P08833|IBP1_HUMAN"," 22.4689924","22.461589"," 21.8730546"," 22.2554701"," 20.968444"," 22.5155099","0.547866505515588","0.659960657225553"
"478","sp|O75339|CILP1_HUMAN"," 25.2177795","23.868049"," 24.1091574"," 24.8690076"," 24.514779"," 24.7094203","0.549734653579738","0.659960657225553"
"479","sp|RETBP_HUMAN|"," 29.6038020","29.848307"," 30.1945733"," 29.3504514"," 30.194573"," 29.4808073","0.550528733441018","0.659960657225553"
"480","sp|P07911|UROM_HUMAN"," 19.9200383","18.811277"," 17.0487947"," 18.3226826"," 17.500658"," 18.1455877","0.550923679075244","0.659960657225553"
"481","sp|Q96RW7|HMCN1_HUMAN"," 16.4418940","-6.321485"," 17.1121609"," 12.7290026"," 15.038675"," 15.7266182","0.55521357621185","0.663716853059904"
"482","sp|P12277|KCRB_HUMAN","  6.4805664","13.495070"," 18.4462716"," 13.2647636","  6.480566"," 10.9123447","0.561295109161327","0.669338998897553"
"483","sp|Q9H6X2|ANTR1_HUMAN"," 19.1702127","19.861112","  1.3517266"," 16.5364577"," 18.188091"," 18.1880907","0.562244759073944","0.669338998897553"
"484","sp|Q9UEW3|MARCO_HUMAN"," 19.7543780","18.889845"," 21.5088729"," 21.5451669"," 20.528604"," 19.8211604","0.566995294761695","0.673599781999947"
"485","sp|P07737|PROF1_HUMAN"," 23.4298266","23.030115"," 25.1028456"," 24.2751100"," 23.639167"," 25.0650117","0.571847943614545","0.677964056862605"
"486","sp|P25786|PSA1_HUMAN"," 24.7094203","25.512877"," 23.8725486"," 23.5387528"," 25.319881"," 23.9465573","0.581759146227943","0.688295286175035"
"487","sp|Q8NBP7|PCSK9_HUMAN"," 18.1065132","19.076526"," 18.4240170"," 17.6485398"," 20.298178"," 14.2498098","0.58426577748446","0.689841523723951"
"488","sp|Q99972|MYOC_HUMAN"," 25.9133557","24.709420"," 22.9946601"," 21.0506682"," 29.071968"," 28.5580597","0.589244238940489","0.694293929079469"
"489","sp|K1C10_HUMAN|"," 24.6635642","26.388556"," 26.3537430"," 25.7494850"," 26.620642"," 26.1664716","0.591046565016131","0.69499340467132"
"490","sp|P02042|HBD_HUMAN"," 24.2579235","23.852634"," 29.5578771"," 27.2836318"," 23.498919"," 22.8748273","0.594028492554283","0.69707425146676"
"491","sp|P27797|CALR_HUMAN"," 20.8275300","21.133157"," 19.7359264"," 15.3763023"," 21.337709"," 21.3377094","0.60608385758864","0.709772338316635"
"492","sp|Q8IWV2|CNTN4_HUMAN"," 18.2288870","14.672319"," 17.9402157"," 18.5825108"," 16.766646"," 17.6485398","0.609495727059502","0.712317160689458"
"493","sp|P12259|FA5_HUMAN"," 24.1091574","23.639167"," 24.0301684"," 23.1879630"," 23.107481"," 28.8638049","0.614540091719798","0.71675568506873"
"494","sp|P01605|KV113_HUMAN"," 17.3459182","18.642040"," 17.3459182"," 16.1173337"," 13.495070"," 20.2361180","0.616915527377434","0.71806969279762"
"495","sp|P12830|CADH1_HUMAN"," 24.1773253","24.090024"," 24.3709926"," 24.3126703"," 24.124859"," 24.0029987","0.619111301836459","0.719169694052453"
"496","sp|Q7Z7G0|TARSH_HUMAN"," 24.6915780","24.746734"," 25.2812716"," 25.3198807"," 24.473046"," 25.5435412","0.620642002728054","0.719494257194821"
"497","sp|Q13228|SBP1_HUMAN"," 21.0943914","19.023479"," 20.2852449"," 20.2530355"," 18.967388"," 20.0214962","0.623984599763115","0.721913772361752"
"498","sp|P22792|CPN2_HUMAN"," 28.1801067","27.992847"," 28.3712591"," 27.9077513"," 28.436467"," 27.8546909","0.627736110694421","0.724795710139141"
"499","sp|HBA_HUMAN|;sp|P69905|HBA_HUMAN"," 27.1840156","27.613645"," 32.2249071"," 31.2492827"," 25.505308"," 26.5225634","0.6298890913919","0.7258241033073"
"500","sp|P04080|CYTB_HUMAN"," 20.8421731","20.422947"," 22.3858783"," 21.4217671"," 21.741426"," 21.4835341","0.635750881466926","0.730135121256148"
"501","sp|P15941|MUC1_HUMAN"," 22.0351759","24.109157"," 19.5564453"," 21.9147203"," 23.220661"," 22.7869237","0.636169905651009","0.730135121256148"
"502","sp|P48637|GSHB_HUMAN"," 17.4190531","19.620252"," 19.8916443"," 19.0234795"," 19.735926"," 19.4605324","0.642964876192773","0.736463752611244"
"503","sp|P02675|FIBB_HUMAN"," 34.4909197","34.649861"," 34.8646718"," 35.1473129"," 35.147313"," 34.2172423","0.649433723542652","0.742394415580567"
"504","sp|O00592|PODXL_HUMAN"," 21.3377094","20.616595"," 21.3377094"," 20.8275300"," 21.569959"," 21.3744099","0.650789014598428","0.742467625781937"
"505","sp|HBB_HUMAN|"," 27.7754649","28.015686"," 32.7853947"," 31.7385161"," 26.160979"," 27.3107038","0.658811066578717","0.750131412441113"
"506","sp|A1L4H1|SRCRL_HUMAN"," 20.0214962","21.767754"," 21.0308358"," 20.4229465"," 21.666394"," 19.6202515","0.660971077358572","0.750717148887806"
"507","sp|Q6YHK3|CD109_HUMAN"," 22.4055888","20.903010"," 22.4294569"," 21.9653335"," 21.439953"," 21.5451669","0.661936686062814","0.750717148887806"
"508","sp|Q7Z5L7|PODN_HUMAN"," 20.9222405","18.322683"," 18.8570294"," 18.7504390"," 18.901090"," 19.2505606","0.66618624180361","0.753192544004746"
"509","sp|Q76LX8|ATS13_HUMAN"," 20.9861421","22.237881"," 20.1340317"," 22.3858783"," 19.364918"," 20.0606430","0.666739138953767","0.753192544004746"
"510","sp|P07602|SAP_HUMAN"," 23.3826525","23.220661"," 23.2106934"," 22.8165606"," 23.785103"," 23.6692610","0.669539565586783","0.754873039632157"
"511","sp|Q8WUJ3|CEMIP_HUMAN"," 18.6881667","19.682537"," 19.2023289"," 18.9673879"," 19.943324"," 19.2023289","0.684031790985263","0.769703091617468"
"512","sp|Q8N2S1|LTBP4_HUMAN"," 19.7970527","20.691359"," 20.9030103"," 21.3377094"," 21.064032"," 19.7543780","0.692795683214466","0.778042027047496"
"513","sp|Q12884|SEPR_HUMAN"," 17.5006584","16.117334"," 14.0582606"," 14.2498098"," 18.145588"," 13.0425054","0.708503877852086","0.79413202683226"
"514","sp|P28066|PSA5_HUMAN","-16.6096405","-6.321485"," 17.2681844","-16.6096405"," 14.249810"," 13.7566426","0.71133500059793","0.795754134910136"
"515","sp|P13591|NCAM1_HUMAN"," 22.3592903","22.952806"," 22.4615892"," 22.0351759"," 23.319857"," 22.9269602","0.715898397157908","0.799304035661742"
"516","sp|Q9UNW1|MINP1_HUMAN"," 24.3330605","22.841894"," 22.4840579"," 23.1427449"," 23.611107"," 23.6111068","0.722849265177376","0.804729794443088"
"517","sp|Q16363|LAMA4_HUMAN"," 20.8604143","21.451903"," 22.6643026"," 22.4426548"," 22.531561"," 20.8604143","0.725562184966924","0.804729794443088"
"518","sp|Q86WI1|PKHL1_HUMAN"," 12.7290026","19.754378"," 20.5176200"," 19.8455530"," 17.419053"," 18.7954665","0.725767171212282","0.804729794443088"
"519","sp|P21810|PGS1_HUMAN"," 19.5850913","19.973268"," 19.0234795"," 19.3649181"," 19.516559"," 19.3649181","0.726356110114718","0.804729794443088"
"520","sp|P98160|PGBM_HUMAN"," 28.2990535","28.180107"," 27.1840156"," 27.7902950"," 28.315478"," 27.9928472","0.733721922717266","0.811327126081593"
"521","sp|Q9BTY2|FUCO2_HUMAN"," 20.6165951","20.134032"," 21.8228057"," 20.1593846"," 21.210271"," 20.5742345","0.742730007252135","0.819711620287865"
"522","sp|Q14767|LTBP2_HUMAN"," 22.9946601","23.295560"," 23.0106110"," 22.3592903"," 23.479558"," 23.0858940","0.744610821266262","0.820213069402491"
"523","sp|P01767|HV306_HUMAN"," 25.1618740","25.749485"," 25.4252662"," 25.5204468"," 25.187588"," 25.4252662","0.751681226741329","0.82641817471561"
"524","sp|P15144|AMPN_HUMAN"," 25.5498018","24.343245"," 24.6134524"," 25.1685107"," 24.973389"," 24.7563958","0.761368171518376","0.835470798898981"
"525","sp|Q06828|FMOD_HUMAN"," 21.3070987","20.182297"," 22.0660756"," 20.5176200"," 21.695591"," 20.7179567","0.769563672368523","0.842855450689335"
"526","sp|CRP_HUMAN|"," 28.1405551","28.140555"," 28.3712591"," 27.7242970"," 28.503097"," 28.7285578","0.774571074487979","0.84672693503914"
"527","sp|P11362|FGFR1_HUMAN"," 23.0570069","23.134427"," 23.1074806"," 23.2399944"," 23.402307"," 22.8165606","0.789795960612716","0.861731835583134"
"528","sp|Q8WZ75|ROBO4_HUMAN"," 23.6391666","24.644162"," 21.7677539"," 23.0301152"," 23.151063"," 23.1074806","0.79155351189519","0.862013767688891"
"529","sp|Q12860|CNTN1_HUMAN"," 22.6886894","22.275451"," 21.2204467"," 22.5486041"," 21.782920"," 22.2754508","0.793146370133063","0.862115619709852"
"530","sp|Q14515|SPRL1_HUMAN"," 25.8887778","25.641780"," 25.4404970"," 25.7745724"," 25.980079"," 25.3934380","0.798527956138949","0.862160734585442"
"531","sp|Q92692|PVRL2_HUMAN"," 18.9010901","20.631092"," 21.3980817"," 19.9732685"," 20.159385"," 20.1593846","0.800733012361689","0.862160734585442"
"532","sp|K2C1_HUMAN|"," 26.9441496","26.944150"," 27.1090343"," 26.7904105"," 27.019989"," 27.3247006","0.801268300939477","0.862160734585442"
"533","sp|CAH1_HUMAN|"," 24.2922800","23.107481"," 26.6144024"," 25.9311370"," 23.245236"," 23.7787607","0.802563107041028","0.862160734585442"
"534","sp|P08603|CFAH_HUMAN;sp|Q02985|FHR3_HUMAN"," 33.4918193","33.398105"," 33.4573345"," 33.3431339"," 33.684131"," 33.4104775","0.803074172502388","0.862160734585442"
"535","sp|P29401|TKT_HUMAN"," 22.2094200","21.782920"," 22.9528055"," 20.6386097"," 22.405589"," 23.2156773","0.803292952144163","0.862160734585442"
"536","sp|P08253|MMP2_HUMAN"," 27.4816138","28.031679"," 28.0819210"," 27.6136450"," 28.004267"," 28.1801067","0.804217157702125","0.862160734585442"
"537","sp|P13473|LAMP2_HUMAN"," 22.9194968","20.937595"," 22.0139154"," 22.2094200"," 22.348720"," 21.8060503","0.805183155604143","0.862160734585442"
"538","sp|P01596|KV104_HUMAN"," 16.5364577","-6.321485"," 15.3763023","-16.6096405"," 12.151457"," 19.5333977","0.806824580013251","0.862312515813419"
"539","sp|P15151|PVR_HUMAN"," 24.2751100","24.124859"," 23.2832238"," 23.4607597"," 24.030168"," 23.9187811","0.812880328979342","0.867172892695958"
"540","sp|P26022|PTX3_HUMAN"," 19.6008975","20.380019"," 20.8421731"," 19.7970527"," 20.182297"," 21.2742246","0.814655253662772","0.867456983066841"
"541","sp|P25311|ZA2G_HUMAN"," 32.6462002","32.552616"," 32.6462002"," 32.5526162"," 32.923860"," 32.4673475","0.838157726893644","0.890574291060401"
"542","sp|P08195|4F2_HUMAN"," 23.7851030","21.845761"," 21.8457615"," 22.5315610"," 22.595618"," 21.8908244","0.840377356033278","0.890574291060401"
"543","sp|P04114|APOB_HUMAN;sp|Q9ULK0|GRID1_HUMAN;sp|O75964|ATP5L_HUMAN;sp|Q7Z4Y8|AT5L2_HUMAN"," 34.2172423","34.110476"," 34.4909197"," 34.1104764"," 34.110476"," 34.7572662","0.841011895731822","0.890574291060401"
"544","sp|P49908|SEPP1_HUMAN"," 27.2389140","27.109034"," 26.6464882"," 27.2389140"," 26.904171"," 26.7022252","0.845174834959302","0.893337371510292"
"545","sp|P16070|CD44_HUMAN"," 25.0889662","24.864341"," 24.1884304"," 25.1408881"," 24.644162"," 24.1091574","0.847662815768158","0.893582629071462"
"546","sp|P04216|THY1_HUMAN"," 21.3872355","21.914720"," 21.6663943"," 21.6955915"," 21.602832"," 21.5699589","0.849606401933266","0.893582629071462"
"547","sp|O95633|FSTL3_HUMAN"," 21.2742246","21.163991"," 16.4418940"," 21.8637437"," 22.583927"," 12.1514572","0.851824692394504","0.893582629071462"
"548","sp|O75882|ATRN_HUMAN"," 27.9651145","27.951616"," 27.7242970"," 27.9928472"," 28.299054"," 27.5010046","0.852387420190036","0.893582629071462"
"549","sp|P08571|CD14_HUMAN"," 29.3058741","29.305874"," 29.6399222"," 29.3058741"," 29.350451"," 29.6933734","0.85317715366997","0.893582629071462"
"550","sp|P02745|C1QA_HUMAN"," 26.2054623","25.726204"," 25.7055232"," 27.3107038"," 26.724058"," 24.1884304","0.858386813460793","0.897404395890829"
"551","sp|LEP_HUMAN|"," 18.8112767","18.619276"," 16.7666462"," 20.6165951"," 17.268184"," 17.0487947","0.86437665460206","0.902026454439536"
"552","sp|P02452|CO1A1_HUMAN"," 28.9679310","29.158577"," 28.6579217"," 29.1585771"," 28.728558"," 28.7949346","0.871521116789912","0.907834496656159"
"553","sp|Q8WWA0|ITLN1_HUMAN"," 19.7359264","15.949336"," 18.6192761"," 21.7414256"," 13.264764"," 20.7913097","0.876165051173735","0.911021526988965"
"554","sp|Q9NPY3|C1QR1_HUMAN"," 23.2955596","23.946557"," 23.8526343"," 23.5587074"," 24.009294"," 23.6452031","0.881081167215127","0.913267011102991"
"555","sp|P55058|PLTP_HUMAN"," 28.9162937","28.691203"," 28.8103621"," 28.5917858"," 29.006206"," 28.7533528","0.881501202021148","0.913267011102991"
"556","sp|P35590|TIE1_HUMAN"," 20.5978080","20.860414"," 18.8112767"," 19.6202515"," 20.366773"," 20.6165951","0.885870675510227","0.916143234565433"
"557","sp|Q9UBP4|DKK3_HUMAN"," 25.3284204","25.165192"," 24.2836950"," 25.4404970"," 24.761470"," 24.7421465","0.896225820358232","0.925188234660652"
"558","sp|Q86YZ3|HORN_HUMAN"," 20.7601142","19.250561"," 16.3086686"," 17.6047072"," 19.076526"," 19.0765261","0.903186460839251","0.930064309288758"
"559","sp|P27487|DPP4_HUMAN"," 21.4217671","22.321935"," 21.8637437"," 21.8855310"," 21.890824"," 21.7236545","0.904184258943332","0.930064309288758"
"560","sp|P02671|FIBA_HUMAN"," 33.4228498","33.600012"," 33.1648673"," 33.4573345"," 33.398105"," 33.2881625","0.921495048640082","0.945083565622582"
"561","sp|Q86SQ4|GP126_HUMAN"," 21.3980817","19.460532"," 19.8705390"," 20.3667732"," 20.422947"," 19.7359264","0.922072835329163","0.945083565622582"
"562","sp|P55290|CAD13_HUMAN"," 22.9788588","22.673233"," 23.5587074"," 22.6732326"," 23.660250"," 22.7557494","0.926036521353136","0.947457294978742"
"563","sp|Q99542|MMP19_HUMAN"," 18.9673879","18.446272"," 19.9732685"," 20.2852449"," 17.203104"," 20.1822968","0.937657631191772","0.957643229014687"
"564","sp|Q6UX71|PXDC2_HUMAN"," 23.2399944","22.595618"," 22.0474228"," 22.7363402"," 22.868308"," 22.1852488","0.943056103834744","0.961449042030103"
"565","sp|LYSC_HUMAN|"," 26.8693000","26.724058"," 28.9062703"," 27.5203955"," 27.184016"," 27.6353966","0.947143905941115","0.963907514895825"
"566","Int_P02741ups|CRP_HUMAN_UPS"," 22.7363402","14.249810"," 15.7266182"," 18.8898448"," 17.604707"," 16.7666462","0.951437787340181","0.965364275953458"
"567","sp|P09172|DOPO_HUMAN"," 23.2832238","24.470068"," 23.3483316"," 25.6528164"," 22.047423"," 23.1756269","0.951933120809757","0.965364275953458"
"568","sp|K1C9_HUMAN|;sp|P35527|K1C9_HUMAN"," 26.4752752","25.833912"," 24.8690076"," 25.7952834"," 25.249200"," 26.0665644","0.968684088710655","0.980622096846173"
"569","sp|P02751|FINC_HUMAN"," 33.0048594","32.646200"," 32.5741437"," 33.0048594"," 32.646200"," 32.5526162","0.971931115506481","0.982179949764897"
"570","sp|Q16610|ECM1_HUMAN"," 28.0236823","28.753353"," 27.9651145"," 28.4614480"," 28.004267"," 28.2479435","0.975578777983033","0.984136486561832"
"571","sp|P02679|FIBG_HUMAN"," 34.6498605","34.935222"," 34.9352219"," 35.4597501"," 34.935222"," 34.1104764","0.991229713978367","0.996498115433458"
"572","sp|P01614|KV201_HUMAN"," 14.0582606","-6.321485","-16.6096405","-16.6096405","-12.455112"," 19.6825374","0.991298994831197","0.996498115433458"
"573","sp|P02461|CO3A1_HUMAN"," 27.3107038","27.799465"," 27.0199886"," 27.3499679"," 27.400972"," 27.3754701","0.99612066150762","0.999597522455291"
"574","sp|Q15113|PCOC1_HUMAN"," 25.8339117","26.417406"," 26.0975205"," 26.3373257"," 25.856754"," 26.1554859","0.999172407143388","1"
"575","sp|ALBU_HUMAN|;sp|Q8WY91|THAP4_HUMAN;sp|O75683|SURF6_HUMAN;sp|Q96JG6|CC132_HUMAN"," 37.8045677","37.804568"," 37.8045677"," 37.8045677"," 37.804568"," 37.8045677","1","1"
