"","0","  1.000000","  1.000000","  1.000000","  2.00000","  2.000000","  2.000000","pVal","BHpVal"
"1","sp|P02774|VTDB_HUMAN"," 34.132796"," 34.118425"," 34.050502"," 33.13733"," 33.161929"," 33.095946","1.31722284817014e-05","0.00757403137697832"
"2","sp|Q13790|APOF_HUMAN"," 27.126933"," 27.156530"," 27.358447"," 24.95362"," 24.776415"," 24.829951","2.76654399109254e-05","0.00795381397439106"
"3","sp|Q13201|MMRN1_HUMAN"," 16.876629"," 17.719611"," 17.586157"," 22.67724"," 22.137105"," 22.031250","0.000183348174949166","0.0351417335319235"
"4","sp|P01714|LV301_HUMAN"," 24.342616"," 24.383413"," 24.214548"," 26.93447"," 26.520743"," 26.737307","0.000623828913569365","0.0398778370471781"
"5","sp|P01876|IGHA1_HUMAN"," 32.173537"," 31.614743"," 32.010052"," 34.61710"," 34.025766"," 34.546577","0.00063156762851809","0.0398778370471781"
"6","sp|P17900|SAP3_HUMAN"," 21.714864"," 22.093230"," 21.906938"," 23.49966"," 23.747497"," 23.316401","0.000678380365270869","0.0398778370471781"
"7","sp|P16930|FAAA_HUMAN"," 21.810016"," 21.585802"," 21.755138"," 22.97903"," 23.069883"," 22.987955","0.00070824150088384","0.0398778370471781"
"8","sp|Q12913|PTPRJ_HUMAN"," 21.934153"," 21.858694"," 22.114978"," 23.15188"," 23.120512"," 22.883266","0.000723398876665536","0.0398778370471781"
"9","sp|P02790|HEMO_HUMAN"," 35.789951"," 35.691454"," 35.962982"," 34.79434"," 34.568947"," 34.470054","0.000757762995960208","0.0398778370471781"
"10","sp|Q96PD5|PGRP2_HUMAN"," 29.969073"," 30.234078"," 29.963968"," 29.07328"," 28.882323"," 28.877805","0.000860118258060181","0.0398778370471781"
"11","sp|P07333|CSF1R_HUMAN"," 26.297447"," 26.350845"," 26.593143"," 27.44720"," 27.812878"," 27.619681","0.00105914224791951","0.0398778370471781"
"12","sp|P00734|THRB_HUMAN"," 32.973202"," 33.120054"," 32.999955"," 31.89859"," 32.165580"," 32.014770","0.00108321256080369","0.0398778370471781"
"13","sp|P06276|CHLE_HUMAN"," 25.616683"," 25.615081"," 25.750417"," 24.83409"," 24.827351"," 25.030221","0.00125753621191619","0.0398778370471781"
"14","sp|P01620|KV302_HUMAN;sp|P18135|KV312_HUMAN"," 26.753928"," 27.095242"," 26.691154"," 28.53442"," 28.103594"," 28.504264","0.00126112981555499","0.0398778370471781"
"15","sp|P02743|SAMP_HUMAN"," 29.067060"," 29.039187"," 28.729174"," 27.76017"," 27.576922"," 27.571120","0.00141347190734919","0.0398778370471781"
"16","sp|P01768|HV307_HUMAN"," 21.520582"," 20.407752"," 20.587672"," 24.74863"," 23.936783"," 24.795766","0.00141946388909783","0.0398778370471781"
"17","sp|P00739|HPTR_HUMAN"," 25.613160"," 26.248747"," 26.158536"," 23.33606"," 23.698154"," 23.498515","0.00148311222403005","0.0398778370471781"
"18","sp|P01033|TIMP1_HUMAN"," 29.843172"," 29.680526"," 29.891233"," 30.57085"," 30.409102"," 30.440512","0.00149474145277107","0.0398778370471781"
"19","sp|P35858|ALS_HUMAN"," 28.013395"," 28.421486"," 28.687963"," 26.16932"," 26.484203"," 26.055433","0.00156630190367475","0.0398778370471781"
"20","sp|P60900|PSA6_HUMAN"," 20.591053"," 21.041690"," 20.412771"," 17.87025"," 17.859424"," 17.667028","0.00180150043493335","0.0398778370471781"
"21","sp|P05546|HEP2_HUMAN"," 30.650893"," 30.939390"," 30.688921"," 29.40165"," 28.884696"," 29.089198","0.00180303797669955","0.0398778370471781"
"22","sp|P19827|ITIH1_HUMAN"," 31.745300"," 31.859411"," 31.807268"," 30.75718"," 30.646472"," 30.468186","0.00193073611189344","0.0398778370471781"
"23","sp|P27169|PON1_HUMAN"," 29.725741"," 29.670723"," 29.296555"," 28.43118"," 28.123725"," 27.955886","0.00198533274998575","0.0398778370471781"
"24","sp|P01593|KV101_HUMAN"," 28.574070"," 28.268472"," 28.128416"," 30.33805"," 29.759552"," 30.283739","0.00203473040744133","0.0398778370471781"
"25","sp|P01769|HV308_HUMAN"," 21.878867"," 20.694139"," 21.029102"," 24.20634"," 24.490979"," 25.091506","0.00208259251875696","0.0398778370471781"
"26","sp|B9A064|IGLL5_HUMAN;sp|P0CG04|LAC1_HUMAN;sp|P0CG06|LAC3_HUMAN;sp|P0CF74|LAC6_HUMAN"," 31.453119"," 31.224264"," 31.850163"," 33.70248"," 33.235329"," 34.007137","0.00208915598044501","0.0398778370471781"
"27","sp|P0CG05|LAC2_HUMAN;sp|P0CG04|LAC1_HUMAN;sp|P0CG06|LAC3_HUMAN;sp|P0CF74|LAC6_HUMAN"," 32.150277"," 31.859411"," 32.494924"," 34.29664"," 33.910422"," 34.688937","0.00213071126089762","0.0398778370471781"
"28","sp|P01609|KV117_HUMAN"," 28.561171"," 28.252202"," 28.097309"," 30.28870"," 29.706621"," 30.231229","0.0021376428075645","0.0398778370471781"
"29","sp|P01597|KV105_HUMAN"," 28.552505"," 28.246737"," 28.097309"," 30.26849"," 29.693082"," 30.220505","0.00216631268762959","0.0398778370471781"
"30","sp|P01606|KV114_HUMAN"," 28.552505"," 28.246737"," 28.097309"," 30.26849"," 29.693082"," 30.220505","0.00216631268762959","0.0398778370471781"
"31","sp|P01599|KV107_HUMAN;sp|P01610|KV118_HUMAN"," 28.552505"," 28.246737"," 28.097309"," 30.26849"," 29.693082"," 30.220505","0.00216631268762959","0.0398778370471781"
"32","sp|P01608|KV116_HUMAN"," 28.556844"," 28.246737"," 28.097309"," 30.26849"," 29.693082"," 30.231229","0.00221928832262556","0.0398778370471781"
"33","sp|P01619|KV301_HUMAN"," 22.857962"," 22.507756"," 22.138907"," 24.80474"," 24.248722"," 24.273637","0.00229267975513881","0.0399482078546914"
"34","sp|P08107|HSP71_HUMAN;sp|P17066|HSP76_HUMAN"," 22.232024"," 21.670655"," 21.058211"," 19.15047"," 18.268854"," 18.162723","0.00253301529773097","0.0418441831483677"
"35","sp|P15169|CBPN_HUMAN"," 27.338185"," 27.192048"," 27.535780"," 26.48626"," 26.328112"," 26.603333","0.00271534799956515","0.0418441831483677"
"36","sp|P11142|HSP7C_HUMAN;sp|P34931|HS71L_HUMAN"," 22.175028"," 21.699186"," 22.320209"," 19.38130"," 20.048025"," 19.103809","0.00275586927051291","0.0418441831483677"
"37","sp|Q14520|HABP2_HUMAN"," 28.750786"," 28.478270"," 28.397247"," 27.73171"," 27.576922"," 27.462461","0.00276661990349234","0.0418441831483677"
"38","sp|P24821|TENA_HUMAN"," 26.112464"," 25.896857"," 26.124501"," 25.00253"," 25.222771"," 25.333520","0.00279022508002761","0.0418441831483677"
"39","sp|O14786|NRP1_HUMAN"," 23.547699"," 23.723924"," 23.340674"," 24.34601"," 24.711174"," 24.642282","0.00283812720484581","0.0418441831483677"
"40","sp|A0M8Q6|LAC7_HUMAN;sp|P0CG04|LAC1_HUMAN;sp|P0CG06|LAC3_HUMAN;sp|P0CF74|LAC6_HUMAN"," 31.713650"," 31.323665"," 31.882668"," 33.65280"," 33.282283"," 34.084969","0.002960340699872","0.0423703970782613"
"41","sp|P01613|KV121_HUMAN"," 24.735534"," 24.292464"," 24.893213"," 27.23750"," 26.395195"," 26.682915","0.00309188627288702","0.0423703970782613"
"42","sp|P04217|A1BG_HUMAN"," 33.782320"," 33.910682"," 33.704479"," 32.90929"," 32.960393"," 32.924888","0.00309488117789039","0.0423703970782613"
"43","sp|O95445|APOM_HUMAN"," 28.657162"," 28.144493"," 28.345212"," 26.74444"," 25.984334"," 26.035201","0.00363884516778965","0.0478995743667356"
"44","sp|P04206|KV307_HUMAN;sp|P18135|KV312_HUMAN;sp|P18136|KV313_HUMAN"," 26.502664"," 26.977620"," 26.489916"," 28.38409"," 27.792940"," 28.266462","0.0036653587341502","0.0478995743667356"
"45","sp|P29622|KAIN_HUMAN"," 28.791695"," 29.163574"," 29.208867"," 27.99888"," 28.054112"," 27.783730","0.00390819953066145","0.0479455202975635"
"46","sp|P06331|HV209_HUMAN;sp|P01825|HV207_HUMAN"," 26.074892"," 25.279949"," 25.705112"," 28.18314"," 27.364160"," 28.242875","0.00406935728581936","0.0479455202975635"
"47","sp|Q96IY4|CBPB2_HUMAN"," 26.607235"," 26.924808"," 26.717513"," 25.64044"," 26.003337"," 25.611071","0.00412198556392871","0.0479455202975635"
"48","sp|P04083|ANXA1_HUMAN"," 18.358989"," 19.541759"," 19.520031"," 15.97983"," 15.586280"," 16.516806","0.00419243107966391","0.0479455202975635"
"49","sp|Q99784|NOE1_HUMAN"," 23.032690"," 22.745963"," 22.899320"," 24.00885"," 24.265811"," 23.793126","0.00423815342206017","0.0479455202975635"
"50","sp|P13671|CO6_HUMAN"," 29.941875"," 30.078743"," 29.641644"," 29.06636"," 28.865607"," 28.698104","0.00424444134079992","0.0479455202975635"
"51","sp|Q9UK55|ZPI_HUMAN"," 26.208000"," 26.393001"," 25.866681"," 24.93437"," 24.719491"," 25.189436","0.00439028946625277","0.0479455202975635"
"52","sp|P02647|APOA1_HUMAN"," 35.819715"," 35.843710"," 36.091113"," 35.23548"," 35.359383"," 35.067761","0.00452152375800216","0.0479455202975635"
"53","sp|P20742|PZP_HUMAN"," 27.285600"," 27.704460"," 28.481624"," 25.30565"," 25.283124"," 24.603538","0.00453629972448203","0.0479455202975635"
"54","sp|P06889|LV405_HUMAN"," 24.351308"," 24.320378"," 23.437152"," 26.91453"," 26.382024"," 26.531632","0.00454098977914003","0.0479455202975635"
"55","sp|P31949|S10AB_HUMAN"," 20.903659"," 20.953959"," 21.375490"," 18.19166"," 18.410320"," 19.146032","0.0045860932458539","0.0479455202975635"
"56","sp|Q86VB7|C163A_HUMAN"," 26.663430"," 26.732165"," 27.368891"," 28.32012"," 28.719182"," 28.859444","0.00474091168976454","0.0486790039574038"
"57","sp|P80748|LV302_HUMAN"," 26.892416"," 27.180309"," 26.182365"," 29.01939"," 28.753306"," 29.407242","0.00483403509948059","0.048764389161427"
"58","sp|P07900|HS90A_HUMAN;sp|Q92538|GBF1_HUMAN;sp|Q14568|HS902_HUMAN;sp|Q58FF8|H90B2_HUMAN;sp|Q58FG1|HS904_HUMAN"," 23.894467"," 24.704336"," 24.791773"," 22.06050"," 21.983917"," 22.499276","0.00517822614646635","0.0510189287432142"
"59","sp|P05156|CFAI_HUMAN"," 30.679839"," 30.899300"," 30.624626"," 30.03750"," 30.251127"," 30.061828","0.00523498573191241","0.0510189287432142"
"60","sp|P0DJI8|SAA1_HUMAN"," 28.827879"," 27.907286"," 27.003901"," 24.79625"," 24.110575"," 23.264608","0.00542450926153009","0.0512958516782503"
"61","sp|P18669|PGAM1_HUMAN;sp|Q8N0Y7|PGAM4_HUMAN"," 23.373512"," 22.759296"," 22.214969"," 20.04472"," 19.344196"," 20.644672","0.00551013878250934","0.0512958516782503"
"62","sp|P03952|KLKB1_HUMAN;sp|P20718|GRAH_HUMAN"," 29.568378"," 30.077275"," 30.204131"," 28.55094"," 28.250033"," 28.644332","0.00555208777186065","0.0512958516782503"
"63","sp|P07358|CO8B_HUMAN"," 30.233973"," 30.310668"," 29.887590"," 29.02891"," 29.128564"," 28.924023","0.0056202411403996","0.0512958516782503"
"64","sp|P51884|LUM_HUMAN"," 31.302148"," 31.256096"," 31.232844"," 32.01434"," 31.793392"," 31.947319","0.00590461945244449","0.0530493153930559"
"65","sp|P18428|LBP_HUMAN"," 28.927826"," 28.769996"," 28.452402"," 26.96388"," 27.634006"," 27.387764","0.00604755588756613","0.0534003485981027"
"66","sp|P80419|HV322_HUMAN"," 14.706260"," 12.960627"," 13.684502"," 18.52194"," 16.794857"," 18.608627","0.00612943131734744","0.0534003485981027"
"67","sp|P36955|PEDF_HUMAN"," 30.772230"," 30.679439"," 30.770431"," 31.23769"," 31.426238"," 31.211906","0.00644309139371148","0.055295187334091"
"68","sp|CO5_HUMAN|;Int_P01031ups|CO5_HUMAN_UPS"," 28.526182"," 28.712429"," 28.547595"," 27.88955"," 27.611440"," 27.482210","0.00667667059399177","0.0554393408103466"
"69","sp|P02748|CO9_HUMAN"," 32.031474"," 31.938693"," 31.993134"," 30.75718"," 30.916535"," 31.119565","0.0067869352814257","0.0554393408103466"
"70","sp|Q03167|TGBR3_HUMAN"," 21.430508"," 21.117957"," 20.892337"," 22.44476"," 23.043892"," 23.295896","0.0068096140543508","0.0554393408103466"
"71","sp|P14207|FOLR2_HUMAN"," 21.638696"," 21.600834"," 20.993235"," 23.24072"," 22.530578"," 23.085885","0.00684555338701671","0.0554393408103466"
"72","sp|P04196|HRG_HUMAN"," 32.156962"," 32.416607"," 31.914458"," 31.07686"," 31.269211"," 30.995628","0.0069986839487596","0.055892267646344"
"73","sp|P0C0L5|CO4B_HUMAN"," 31.245861"," 31.519119"," 31.831256"," 30.04937"," 30.155339"," 30.294027","0.00728695491791871","0.0569702397143205"
"74","sp|P01772|HV311_HUMAN"," 23.651435"," 23.295575"," 23.223195"," 26.10274"," 25.730405"," 26.889682","0.00733182215453864","0.0569702397143205"
"75","sp|P01591|IGJ_HUMAN"," 28.032409"," 26.909138"," 27.459636"," 29.80564"," 29.524542"," 30.108882","0.00759843651826205","0.0571599113128671"
"76","sp|P22891|PROZ_HUMAN"," 23.906414"," 23.866999"," 23.873248"," 22.42578"," 22.788446"," 22.424556","0.007633039389487","0.0571599113128671"
"77","sp|P11226|MBL2_HUMAN"," 23.497820"," 24.195150"," 23.478872"," 24.90302"," 25.460483"," 25.455183","0.00771216190765819","0.0571599113128671"
"78","sp|Q6UVK1|CSPG4_HUMAN"," 20.851827"," 20.286106"," 20.258953"," 18.90592"," 18.708572"," 19.439513","0.00797506233049022","0.0571599113128671"
"79","sp|Q92626|PXDN_HUMAN"," 21.652379"," 20.875803"," 20.776412"," 18.35830"," 19.521803"," 18.704085","0.00807731706311379","0.0571599113128671"
"80","sp|Q9Y5Y7|LYVE1_HUMAN"," 25.094186"," 25.373761"," 25.327926"," 26.59005"," 26.055594"," 26.335989","0.00809125441213275","0.0571599113128671"
"81","sp|Q01995|TAGL_HUMAN"," 19.588833"," 18.278250"," 17.976953"," 21.12474"," 22.310762"," 22.031466","0.00811079153712315","0.0571599113128671"
"82","sp|P24592|IBP6_HUMAN"," 24.146412"," 24.122738"," 24.938594"," 26.26619"," 26.446721"," 25.902245","0.00815150039592191","0.0571599113128671"
"83","sp|P01834|IGKC_HUMAN"," 31.754213"," 31.667240"," 32.030924"," 34.25032"," 33.583770"," 34.595529","0.00900551349645064","0.061967479694203"
"84","sp|P01743|HV102_HUMAN"," 24.855486"," 24.012282"," 24.250938"," 26.51291"," 25.611835"," 26.157440","0.00905264051184879","0.061967479694203"
"85","sp|TRFE_HUMAN|"," 31.069301"," 32.485906"," 32.817079"," 28.75031"," 28.275472"," 27.912182","0.00931539636905424","0.0630159166141904"
"86","sp|O43866|CD5L_HUMAN"," 27.242067"," 27.325689"," 26.775121"," 28.75889"," 29.798024"," 29.829911","0.0102260622863513","0.0646050464952534"
"87","sp|P05062|ALDOB_HUMAN"," 20.381790"," 20.816567"," 20.983306"," 21.97117"," 22.166799"," 22.143907","0.0102499306829047","0.0646050464952534"
"88","sp|P04004|VTNC_HUMAN"," 31.885588"," 32.159162"," 31.732823"," 30.99241"," 31.278393"," 31.256052","0.0103340879885708","0.0646050464952534"
"89","sp|P05543|THBG_HUMAN"," 29.292044"," 29.326468"," 28.875868"," 28.45943"," 28.205361"," 27.922003","0.0104102526072601","0.0646050464952534"
"90","sp|Q12805|FBLN3_HUMAN"," 28.900958"," 28.799752"," 29.179408"," 29.90022"," 29.524542"," 29.975799","0.0104861256799944","0.0646050464952534"
"91","sp|Q9NPH3|IL1AP_HUMAN"," 23.304197"," 23.551857"," 23.068406"," 22.10216"," 22.096257"," 22.199287","0.010494193088563","0.0646050464952534"
"92","sp|P01781|HV320_HUMAN"," 24.855486"," 25.232950"," 24.607436"," 26.60252"," 25.913061"," 26.038592","0.0105543259716628","0.0646050464952534"
"93","sp|P23142|FBLN1_HUMAN"," 28.530604"," 28.619254"," 28.432588"," 29.35874"," 29.009558"," 29.284713","0.0105547453503323","0.0646050464952534"
"94","sp|Q14624|ITIH4_HUMAN"," 32.802951"," 32.843843"," 32.755625"," 31.85788"," 32.163090"," 32.104431","0.0105615206444414","0.0646050464952534"
"95","sp|Q9UBR2|CATZ_HUMAN"," 22.139835"," 21.517885"," 21.304462"," 22.75379"," 23.285013"," 23.543016","0.0109121366882876","0.0660471431133196"
"96","sp|P01700|LV102_HUMAN;sp|P04208|LV106_HUMAN"," 24.885420"," 24.654524"," 25.087073"," 26.95414"," 26.568079"," 27.649261","0.0115606839076666","0.0692436796552945"
"97","sp|P80108|PHLD_HUMAN"," 26.210307"," 26.051107"," 25.995961"," 24.73092"," 25.038449"," 25.275838","0.011686272892434","0.0692742980737065"
"98","sp|P01766|HV305_HUMAN"," 26.466642"," 26.255639"," 26.370475"," 28.19994"," 27.523559"," 28.075500","0.0118545247006696","0.069353595623485"
"99","sp|P01023|A2MG_HUMAN"," 35.549953"," 35.378458"," 35.907237"," 36.45138"," 36.395688"," 36.717037","0.0119408799421305","0.069353595623485"
"100","sp|P01019|ANGT_HUMAN"," 31.474969"," 31.930965"," 31.707131"," 30.75718"," 31.139216"," 30.929644","0.0121536620022751","0.0698835565130818"
"101","sp|P01701|LV103_HUMAN;sp|P06888|LV109_HUMAN;sp|P01702|LV104_HUMAN"," 25.598980"," 24.856475"," 24.295174"," 27.82629"," 27.024145"," 26.626500","0.0123909540688197","0.0705425602927854"
"102","sp|P00748|FA12_HUMAN"," 29.735131"," 29.390491"," 29.363592"," 28.78712"," 28.806793"," 28.349939","0.012584271405426","0.0708922016163747"
"103","sp|P23083|HV103_HUMAN"," 25.004605"," 25.139027"," 25.534339"," 26.61489"," 26.132978"," 26.946591","0.0127521447000021","0.0708922016163747"
"104","sp|P00738|HPT_HUMAN"," 34.173023"," 34.893414"," 34.242360"," 31.11162"," 32.565507"," 31.288338","0.0128736771764913","0.0708922016163747"
"105","sp|P07357|CO8A_HUMAN"," 29.723855"," 29.680526"," 29.342477"," 28.92577"," 28.882323"," 28.470543","0.0129455324690771","0.0708922016163747"
"106","sp|P04746|AMYP_HUMAN"," 15.131250"," 14.974352"," 15.510090"," 18.11304"," 18.807481"," 17.319345","0.0132092202650766","0.0716537891737643"
"107","sp|O43707|ACTN4_HUMAN;sp|Q9H254|SPTN4_HUMAN"," 20.111508"," 22.524444"," 21.606183"," 17.20038"," 16.868135"," 18.335798","0.0135240607848045","0.0726760275818936"
"108","sp|P12111|CO6A3_HUMAN"," 28.653122"," 28.672682"," 28.919264"," 28.13157"," 28.406310"," 28.230942","0.0139125498648124","0.0740714460395105"
"109","sp|Q14126|DSG2_HUMAN"," 21.900325"," 21.916544"," 21.413766"," 22.48264"," 22.878968"," 22.576051","0.0140468151394222","0.0741001716070438"
"110","sp|P02749|APOH_HUMAN"," 32.896575"," 33.266942"," 33.504995"," 32.17521"," 31.977261"," 32.183195","0.0150512046213077","0.0780411101745089"
"111","sp|Q06323|PSME1_HUMAN"," 17.797355"," 18.521303"," 19.318726"," 15.09488"," 15.682896"," 16.762237","0.0150738019651803","0.0780411101745089"
"112","sp|P04003|C4BPA_HUMAN"," 31.594407"," 31.699645"," 32.091791"," 30.99861"," 30.667515"," 31.160658","0.0152974507633081","0.0780411101745089"
"113","sp|P15085|CBPA1_HUMAN"," 18.896909"," 17.184008"," 18.473924"," 20.65838"," 23.069883"," 22.599906","0.015413060329078","0.0780411101745089"
"114","Int_P06396ups|GELS_HUMAN_UPS"," 30.650893"," 30.753644"," 30.929743"," 31.34891"," 31.250670"," 31.277652","0.0154724983650331","0.0780411101745089"
"115","sp|Q12866|MERTK_HUMAN"," 20.368831"," 21.007892"," 21.409236"," 22.17834"," 22.860530"," 22.559362","0.0158970986458067","0.0794854932290337"
"116","sp|Q15582|BGH3_HUMAN"," 27.941387"," 28.090408"," 27.782392"," 26.69865"," 27.295169"," 26.937253","0.0161677183459297","0.0795945542868753"
"117","sp|B2MG_HUMAN|"," 30.103449"," 29.152196"," 29.304766"," 30.82833"," 31.454897"," 30.916095","0.0162819791828946","0.0795945542868753"
"118","sp|P15259|PGAM2_HUMAN"," 23.316890"," 22.413679"," 21.810390"," 20.13984"," 18.832361"," 20.490077","0.0163341867927848","0.0795945542868753"
"119","Int_P01008ups|ANT3_HUMAN_UPS"," 31.952733"," 32.142622"," 31.905447"," 30.60360"," 31.236607"," 30.788389","0.0167389303963139","0.0804850001595908"
"120","sp|P10643|CO7_HUMAN"," 32.042370"," 32.063896"," 31.980315"," 33.59087"," 33.149328"," 33.034879","0.0167968695985233","0.0804850001595908"
"121","sp|Q16270|IBP7_HUMAN"," 25.562889"," 25.232950"," 25.839978"," 26.20069"," 26.669271"," 26.469179","0.0173174428537314","0.0810879789814092"
"122","sp|P02652|APOA2_HUMAN"," 33.344528"," 33.155848"," 33.143201"," 32.46574"," 32.137952"," 31.851227","0.017336154018415","0.0810879789814092"
"123","sp|P98088|MUC5A_HUMAN;sp|Q9HC84|MUC5B_HUMAN"," 23.858001"," 24.000738"," 25.076959"," 20.05317"," 22.063489"," 19.953235","0.0174757879059069","0.0810879789814092"
"124","sp|P07998|RNAS1_HUMAN"," 25.540781"," 24.911755"," 25.800514"," 26.92454"," 27.207815"," 26.965096","0.0175224969401728","0.0810879789814092"
"125","sp|Q14393|GAS6_HUMAN"," 18.230569"," 19.636673"," 18.574060"," 21.29419"," 21.219081"," 20.494989","0.0176562681980399","0.0810879789814092"
"126","sp|P20774|MIME_HUMAN"," 23.715554"," 23.157875"," 23.764262"," 24.64375"," 24.702809"," 24.251804","0.0177982712823514","0.0810879789814092"
"127","sp|P01877|IGHA2_HUMAN"," 29.823977"," 28.871470"," 29.918269"," 31.65136"," 30.735539"," 31.350920","0.0179098666619808","0.0810879789814092"
"128","sp|P10451|OSTP_HUMAN"," 26.572049"," 25.689334"," 25.595897"," 24.13453"," 24.476351"," 24.052323","0.0187908839826202","0.0841373434562471"
"129","sp|P01598|KV106_HUMAN"," 23.273771"," 22.542526"," 21.497161"," 25.63565"," 24.823496"," 25.221691","0.0189328308260578","0.0841373434562471"
"130","sp|P05452|TETN_HUMAN"," 27.651443"," 28.071901"," 28.200451"," 29.01461"," 28.603126"," 28.775349","0.0190223559118472","0.0841373434562471"
"131","sp|P00751|CFAB_HUMAN"," 33.995727"," 34.077630"," 33.678180"," 33.10832"," 33.071338"," 33.086209","0.0202670136144645","0.0886931115156124"
"132","sp|P02746|C1QB_HUMAN"," 29.174320"," 28.979042"," 29.508104"," 30.16302"," 30.241827"," 30.120421","0.0207419338054969","0.0886931115156124"
"133","sp|P07942|LAMB1_HUMAN"," 22.999477"," 23.178730"," 23.861536"," 24.58097"," 24.956236"," 24.642282","0.0208075710029213","0.0886931115156124"
"134","sp|Q15063|POSTN_HUMAN"," 29.412482"," 29.570811"," 29.538605"," 26.95414"," 28.028726"," 27.218582","0.0208080537607983","0.0886931115156124"
"135","sp|P0DJI9|SAA2_HUMAN"," 25.197493"," 23.671040"," 24.982594"," 21.41904"," 21.635717"," 21.731055","0.0208267849197089","0.0886931115156124"
"136","sp|P01621|KV303_HUMAN;sp|P18135|KV312_HUMAN"," 24.126213"," 23.747124"," 22.901787"," 26.02748"," 25.836194"," 25.944270","0.0209778489845622","0.0886931115156124"
"137","sp|P55285|CADH6_HUMAN"," 17.893162"," 19.650776"," 18.327665"," 20.68370"," 22.142541"," 20.839864","0.0214973663143142","0.089878852807153"
"138","sp|P04275|VWF_HUMAN"," 27.914259"," 28.156232"," 28.194583"," 27.80458"," 27.553446"," 27.625643","0.0216475284944763","0.089878852807153"
"139","sp|P02763|A1AG1_HUMAN"," 35.226995"," 34.778229"," 34.584747"," 33.69267"," 34.244172"," 33.877525","0.021727235722077","0.089878852807153"
"140","sp|P07360|CO8G_HUMAN"," 29.551413"," 30.000270"," 29.688443"," 28.98803"," 29.258876"," 29.080098","0.0219083090145692","0.0899805548812664"
"141","sp|P19823|ITIH2_HUMAN"," 32.559989"," 32.536958"," 32.582435"," 31.96402"," 31.727672"," 31.506188","0.0236761255779198","0.0965515759383252"
"142","sp|P33151|CADH5_HUMAN"," 25.114459"," 25.164365"," 24.728602"," 25.50508"," 25.618558"," 25.798746","0.0238852701996178","0.0967185236956355"
"143","sp|P30101|PDIA3_HUMAN"," 19.264953"," 19.901398"," 20.149109"," 14.52917"," 15.346104"," 17.151046","0.0243119062851343","0.0968121554265488"
"144","sp|Q9NZK5|CECR1_HUMAN"," 20.488345"," 19.140602"," 19.599720"," 21.76565"," 22.524341"," 21.063025","0.024406280509391","0.0968121554265488"
"145","sp|P07478|TRY2_HUMAN;sp|Q8NHM4|TRY6_HUMAN"," 22.763039"," 22.883420"," 21.861318"," 24.30489"," 26.408249"," 25.376041","0.0245308348074592","0.0968121554265488"
"146","sp|P22897|MRC1_HUMAN"," 24.589820"," 24.935636"," 25.121928"," 25.77313"," 25.853418"," 25.756510","0.0245818690300454","0.0968121554265488"
"147","sp|P20023|CR2_HUMAN"," 18.581668"," 17.575914"," 18.302118"," 20.04562"," 20.182421"," 19.074100","0.0256070557279042","0.0997493452373882"
"148","sp|P36980|FHR2_HUMAN"," 26.806156"," 26.564661"," 26.265039"," 25.74441"," 25.834267"," 25.147367","0.025674614078493","0.0997493452373882"
"149","sp|P41222|PTGDS_HUMAN"," 28.552505"," 28.173656"," 29.019056"," 29.80564"," 29.953901"," 29.626098","0.0260932147514282","0.100053792263977"
"150","sp|Q9BQE3|TBA1C_HUMAN"," 18.730416"," 18.429792"," 18.610700"," 14.40816"," 16.352999"," 15.224576","0.0262696490820108","0.100053792263977"
"151","sp|P10645|CMGA_HUMAN"," 21.086739"," 18.812538"," 19.671376"," 24.70395"," 22.530545"," 22.523653","0.0262749958814967","0.100053792263977"
"152","sp|P01042|KNG1_HUMAN"," 32.768865"," 33.167047"," 33.262959"," 32.33016"," 32.266493"," 32.530035","0.0268222948226975","0.100868864143842"
"153","sp|P08697|A2AP_HUMAN"," 31.054753"," 31.565235"," 30.760490"," 29.80564"," 30.063385"," 29.897967","0.0269422782336953","0.100868864143842"
"154","sp|P17813|EGLN_HUMAN"," 20.973689"," 21.074092"," 20.632933"," 21.67271"," 21.616227"," 21.563497","0.0270761890879484","0.100868864143842"
"155","sp|P01860|IGHG3_HUMAN"," 30.207485"," 30.650558"," 30.173024"," 32.63302"," 31.471025"," 31.802696","0.0273547491153791","0.100868864143842"
"156","sp|P02750|A2GL_HUMAN"," 32.480189"," 32.976056"," 32.533497"," 30.97994"," 31.862413"," 31.630125","0.0273661614025032","0.100868864143842"
"157","sp|P22352|GPX3_HUMAN"," 27.807586"," 27.857474"," 27.895156"," 28.74168"," 28.562289"," 29.138294","0.0277528463441818","0.101642590114042"
"158","sp|P06681|CO2_HUMAN"," 30.359400"," 30.359481"," 30.031569"," 29.95164"," 29.623429"," 29.673128","0.0288317568759926","0.104698075553453"
"159","sp|Q99715|COCA1_HUMAN"," 25.350137"," 23.866999"," 24.467471"," 22.09796"," 23.296081"," 22.632959","0.0289512939356504","0.104698075553453"
"160","sp|P22692|IBP4_HUMAN"," 24.633018"," 24.460474"," 25.446651"," 26.45912"," 26.556389"," 26.579807","0.0295212059291131","0.105377812264274"
"161","sp|Q9HDC9|APMAP_HUMAN"," 23.701858"," 22.941258"," 22.679941"," 21.61771"," 21.385331"," 21.488554","0.0295767963717813","0.105377812264274"
"162","sp|P83593|KV405_HUMAN;sp|P06312|KV401_HUMAN"," 21.489361"," 22.020012"," 21.305539"," 24.35179"," 23.251294"," 25.201244","0.0297527085750469","0.105377812264274"
"163","sp|Q96SM3|CPXM1_HUMAN"," 20.233364"," 21.377600"," 20.981603"," 18.78577"," 19.638594"," 19.703878","0.029872318954916","0.105377812264274"
"164","sp|PRDX1_HUMAN|"," 21.065645"," 21.936769"," 22.587004"," 19.52378"," 19.468505"," 19.815476","0.0300855081983201","0.105482726914842"
"165","sp|P04406|G3P_HUMAN"," 23.782099"," 25.256648"," 25.107093"," 22.44583"," 22.389678"," 23.073984","0.0307232888538582","0.10706600661193"
"166","sp|P49747|COMP_HUMAN"," 27.994120"," 27.437846"," 26.949313"," 26.37456"," 25.746874"," 26.456374","0.0316477386896344","0.109623191244215"
"167","sp|Q92820|GGH_HUMAN"," 24.483532"," 24.338682"," 23.018509"," 21.57602"," 22.126023"," 21.679413","0.0320142222868894","0.110068155392824"
"168","sp|Q9BYE9|CDHR2_HUMAN"," 19.375806"," 18.060659"," 16.983683"," 21.84397"," 21.316923"," 21.667409","0.0323568857356159","0.110068155392824"
"169","sp|Q96KN2|CNDP1_HUMAN"," 23.263920"," 23.953580"," 23.559476"," 21.01065"," 22.389848"," 22.032896","0.0324858004804622","0.110068155392824"
"170","sp|P00558|PGK1_HUMAN;sp|P07205|PGK2_HUMAN"," 22.732239"," 24.154234"," 24.760532"," 20.42370"," 21.174485"," 22.258649","0.0325418894204871","0.110068155392824"
"171","sp|P27918|PROP_HUMAN"," 25.834593"," 25.963454"," 26.776689"," 27.59950"," 27.792940"," 27.613695","0.03296030450631","0.110831433281452"
"172","sp|P19971|TYPH_HUMAN"," 19.172515"," 21.101521"," 20.747100"," 17.22487"," 17.849415"," 17.870275","0.0335091971537896","0.112022025368773"
"173","sp|P26927|HGFL_HUMAN"," 25.813346"," 26.393001"," 25.541719"," 24.95744"," 25.168970"," 24.522949","0.0338575223147184","0.112532227346607"
"174","sp|P01871|IGHM_HUMAN"," 30.539338"," 30.440986"," 30.709733"," 31.99880"," 32.439210"," 33.405141","0.0347693551012146","0.113876298346817"
"175","sp|P04075|ALDOA_HUMAN"," 22.006190"," 23.212396"," 23.372525"," 20.50827"," 21.360702"," 21.481513","0.0347977637585126","0.113876298346817"
"176","sp|P01009|A1AT_HUMAN"," 36.479220"," 36.134430"," 35.984692"," 30.88954"," 32.733149"," 33.507189","0.0349936091429213","0.113876298346817"
"177","sp|P01861|IGHG4_HUMAN"," 20.506563"," 20.686992"," 20.102358"," 21.64391"," 21.019583"," 21.950450","0.0350540953171942","0.113876298346817"
"178","sp|Q9NS71|GKN1_HUMAN"," 19.055756"," 18.959863"," 17.467462"," 20.72856"," 21.003760"," 19.996853","0.0353537490883746","0.114204526549525"
"179","sp|P04066|FUCO_HUMAN"," 18.641676"," 18.566767"," 18.150378"," 20.77020"," 19.477894"," 19.927312","0.0370083442653483","0.118881552807683"
"180","sp|P19652|A1AG2_HUMAN"," 32.439885"," 33.106806"," 32.656909"," 31.78018"," 32.109789"," 31.919476","0.0375166152511245","0.119844743163314"
"181","sp|P20908|CO5A1_HUMAN"," 26.624503"," 26.694233"," 25.960581"," 25.03908"," 25.801121"," 25.506542","0.0388091955938485","0.123288881030182"
"182","sp|Q9UHG2|PCSK1_HUMAN"," 14.472898"," 11.352334"," 11.768280"," 17.42372"," 16.736193"," 16.635373","0.0391026639172609","0.123538636002335"
"183","sp|P00746|CFAD_HUMAN"," 27.676001"," 27.408144"," 28.645543"," 29.62623"," 29.594608"," 29.147053","0.0393175164178862","0.123538644482429"
"184","sp|Q10588|BST1_HUMAN"," 21.220195"," 21.145501"," 20.669825"," 21.47286"," 22.117101"," 22.277778","0.040415599638021","0.126298748868816"
"185","sp|P05362|ICAM1_HUMAN"," 24.530073"," 24.365693"," 24.109483"," 25.30565"," 26.680092"," 26.279258","0.0407392034514515","0.126621848565322"
"186","sp|Q13822|ENPP2_HUMAN"," 24.735534"," 24.225066"," 24.048785"," 25.26909"," 25.190130"," 25.330822","0.0414789789428733","0.128228026301893"
"187","sp|P05997|CO5A2_HUMAN"," 23.341181"," 23.746538"," 22.688103"," 21.48401"," 22.527930"," 21.938606","0.041843177352245","0.128288703038933"
"188","sp|Q9Y279|VSIG4_HUMAN"," 25.499322"," 25.985890"," 25.875474"," 26.33037"," 26.843110"," 27.256999","0.0419448281240338","0.128288703038933"
"189","sp|O95479|G6PE_HUMAN"," 23.282338"," 22.410671"," 21.692003"," 20.10643"," 20.994640"," 18.645504","0.0438856066079443","0.133514411637926"
"190","sp|P19801|AOC1_HUMAN"," 20.419961"," 19.421625"," 21.859255"," 18.41591"," 18.018304"," 15.781554","0.0444027145269372","0.134376636068363"
"191","sp|Q04756|HGFA_HUMAN"," 26.117398"," 26.579265"," 26.540606"," 24.93824"," 25.879813"," 25.378660","0.0447550221920848","0.134533883084945"
"192","sp|Q16663|CCL15_HUMAN"," 14.188676","  8.725237"," 13.775888"," 19.06002"," 20.122701"," 20.142035","0.045259962596883","0.134533883084945"
"193","sp|Q15848|ADIPO_HUMAN"," 26.602013"," 26.778564"," 25.570866"," 27.48848"," 27.390867"," 28.439540","0.0452969141139588","0.134533883084945"
"194","sp|P50895|BCAM_HUMAN"," 19.796065"," 20.772256"," 18.788944"," 17.06240"," 17.716794"," 18.267925","0.0453905622930077","0.134533883084945"
"195","sp|O00391|QSOX1_HUMAN"," 27.667863"," 27.504781"," 27.702016"," 28.27322"," 27.927090"," 27.936617","0.0458806956791189","0.135289230848684"
"196","sp|P43251|BTD_HUMAN"," 26.214910"," 26.733791"," 26.287190"," 25.81623"," 25.820710"," 25.672655","0.0484895599018408","0.140904937195232"
"197","sp|Q16627|CCL14_HUMAN"," 21.947686"," 22.766986"," 23.158337"," 23.78052"," 24.337632"," 23.577701","0.0487191430889223","0.140904937195232"
"198","sp|P41271|NBL1_HUMAN"," 22.554623"," 21.226392"," 22.189323"," 23.30103"," 23.818508"," 23.177877","0.0487522254267871","0.140904937195232"
"199","sp|Q76M96|CCD80_HUMAN"," 21.297508"," 21.553414"," 20.610090"," 18.51227"," 15.571493"," 18.251137","0.0487653608727847","0.140904937195232"
"200","sp|P02654|APOC1_HUMAN"," 30.310566"," 29.897184"," 29.074505"," 28.29294"," 28.231586"," 28.718511","0.0495338972957042","0.14240995472515"
"201","sp|P30530|UFO_HUMAN"," 20.771044"," 18.568778"," 19.481738"," 21.95701"," 22.241776"," 22.427178","0.0498255935270281","0.142535901880802"
"202","sp|P02747|C1QC_HUMAN"," 30.207485"," 30.194142"," 30.875496"," 31.47032"," 31.061643"," 31.137313","0.0504187660423725","0.143518764724575"
"203","sp|P40199|CEAM6_HUMAN"," 19.380925"," 18.184433"," 20.832120"," 16.65091"," 14.470431"," 17.478046","0.0517477558793403","0.146170900831315"
"204","sp|P10721|KIT_HUMAN"," 18.239178"," 19.028116"," 18.079967"," 16.58387"," 15.231650"," 17.242701","0.0521128345160188","0.146170900831315"
"205","sp|GELS_HUMAN|"," 25.159029"," 25.420487"," 24.354916"," 26.60252"," 26.067139"," 25.708861","0.0521131037746427","0.146170900831315"
"206","sp|P43121|MUC18_HUMAN"," 23.396435"," 23.841239"," 23.556121"," 23.89519"," 24.374885"," 24.071018","0.0545465396378692","0.151479134418577"
"207","sp|P14625|ENPL_HUMAN"," 21.158030"," 20.697145"," 19.759933"," 21.43976"," 22.209250"," 22.180239","0.0547861550157995","0.151479134418577"
"208","sp|P08174|DAF_HUMAN"," 17.845025"," 17.448685"," 18.581287"," 18.75136"," 19.712065"," 18.984042","0.0548975278912901","0.151479134418577"
"209","sp|Q9BXR6|FHR5_HUMAN"," 23.517278"," 23.655995"," 23.404578"," 20.54612"," 22.205912"," 20.086113","0.0553107069391115","0.151479134418577"
"210","sp|O75636|FCN3_HUMAN"," 21.716491"," 22.008831"," 22.262894"," 21.24174"," 21.660968"," 20.955557","0.0553228143093935","0.151479134418577"
"211","sp|P20851|C4BPB_HUMAN"," 26.582698"," 26.346559"," 26.594921"," 26.01826"," 25.153665"," 25.174545","0.0560008117767861","0.152608847259014"
"212","sp|P10909|CLUS_HUMAN"," 31.522923"," 31.938693"," 32.184146"," 31.33914"," 30.968418"," 31.381268","0.0566601101594393","0.153677185573951"
"213","sp|P05451|REG1A_HUMAN"," 23.729118"," 22.482595"," 23.216415"," 23.78052"," 24.768418"," 24.874366","0.0569451651587413","0.153725211109278"
"214","sp|P06702|S10A9_HUMAN"," 27.700136"," 26.173026"," 27.563332"," 24.05195"," 23.557761"," 26.077051","0.0574643835060968","0.154401965028064"
"215","sp|Q86VP6|CAND1_HUMAN"," 15.721749"," 17.795378"," 21.687866"," 11.51359"," 11.896698"," 13.959233","0.0596446775205017","0.159514835229249"
"216","sp|Q9BUD6|SPON2_HUMAN"," 22.793946"," 22.878140"," 23.462549"," 22.34326"," 21.999280"," 22.617847","0.0600059512170528","0.159738064582432"
"217","sp|P01624|KV306_HUMAN"," 20.115390"," 20.855607"," 21.197149"," 22.13391"," 21.339724"," 21.880689","0.060382186581355","0.159998881494374"
"218","sp|P00491|PNPH_HUMAN"," 15.368449"," 17.460318"," 18.733916"," 12.24082"," 13.202891","  7.002023","0.0608666300835533","0.160447389901478"
"219","sp|Q13508|NAR3_HUMAN"," 19.277295"," 18.172424"," 19.814816"," 20.15766"," 21.959761"," 20.733036","0.0611095276320413","0.160447389901478"
"220","sp|P04180|LCAT_HUMAN"," 24.849422"," 24.000738"," 25.121928"," 23.28917"," 23.999318"," 23.386064","0.0620921957629636","0.162286420744109"
"221","sp|P01031|CO5_HUMAN"," 29.714389"," 29.846100"," 30.086646"," 29.69404"," 29.328665"," 29.242251","0.0624299590264388","0.162430888869694"
"222","sp|P04070|PROC_HUMAN"," 22.718877"," 22.732740"," 21.764367"," 21.49992"," 21.573532"," 20.473950","0.0634514643237264","0.164345008946589"
"223","sp|Q12841|FSTL1_HUMAN"," 28.873565"," 28.289873"," 28.510266"," 28.24920"," 27.726188"," 27.965429","0.06498783043793","0.167049938737692"
"224","sp|P0C0L4|CO4A_HUMAN"," 29.899231"," 28.704570"," 29.271640"," 28.03203"," 27.989796"," 28.003013","0.0650768456995531","0.167049938737692"
"225","sp|P11047|LAMC1_HUMAN"," 22.874578"," 23.046057"," 23.576502"," 24.01612"," 23.856512"," 23.669188","0.0655487417737054","0.167513451199469"
"226","sp|P26038|MOES_HUMAN;sp|P15311|EZRI_HUMAN;sp|P35241|RADI_HUMAN"," 24.351308"," 25.325411"," 25.271368"," 23.74604"," 23.539220"," 24.480991","0.0681802756574372","0.172537094115961"
"227","sp|P04278|SHBG_HUMAN"," 28.649070"," 29.032977"," 27.766670"," 27.54830"," 27.122857"," 27.122207","0.0684603093594923","0.172537094115961"
"228","sp|P08185|CBG_HUMAN"," 30.347350"," 30.383259"," 29.837485"," 29.53847"," 29.562230"," 29.787562","0.0687092539522509","0.172537094115961"
"229","sp|P03951|FA11_HUMAN"," 26.153864"," 26.602674"," 27.469376"," 25.61630"," 25.465459"," 25.244726","0.0687147731348782","0.172537094115961"
"230","sp|P17936|IBP3_HUMAN"," 24.435396"," 25.574545"," 25.570866"," 24.26871"," 23.108019"," 24.235220","0.0696943776996903","0.174068231809631"
"231","sp|Q6UY14|ATL4_HUMAN"," 21.093804"," 19.474301"," 20.656471"," 21.49456"," 22.395658"," 21.837528","0.0699300200835214","0.174068231809631"
"232","sp|P05154|IPSP_HUMAN"," 24.728928"," 25.668520"," 25.189215"," 24.38035"," 24.677422"," 23.844320","0.0708802228597688","0.175099304961086"
"233","sp|P01625|KV402_HUMAN;sp|P06312|KV401_HUMAN"," 25.440739"," 26.110861"," 25.361663"," 26.43148"," 26.148595"," 27.130477","0.0709532835755356","0.175099304961086"
"234","sp|P11021|GRP78_HUMAN"," 22.991556"," 24.320378"," 23.996183"," 21.73420"," 22.858599"," 22.785336","0.0729952340370125","0.178037863582837"
"235","sp|P02765|FETUA_HUMAN"," 33.146606"," 33.501142"," 33.086395"," 32.78132"," 32.759856"," 33.012826","0.0731785606622538","0.178037863582837"
"236","sp|P09486|SPRC_HUMAN"," 27.618017"," 27.238036"," 26.633494"," 25.76215"," 26.484203"," 26.506958","0.0743054275411954","0.178037863582837"
"237","sp|P08294|SODE_HUMAN;sp|Q8IY17|PLPL6_HUMAN"," 25.004605"," 25.776092"," 25.040989"," 26.10274"," 26.218349"," 25.784797","0.0744189515729743","0.178037863582837"
"238","sp|P01024|CO3_HUMAN"," 36.617893"," 36.392127"," 36.713824"," 36.27335"," 35.976073"," 36.367243","0.0744592997590236","0.178037863582837"
"239","sp|Q92520|FAM3C_HUMAN"," 22.340664"," 21.767479"," 22.340200"," 23.25298"," 22.884232"," 22.466635","0.0745567280107112","0.178037863582837"
"240","sp|P11597|CETP_HUMAN"," 22.421250"," 23.512633"," 21.384195"," 20.13930"," 20.825511"," 20.494661","0.074672036137426","0.178037863582837"
"241","sp|P63104|1433Z_HUMAN"," 26.572049"," 26.625696"," 26.707685"," 24.55106"," 25.213941"," 25.963965","0.0749200780473942","0.178037863582837"
"242","sp|Q13308|PTK7_HUMAN"," 21.357478"," 21.958143"," 21.604955"," 20.78825"," 21.145521"," 20.039389","0.074930718238342","0.178037863582837"
"243","sp|P01616|KV203_HUMAN"," 19.845614"," 16.692376"," 19.508159"," 22.64698"," 20.668116"," 21.728983","0.0753662559857724","0.178335790912836"
"244","sp|P04434|KV310_HUMAN"," 22.666641"," 21.080416"," 20.821390"," 23.57017"," 22.793851"," 23.471174","0.0765774006814506","0.180459038491123"
"245","sp|P24043|LAMA2_HUMAN"," 24.410694"," 24.392189"," 24.949720"," 25.25046"," 25.172012"," 25.069214","0.0769269706586125","0.180542890321233"
"246","sp|ALBU_HUMAN|;sp|Q8WY91|THAP4_HUMAN;sp|O75683|SURF6_HUMAN;sp|Q96JG6|CC132_HUMAN"," 37.890252"," 38.466270"," 38.282657"," 37.71570"," 36.981282"," 37.731158","0.0781914832420567","0.182296185315534"
"247","sp|P19320|VCAM1_HUMAN;sp|P49454|CENPF_HUMAN"," 25.668491"," 25.505554"," 26.158536"," 26.63931"," 28.058301"," 26.747956","0.0783081004746727","0.182296185315534"
"248","sp|P07996|TSP1_HUMAN"," 26.523105"," 26.682481"," 26.287190"," 25.09572"," 25.913061"," 25.962185","0.0800592936124373","0.185419518016824"
"249","sp|P35443|TSP4_HUMAN"," 24.999153"," 24.090512"," 23.738886"," 23.58971"," 22.197785"," 23.144030","0.0802947130194594","0.185419518016824"
"250","sp|P00747|PLMN_HUMAN"," 32.206110"," 33.325031"," 32.191583"," 31.34403"," 31.717553"," 31.288338","0.0822027121641687","0.189066237977588"
"251","sp|P13647|K2C5_HUMAN"," 21.791009"," 24.392189"," 23.176312"," 24.53588"," 26.446721"," 25.026926","0.0834495542861369","0.191169297667445"
"252","sp|P01859|IGHG2_HUMAN"," 24.982670"," 24.000738"," 23.941595"," 25.29659"," 26.421186"," 27.970178","0.083840377923494","0.19130244962702"
"253","sp|P54289|CA2D1_HUMAN"," 17.977862"," 17.709291"," 18.271215"," 19.35028"," 19.951800"," 18.453901","0.0865085944773156","0.196610441993899"
"254","sp|P09871|C1S_HUMAN"," 29.292044"," 29.525693"," 29.921836"," 30.22721"," 29.998687"," 30.120421","0.0868709276724355","0.196656627604923"
"255","sp|Q07075|AMPE_HUMAN"," 17.133512"," 17.069221"," 16.927358"," 18.72799"," 18.796838"," 17.504188","0.0874997535911809","0.197303365940898"
"256","sp|P28827|PTPRM_HUMAN"," 18.211430"," 17.312038"," 14.615158"," 20.11593"," 20.269723"," 19.736146","0.0882255911850292","0.198162948950749"
"257","sp|Q92743|HTRA1_HUMAN"," 20.929480"," 20.290745"," 19.473904"," 19.30681"," 18.683477"," 19.155216","0.0899476519765875","0.201244746640225"
"258","sp|P28300|LYOX_HUMAN"," 20.570871"," 19.150750"," 19.332981"," 20.79568"," 21.313358"," 20.713673","0.0903407139826333","0.201340738527187"
"259","sp|P02766|TTHY_HUMAN"," 32.501221"," 32.773762"," 33.301346"," 32.24287"," 32.418447"," 31.974660","0.0917541866241065","0.203253564710449"
"260","sp|P14618|KPYM_HUMAN;sp|P30613|KPYR_HUMAN"," 23.126069"," 23.446979"," 24.921742"," 21.31792"," 22.295931"," 22.987955","0.0919059596951593","0.203253564710449"
"261","sp|O75874|IDHC_HUMAN"," 19.856031"," 19.659493"," 20.495187"," 19.27667"," 19.161852"," 19.406345","0.0941305425437041","0.207246174808661"
"262","sp|P01604|KV112_HUMAN"," 20.401589"," 21.087903"," 20.093656"," 23.22835"," 21.098416"," 22.306096","0.0945917632851665","0.207246174808661"
"263","sp|P02538|K2C6A_HUMAN"," 21.791310"," 24.409577"," 23.527696"," 24.59081"," 26.496485"," 25.053089","0.09535866281351","0.207246174808661"
"264","sp|Q9BWP8|COL11_HUMAN"," 20.462559"," 22.063682"," 21.113945"," 22.77521"," 22.486088"," 22.359213","0.0954090609811578","0.207246174808661"
"265","sp|Q06033|ITIH3_HUMAN"," 29.607867"," 29.547361"," 28.704588"," 28.36183"," 28.579931"," 28.404332","0.0960153730946577","0.207246174808661"
"266","sp|O00299|CLIC1_HUMAN"," 19.914401"," 21.749330"," 21.811545"," 19.04874"," 18.918051"," 20.356697","0.0964386796705704","0.207246174808661"
"267","sp|P49746|TSP3_HUMAN"," 19.428212"," 18.674299"," 20.120349"," 15.65696"," 18.018563"," 18.095355","0.0970019575118693","0.207246174808661"
"268","sp|Q9Y6R7|FCGBP_HUMAN"," 28.835005"," 28.942995"," 28.890479"," 29.74873"," 29.637629"," 29.082378","0.0973210480950873","0.207246174808661"
"269","sp|P62805|H4_HUMAN"," 20.807637"," 25.943521"," 23.726029"," 19.57156"," 17.739296"," 21.112819","0.0973740755344837","0.207246174808661"
"270","sp|Q13740|CD166_HUMAN"," 21.472222"," 21.313617"," 20.668810"," 21.82721"," 22.497586"," 21.552598","0.0975301363851884","0.207246174808661"
"271","sp|P13611|CSPG2_HUMAN"," 26.033676"," 26.053759"," 25.410837"," 24.62472"," 25.208025"," 25.496892","0.0976760232576472","0.207246174808661"
"272","sp|P62258|1433E_HUMAN;sp|P27348|1433T_HUMAN;sp|P61981|1433G_HUMAN;sp|Q04917|1433F_HUMAN;sp|P31947|1433S_HUMAN"," 26.346411"," 26.204286"," 25.963334"," 23.75474"," 24.481244"," 25.628923","0.099283053678295","0.209881455386102"
"273","sp|P05109|S10A8_HUMAN"," 28.595308"," 27.082653"," 28.397247"," 24.76612"," 24.293855"," 27.380788","0.100238242549655","0.210859895888483"
"274","sp|P00740|FA9_HUMAN"," 26.049274"," 26.792654"," 25.504438"," 24.82159"," 25.651713"," 24.841177","0.100540437335514","0.210859895888483"
"275","sp|P06310|KV206_HUMAN","  9.447143"," 11.529308"," 11.545608"," 16.40246"," 16.601285"," 11.853770","0.101172361175624","0.210859895888483"
"276","sp|O15031|PLXB2_HUMAN"," 16.042290"," 18.807278"," 15.451920"," 19.76072"," 19.638781"," 19.867015","0.101212750026472","0.210859895888483"
"277","sp|P35916|VGFR3_HUMAN"," 17.685705"," 19.731923"," 17.729317"," 20.30153"," 20.236981"," 20.407473","0.102564846926282","0.211507942630267"
"278","sp|P37837|TALDO_HUMAN"," 21.783675"," 22.227229"," 22.803559"," 20.88042"," 20.542892"," 21.967410","0.102568581670826","0.211507942630267"
"279","sp|P23470|PTPRG_HUMAN"," 20.692042"," 19.410271"," 20.938255"," 20.86775"," 22.387863"," 21.918978","0.102627332163208","0.211507942630267"
"280","sp|P04259|K2C6B_HUMAN;sp|P12035|K2C3_HUMAN"," 21.791211"," 24.426750"," 23.618839"," 24.59081"," 26.459323"," 25.023624","0.103560963068221","0.21266983487224"
"281","sp|Q9UGM3|DMBT1_HUMAN"," 24.768107"," 21.771820"," 20.577796"," 19.55138"," 18.360470"," 19.164566","0.105926127538856","0.216752752081289"
"282","sp|Q9UNN8|EPCR_HUMAN"," 23.795038"," 23.774670"," 24.542822"," 24.71299"," 24.909687"," 24.437839","0.106688857261696","0.217539336615161"
"283","sp|P01857|IGHG1_HUMAN"," 26.244466"," 26.220832"," 25.266924"," 26.41745"," 27.377575"," 28.467129","0.108388942701079","0.2201980640349"
"284","sp|P05121|PAI1_HUMAN"," 22.565774"," 23.635547"," 21.450157"," 20.15512"," 21.188348"," 21.466802","0.109239551662904","0.2201980640349"
"285","sp|O95428|PPN_HUMAN"," 17.807660"," 17.139854"," 17.727834"," 19.09648"," 18.077211"," 18.088713","0.109451931300813","0.2201980640349"
"286","sp|P01034|CYTC_HUMAN"," 26.961584"," 27.180309"," 28.632571"," 28.86871"," 29.191343"," 28.966418","0.109524602285185","0.2201980640349"
"287","sp|Q92954|PRG4_HUMAN"," 27.378879"," 27.120082"," 27.507694"," 28.30465"," 27.529586"," 27.856998","0.113110455391301","0.226615023867589"
"288","sp|P62987|RL40_HUMAN;Int_P62988ups|UBIQ_HUMAN_UPS;sp|P0CG47|UBB_HUMAN;sp|RS27A_HUMAN|"," 24.020611"," 24.911755"," 26.208131"," 25.59670"," 28.062477"," 27.387764","0.114259724144151","0.227381765891975"
"289","sp|P37802|TAGL2_HUMAN"," 21.888265"," 22.635376"," 22.224109"," 22.07088"," 20.994595"," 20.986839","0.114284052770054","0.227381765891975"
"290","sp|Q07954|LRP1_HUMAN"," 22.758219"," 22.545768"," 22.855802"," 23.00039"," 23.339530"," 22.869657","0.11574163186497","0.229065986471479"
"291","sp|Q9BUN1|MENT_HUMAN"," 21.636009"," 21.189659"," 21.594457"," 20.17749"," 21.072949"," 21.019583","0.115927307936001","0.229065986471479"
"292","sp|P60174|TPIS_HUMAN"," 21.668618"," 23.322692"," 23.776785"," 20.66182"," 21.358054"," 22.011854","0.117577986877504","0.231531994707413"
"293","sp|P03973|SLPI_HUMAN"," 23.493494"," 22.675052"," 23.106285"," 24.26871"," 23.360778"," 23.747827","0.119370550987876","0.233492690095463"
"294","sp|P02792|FRIL_HUMAN"," 25.416604"," 24.993604"," 25.851907"," 25.14018"," 23.285013"," 23.306183","0.119385827631419","0.233492690095463"
"295","sp|Q9Y5Y6|ST14_HUMAN"," 19.695744"," 19.734314"," 20.376716"," 19.16093"," 19.693646"," 19.309958","0.121544673430266","0.236909109228484"
"296","sp|Q15166|PON3_HUMAN"," 26.961584"," 26.105766"," 25.651535"," 25.90482"," 24.934937"," 24.921058","0.123692646842088","0.240281324102028"
"297","sp|Q9Y4L1|HYOU1_HUMAN;sp|Q9BXT5|TEX15_HUMAN"," 22.388913"," 22.887586"," 22.522984"," 22.88300"," 23.069883"," 22.923376","0.124633657590078","0.24104413661251"
"298","sp|P12955|PEPD_HUMAN"," 23.227808"," 23.320930"," 23.143497"," 24.07999"," 23.360778"," 23.800546","0.125360829273699","0.24104413661251"
"299","sp|P04211|LV001_HUMAN"," 25.371248"," 25.237722"," 25.349104"," 25.88874"," 27.861560"," 26.603333","0.125507921986134","0.24104413661251"
"300","sp|Q16853|AOC3_HUMAN"," 22.271409"," 21.335260"," 22.139888"," 23.84714"," 23.771554"," 22.125478","0.125762158232614","0.24104413661251"
"301","sp|Q9HCU0|CD248_HUMAN"," 22.526719"," 22.645074"," 23.288397"," 22.31752"," 22.357992"," 22.081639","0.126256212996546","0.241187117850544"
"302","sp|O14498|ISLR_HUMAN"," 25.197493"," 25.081603"," 24.966251"," 24.75302"," 24.529283"," 25.000304","0.127210636978766","0.241559383076452"
"303","sp|P01709|LV206_HUMAN","-15.115541","-14.688280"," 13.869075"," 16.79858"," 21.156440"," 17.989710","0.127291937212643","0.241559383076452"
"304","sp|Q06141|REG3A_HUMAN"," 23.602948"," 23.929388"," 22.932713"," 24.59570"," 27.517507"," 24.969786","0.127711395574333","0.241559383076452"
"305","sp|Q13093|PAFA_HUMAN"," 21.658717"," 21.922320"," 21.518359"," 22.44275"," 23.412579"," 22.085921","0.129924927385725","0.244940436874727"
"306","sp|Q9NRN5|OLFL3_HUMAN"," 21.256422"," 22.540810"," 21.561243"," 20.49584"," 21.075181"," 21.080821","0.130477775051458","0.24517882566859"
"307","sp|P08519|APOA_HUMAN"," 24.402363"," 24.356747"," 25.711672"," 22.71061"," 22.721487"," 24.594792","0.133658460207811","0.25033750690388"
"308","sp|P22105|TENX_HUMAN"," 25.555559"," 25.279949"," 25.800514"," 26.51291"," 25.763159"," 25.940662","0.134985178147006","0.252001550112105"
"309","sp|P01617|KV204_HUMAN"," 23.930009"," 24.881316"," 24.621411"," 25.49982"," 24.760377"," 25.198301","0.135922374347815","0.252776745602441"
"310","sp|Q6EMK4|VASN_HUMAN"," 26.151462"," 26.658673"," 26.122039"," 26.67520"," 26.784097"," 26.715784","0.136279636759577","0.252776745602441"
"311","sp|Q9NQ79|CRAC1_HUMAN"," 21.300554"," 22.009200"," 21.798595"," 23.82251"," 22.186864"," 22.476438","0.142229041636368","0.262274674534229"
"312","sp|Q02487|DSC2_HUMAN"," 18.456147"," 15.654155"," 19.102584"," 21.18280"," 19.907266"," 19.205940","0.142312519051617","0.262274674534229"
"313","sp|P13987|CD59_HUMAN"," 20.963159"," 20.566049"," 20.869572"," 22.47554"," 20.932119"," 22.327212","0.145482506300301","0.267260195280105"
"314","sp|P07195|LDHB_HUMAN;sp|P07864|LDHC_HUMAN;sp|Q9BYZ2|LDH6B_HUMAN"," 26.286573"," 26.382581"," 26.851506"," 25.62601"," 25.963316"," 26.390676","0.146350546926744","0.267529840938581"
"315","sp|P00533|EGFR_HUMAN"," 19.893304"," 19.937798"," 19.034365"," 20.44987"," 20.375470"," 19.972438","0.146787076062594","0.267529840938581"
"316","sp|P31946|1433B_HUMAN;sp|P27348|1433T_HUMAN;sp|P61981|1433G_HUMAN;sp|Q04917|1433F_HUMAN"," 25.782423"," 25.563281"," 25.462288"," 22.86557"," 23.856512"," 25.278635","0.147025095194073","0.267529840938581"
"317","sp|P02794|FRIH_HUMAN"," 22.300906"," 21.680377"," 23.102726"," 21.92395"," 20.514829"," 21.499540","0.148207541931263","0.268528092352386"
"318","sp|P05164|PERM_HUMAN"," 21.759422"," 22.641582"," 22.872598"," 19.77211"," 18.372626"," 22.044305","0.148507710205319","0.268528092352386"
"319","sp|K22E_HUMAN|;sp|Q7Z794|K2C1B_HUMAN"," 26.775669"," 26.977620"," 26.935338"," 26.95414"," 27.757378"," 27.666736","0.150473434498774","0.271229544942932"
"320","sp|P00338|LDHA_HUMAN"," 26.189406"," 26.335784"," 26.812290"," 25.60408"," 25.881681"," 26.335989","0.151389783482256","0.272028517194678"
"321","sp|Q9UGM5|FETUB_HUMAN"," 25.244136"," 24.899659"," 24.747845"," 23.35896"," 24.876565"," 23.424481","0.153149809527218","0.274333770959969"
"322","sp|Q14315|FLNC_HUMAN"," 19.479901"," 20.286834"," 19.807705"," 19.40888"," 18.856494"," 17.342162","0.154550767379333","0.275564041365473"
"323","sp|P30041|PRDX6_HUMAN"," 13.328080"," 14.782917"," 18.769733"," 13.37928","-17.323639","-19.215759","0.154795104975735","0.275564041365473"
"324","sp|P34096|RNAS4_HUMAN"," 23.631433"," 22.583095"," 23.338805"," 24.35755"," 23.472401"," 23.858635","0.155604799895657","0.276150493641985"
"325","sp|P02760|AMBP_HUMAN"," 32.234793"," 32.081393"," 32.740479"," 32.19447"," 31.700530"," 31.847548","0.157370678407822","0.278425046413838"
"326","sp|Q08554|DSC1_HUMAN"," 17.229037"," 17.719983"," 19.849146"," 21.34310"," 19.563143"," 19.302377","0.157919310192665","0.278538660615896"
"327","sp|P36222|CH3L1_HUMAN"," 25.591836"," 25.890913"," 25.402757"," 26.07096"," 26.712082"," 25.800728","0.159950815197368","0.280579971099152"
"328","sp|Q7Z7M0|MEGF8_HUMAN"," 19.542799"," 21.067645"," 20.798070"," 21.78595"," 21.527904"," 21.035441","0.160503811127075","0.280579971099152"
"329","sp|P09960|LKHA4_HUMAN"," 20.759054"," 21.547371"," 21.133573"," 19.76806"," 20.850742"," 20.668834","0.160628754086489","0.280579971099152"
"330","sp|P02656|APOC3_HUMAN"," 29.937020"," 29.356384"," 30.790110"," 29.13190"," 28.574074"," 29.651362","0.161028505152557","0.280579971099152"
"331","sp|O00468|AGRIN_HUMAN"," 22.550368"," 21.880016"," 21.940278"," 20.65914"," 22.087097"," 20.830245","0.16297228333735","0.282263089533929"
"332","sp|Q9HCB6|SPON1_HUMAN"," 22.944760"," 23.941536"," 23.974594"," 23.05731"," 22.875231"," 22.785336","0.162976253435242","0.282263089533929"
"333","sp|P08123|CO1A2_HUMAN"," 26.543251"," 26.798871"," 26.495636"," 26.69865"," 27.736659"," 27.279591","0.163987340706124","0.283161324042106"
"334","sp|Q99969|RARR2_HUMAN"," 23.273598"," 22.779716"," 23.530141"," 24.02335"," 24.065788"," 23.254034","0.165293616505263","0.28456236374409"
"335","sp|P35555|FBN1_HUMAN"," 21.556495"," 21.965426"," 22.234879"," 22.59227"," 22.364734"," 22.071973","0.167567459293978","0.28761578834041"
"336","sp|P04264|K2C1_HUMAN"," 26.643255"," 27.203688"," 27.003901"," 26.96388"," 27.908666"," 27.810305","0.169050091698757","0.289297031924956"
"337","sp|Q13421|MSLN_HUMAN"," 23.987317"," 24.501510"," 24.804083"," 24.08692"," 23.681328"," 22.350673","0.170359031238559","0.290671937573209"
"338","sp|P01611|KV119_HUMAN"," 21.139143"," 21.386280"," 19.346932"," 21.76001"," 22.493405"," 26.494469","0.171382940746085","0.291029019301603"
"339","sp|O00533|NCHL1_HUMAN"," 23.953213"," 23.705821"," 24.059080"," 24.29293"," 23.929666"," 24.311106","0.171580587031728","0.291029019301603"
"340","sp|P29279|CTGF_HUMAN"," 23.234084"," 23.581374"," 22.757238"," 23.48930"," 25.119418"," 23.907700","0.172106917689146","0.29106316962135"
"341","sp|P01703|LV105_HUMAN"," 24.589820"," 20.498483"," 19.759387"," 25.21888"," 23.169440"," 25.422496","0.174831449924725","0.294803764535827"
"342","sp|P59665|DEF1_HUMAN"," 27.368815"," 26.469738"," 28.334577"," 25.49454"," 24.768418"," 27.279591","0.175777762368096","0.295112144429135"
"343","sp|P01612|KV120_HUMAN"," 22.224110"," 22.882157"," 16.486358"," 24.48935"," 24.580356"," 24.996944","0.176533117239722","0.295112144429135"
"344","sp|Q9UBG0|MRC2_HUMAN"," 21.023465"," 19.355188"," 20.163615"," 20.88957"," 21.524293"," 20.986226","0.17655404814543","0.295112144429135"
"345","sp|Q9NR99|MXRA5_HUMAN"," 24.977132"," 24.690285"," 24.363253"," 24.00885"," 24.242980"," 24.585995","0.178752332259802","0.297920553766337"
"346","sp|ALBU_BOVIN|"," 25.052742"," 25.223357"," 23.907825"," 24.41943"," 23.943865"," 22.975257","0.184781074572577","0.307078375373502"
"347","sp|P12110|CO6A2_HUMAN"," 17.767413"," 19.824693"," 20.163469"," 16.81828"," 19.162829"," 15.706194","0.191136931253016","0.316725462450963"
"348","sp|P11684|UTER_HUMAN"," 23.112909"," 23.053305"," 24.955251"," 24.43041"," 25.467940"," 24.752910","0.192035695753421","0.317300359362692"
"349","sp|Q9BYZ8|REG4_HUMAN"," 14.509041"," 16.699103"," 24.475185"," 15.74891","  8.224612"," 13.817614","0.194771658104407","0.320898863639066"
"350","sp|P02462|CO4A1_HUMAN;sp|P29400|CO4A5_HUMAN"," 20.519150"," 19.337192"," 19.515577"," 21.16255"," 19.878709"," 22.404350","0.196297462910856","0.322488689067836"
"351","sp|O00187|MASP2_HUMAN"," 23.555635"," 23.262643"," 23.941595"," 21.91515"," 22.990475"," 23.405394","0.199409264187787","0.326667598028426"
"352","sp|P15086|CBPB1_HUMAN"," 20.410398"," 19.286215"," 19.283854"," 19.59000"," 22.935022"," 21.849581","0.201773275721189","0.328972263151678"
"353","sp|Q14112|NID2_HUMAN"," 22.360988"," 23.262275"," 22.576793"," 21.81257"," 22.296112"," 22.509219","0.201960363291378","0.328972263151678"
"354","sp|P05160|F13B_HUMAN"," 26.208000"," 26.963916"," 26.921226"," 26.24890"," 26.434010"," 26.081996","0.20506017996792","0.333077975936593"
"355","sp|O14791|APOL1_HUMAN"," 26.665099"," 26.309578"," 25.102114"," 25.37327"," 25.582339"," 24.383376","0.207187446803422","0.335585301160471"
"356","sp|P02675|FIBB_HUMAN"," 34.629424"," 35.212993"," 35.208543"," 34.84000"," 34.718471"," 34.423565","0.208371648704488","0.336555331474946"
"357","sp|Q9BQ51|PD1L2_HUMAN"," 18.365788"," 16.816139"," 19.575316"," 20.31106"," 19.056380"," 19.644822","0.21094658810469","0.339759910812876"
"358","sp|Q6WN34|CRDL2_HUMAN"," 19.378934"," 17.284551"," 18.189970"," 19.98780"," 21.658612"," 18.378061","0.212211947938911","0.340843212471714"
"359","sp|P35237|SPB6_HUMAN"," 25.428723"," 21.931488"," 24.277641"," 23.25298"," 21.542853"," 21.303303","0.213771069567057","0.34204096449901"
"360","sp|Q96S96|PEBP4_HUMAN"," 21.871476"," 17.249192"," 23.919170"," 24.21270"," 24.987613"," 24.423179","0.214309671091624","0.34204096449901"
"361","sp|P12109|CO6A1_HUMAN"," 27.557534"," 27.655070"," 26.976864"," 26.72172"," 26.591182"," 27.408503","0.214742240320248","0.34204096449901"
"362","sp|Q13444|ADA15_HUMAN","  9.719442"," 16.964850"," 17.913773"," 19.80619"," 19.837361"," 18.661224","0.217515079149054","0.34550047102405"
"363","sp|Q14118|DAG1_HUMAN"," 23.742552"," 23.866999"," 24.564682"," 24.60057"," 24.607477"," 24.279047","0.223332382040231","0.3537634150775"
"364","sp|Q13332|PTPRS_HUMAN"," 21.669826"," 21.235176"," 21.600154"," 22.54054"," 22.103155"," 21.461469","0.225145818423006","0.35543354296476"
"365","sp|Q03591|FHR1_HUMAN"," 28.242502"," 27.523329"," 26.838051"," 26.98316"," 26.881164"," 26.660600","0.225623031621109","0.35543354296476"
"366","sp|P06733|ENOA_HUMAN"," 21.653228"," 24.818363"," 24.834407"," 21.74039"," 20.945063"," 23.121039","0.226591215107912","0.355983466358059"
"367","sp|O15204|ADEC1_HUMAN"," 18.199405"," 19.573854"," 18.903720"," 20.27374"," 20.169601"," 18.842280","0.227449931786389","0.356358884951428"
"368","sp|Q12864|CAD17_HUMAN"," 11.461409"," 14.020318"," 18.837616"," 18.67040"," 18.604170"," 18.134603","0.228929432735961","0.356693830364776"
"369","sp|TRFL_HUMAN|"," 23.755858"," 23.760965"," 25.332186"," 23.15188"," 22.599464"," 24.143576","0.229477399511795","0.356693830364776"
"370","sp|P09619|PGFRB_HUMAN"," 17.679390"," 19.221041"," 17.776551"," 19.38921"," 19.970608"," 18.293239","0.22952472562603","0.356693830364776"
"371","sp|O75023|LIRB5_HUMAN"," 19.653092"," 21.722769"," 19.555876"," 18.84951"," 17.360886"," 20.178122","0.233990425219761","0.36265362399289"
"372","sp|P07585|PGS2_HUMAN"," 22.028211"," 23.141749"," 22.427315"," 23.21588"," 23.594149"," 22.605869","0.23664205918383","0.365454045589119"
"373","sp|P01880|IGHD_HUMAN"," 26.237700"," 27.336267"," 25.406803"," 28.34301"," 29.172014"," 26.104864","0.237068450443029","0.365454045589119"
"374","sp|P40189|IL6RB_HUMAN"," 17.586371","-14.688280","  7.784249"," 20.14642"," 19.303631"," 18.767167","0.238906510677999","0.36653905142611"
"375","sp|P25311|ZA2G_HUMAN"," 32.601898"," 32.813359"," 32.845674"," 32.32266"," 32.813437"," 32.307827","0.239047207451811","0.36653905142611"
"376","sp|P49788|TIG1_HUMAN"," 19.926535"," 19.613471"," 21.106593"," 21.25545"," 21.311522"," 20.390744","0.240043761775382","0.367088199523524"
"377","sp|O43240|KLK10_HUMAN"," 18.168758"," 20.891543"," 18.232295"," 10.57470","-17.323639"," 14.590165","0.241543595907709","0.36840203619876"
"378","sp|P54108|CRIS3_HUMAN"," 23.941659"," 22.313495"," 22.976312"," 24.61992"," 23.848990"," 23.275109","0.245771810794624","0.373040974049948"
"379","sp|P98095|FBLN2_HUMAN"," 21.546005"," 22.023398"," 22.653265"," 22.28302"," 23.069883"," 22.512496","0.24588265941727","0.373040974049948"
"380","sp|P22792|CPN2_HUMAN"," 28.420442"," 28.014858"," 28.529051"," 27.96987"," 28.307540"," 27.831235","0.248342159948599","0.375780899922221"
"381","sp|P78324|SHPS1_HUMAN"," 22.002432"," 22.141299"," 22.695268"," 22.45849"," 23.915326"," 22.645416","0.250699557034268","0.378352349854866"
"382","sp|P00352|AL1A1_HUMAN"," 19.926006"," 18.771074"," 18.338799"," 17.49901"," 19.212670"," 16.904657","0.254229146890069","0.382674762988979"
"383","sp|O94985|CSTN1_HUMAN"," 21.966941"," 21.437152"," 20.349847"," 21.86350"," 22.386059"," 21.723154","0.257510919957417","0.38660255607184"
"384","sp|P12821|ACE_HUMAN"," 20.520073"," 18.689297"," 19.784922"," 20.79341"," 20.135557"," 20.523884","0.259622466099605","0.38813881421552"
"385","sp|P02649|APOE_HUMAN"," 32.244226"," 31.365014"," 31.648949"," 32.17244"," 32.202428"," 32.088803","0.259884249518218","0.38813881421552"
"386","sp|P48304|REG1B_HUMAN"," 18.491939"," 22.138738"," 20.307235"," 21.56094"," 21.348213"," 22.842067","0.265254624979879","0.395133184879353"
"387","sp|Q9NY15|STAB1_HUMAN"," 20.911896"," 19.886352"," 20.560654"," 21.32639"," 20.738025"," 20.710966","0.271280610747616","0.403065506924752"
"388","sp|Q6UWP8|SBSN_HUMAN"," 17.229640"," 19.139016"," 20.525522"," 20.31992"," 20.762996"," 20.088794","0.272011753574637","0.403110201818083"
"389","sp|O95967|FBLN4_HUMAN"," 18.215667"," 20.321299"," 20.026172"," 18.87925"," 18.310066"," 12.779268","0.275965162674856","0.407737445426376"
"390","sp|P32942|ICAM3_HUMAN"," 21.017010"," 18.831078"," 14.092908"," 19.70627"," 21.825968"," 21.420609","0.276552354289194","0.407737445426376"
"391","sp|Q12906|ILF3_HUMAN"," 10.079898"," 19.357253"," 17.686674"," 13.10071","-17.323639","  9.271201","0.277550066830816","0.408161862986494"
"392","sp|CATD_HUMAN|"," 23.755858"," 21.710806"," 21.012255"," 23.45779"," 23.585137"," 22.987955","0.284988092481181","0.418031003001732"
"393","sp|P09382|LEG1_HUMAN"," 20.090986"," 21.274359"," 21.167063"," 21.04198"," 21.324211"," 21.854693","0.287782526535372","0.421055859434705"
"394","sp|P02679|FIBG_HUMAN"," 34.691080"," 35.238384"," 35.302180"," 35.17952"," 34.587910"," 34.340400","0.304490463371688","0.444370600098275"
"395","sp|P06744|G6PI_HUMAN"," 17.555638"," 20.693379"," 21.867125"," 14.19783","-17.323639"," 17.763906","0.306376127796761","0.444954718538215"
"396","sp|Q8IUX7|AEBP1_HUMAN;sp|Q8N436|CPXM2_HUMAN"," 24.084920"," 23.123804"," 22.491724"," 22.76457"," 22.446986"," 22.606868","0.307086317833532","0.444954718538215"
"397","sp|P10586|PTPRF_HUMAN;sp|P23468|PTPRD_HUMAN"," 22.092665"," 21.331949"," 22.255444"," 21.76792"," 21.325387"," 21.415286","0.307212214364646","0.444954718538215"
"398","sp|P07359|GP1BA_HUMAN"," 22.155423"," 22.011469"," 22.935896"," 22.62992"," 23.004014"," 22.632488","0.311217708081428","0.449623573233219"
"399","sp|Q01459|DIAC_HUMAN"," 22.071143"," 22.130170"," 21.963340"," 22.44043"," 20.402973"," 20.947570","0.323261449808833","0.465852966516489"
"400","sp|P39059|COFA1_HUMAN"," 22.491975"," 22.527024"," 20.585301"," 22.51175"," 22.976809"," 22.599470","0.32498440786688","0.466950905444576"
"401","sp|P35442|TSP2_HUMAN"," 24.224423"," 24.101337"," 22.912582"," 23.34756"," 23.030720"," 23.243386","0.325647501014391","0.466950905444576"
"402","sp|P07237|PDIA1_HUMAN"," 18.506628"," 21.387891"," 20.580227"," 19.68776"," 18.246587"," 19.170663","0.327097143257504","0.466992425269385"
"403","sp|P02655|APOC2_HUMAN"," 29.276560"," 28.289873"," 27.283153"," 28.16615"," 26.753669"," 27.533652","0.327300778058369","0.466992425269385"
"404","sp|P08254|MMP3_HUMAN"," 15.094464"," 11.891358","-16.403579"," 14.45489"," 17.738249"," 16.839997","0.32847701665982","0.467510605394545"
"405","sp|P05090|APOD_HUMAN"," 31.146725"," 30.517980"," 31.232844"," 30.83526"," 30.287744"," 30.817712","0.333299408897958","0.472942119983334"
"406","sp|P48740|MASP1_HUMAN"," 24.812476"," 24.185033"," 24.621411"," 24.23161"," 23.381720"," 24.603538","0.333938262109972","0.472942119983334"
"407","sp|P04207|KV308_HUMAN"," 16.036817"," 17.779617","-16.403579"," 19.72244"," 19.148677"," 20.178378","0.338122511861115","0.476417977044925"
"408","sp|Q9UJJ9|GNPTG_HUMAN"," 22.852178"," 23.332425"," 22.788706"," 23.19062"," 23.317968"," 23.109411","0.338176115232092","0.476417977044925"
"409","sp|P05155|IC1_HUMAN"," 33.603814"," 33.742167"," 33.567924"," 33.61181"," 33.856935"," 33.735799","0.339481707021235","0.476417977044925"
"410","sp|P16035|TIMP2_HUMAN"," 22.544659"," 18.221664"," 20.827053"," 22.56584"," 22.242406"," 21.456066","0.3406918483833","0.476417977044925"
"411","sp|RETBP_HUMAN|"," 29.662138"," 29.819837"," 30.386977"," 29.42897"," 30.042137"," 29.421885","0.341098223099606","0.476417977044925"
"412","sp|P14314|GLU2B_HUMAN"," 15.240481"," 20.221198"," 18.267494"," 14.84251"," 15.558923","-19.215759","0.341612365158523","0.476417977044925"
"413","sp|Q9H4A9|DPEP2_HUMAN"," 16.588561","-14.688280"," 14.166492"," 18.75208"," 16.150016"," 18.374392","0.342192390468789","0.476417977044925"
"414","sp|P12318|FCG2A_HUMAN"," 23.267088"," 22.968850"," 22.777717"," 24.19354"," 22.649369"," 23.886866","0.349741259772304","0.485324628379701"
"415","sp|K2C1_HUMAN|"," 26.774127"," 26.877259"," 27.030441"," 26.75567"," 27.215298"," 27.501706","0.350277775265349","0.485324628379701"
"416","sp|O15394|NCAM2_HUMAN","-15.115541"," 16.772649"," 15.399365"," 18.32542"," 18.647142"," 17.576928","0.352743879661572","0.487520368544819"
"417","sp|P06748|NPM_HUMAN"," 14.990960"," 21.917728"," 13.995383"," 16.69983"," 11.565608"," 13.224165","0.354015137832654","0.487520368544819"
"418","sp|P16152|CBR1_HUMAN"," 18.568761"," 17.312558"," 19.995149"," 14.42049"," 18.327666"," 18.266461","0.354948556573406","0.487520368544819"
"419","sp|P00488|F13A_HUMAN"," 23.464248"," 24.905720"," 24.371542"," 24.04485"," 23.647081"," 23.534220","0.355253972904833","0.487520368544819"
"420","sp|P78417|GSTO1_HUMAN"," 19.490393"," 19.173339"," 18.867822"," 19.42762"," 18.455988"," 15.915682","0.356437379914989","0.487979746312187"
"421","sp|P35542|SAA4_HUMAN"," 29.171526"," 29.614512"," 27.069360"," 27.56771"," 27.699676"," 27.826030","0.361547125929521","0.493350652126973"
"422","sp|P04114|APOB_HUMAN;sp|Q9ULK0|GRID1_HUMAN;sp|O75964|ATP5L_HUMAN;sp|Q7Z4Y8|AT5L2_HUMAN"," 34.446054"," 34.158058"," 34.764532"," 34.13135"," 33.887739"," 34.546577","0.36212187552477","0.493350652126973"
"423","sp|P14543|NID1_HUMAN"," 20.734849"," 21.472135"," 21.075168"," 20.56295"," 20.744774"," 21.133325","0.362934479738626","0.493350652126973"
"424","sp|Q99497|PARK7_HUMAN"," 20.187306"," 21.229936"," 22.583152"," 20.81484"," 19.590274"," 21.013479","0.364657897649467","0.494524271576518"
"425","sp|P19021|AMD_HUMAN"," 21.113463"," 20.934328"," 20.629031"," 20.93642"," 20.634259"," 20.538552","0.366634416900214","0.49579265017263"
"426","sp|P04220|MUCB_HUMAN"," 25.701997"," 19.002995"," 19.122699"," 21.17013"," 18.007970"," 16.517972","0.367317685171374","0.49579265017263"
"427","sp|P18206|VINC_HUMAN"," 23.370101"," 23.396334"," 23.471887"," 21.90274"," 23.350193"," 23.336633","0.370908268911413","0.499466638463847"
"428","sp|Q13232|NDK3_HUMAN"," 17.277728"," 16.031070"," 16.703784"," 12.56521"," 14.188813"," 17.900632","0.375753247066635","0.504808684727372"
"429","sp|P30740|ILEU_HUMAN"," 19.689169"," 21.143539"," 21.474608"," 19.50985"," 19.834319"," 20.910496","0.382530903260737","0.512716245629193"
"430","sp|P01707|LV204_HUMAN"," 15.592898"," 13.082390","-16.403579"," 18.27243"," 12.895249"," 15.098322","0.385035097923136","0.514872514664659"
"431","sp|P55268|LAMB2_HUMAN"," 20.604260"," 21.258961"," 21.173527"," 21.16859"," 27.772725"," 21.266537","0.388175803109511","0.517867950784151"
"432","sp|P00742|FA10_HUMAN"," 25.559229"," 25.445327"," 24.482858"," 24.84237"," 26.182373"," 26.043664","0.391075212781623","0.520528350345911"
"433","sp|P01854|IGHE_HUMAN"," 19.544685"," 22.175640"," 19.057098"," 23.91864"," 20.702401"," 20.418345","0.393275640965537","0.522248253014281"
"434","sp|P13797|PLST_HUMAN"," 15.238309"," 18.582705"," 15.742860","-17.50421"," 16.329003"," 15.139494","0.396478984149817","0.524352199656615"
"435","sp|P00736|C1R_HUMAN"," 31.132962"," 30.580743"," 31.128419"," 31.30944"," 30.922392"," 31.245135","0.396683838001092","0.524352199656615"
"436","sp|P80188|NGAL_HUMAN"," 27.927888"," 26.260214"," 28.212115"," 25.65237"," 27.455564"," 26.992437","0.400441852414871","0.527886751844182"
"437","sp|P07225|PROS_HUMAN"," 28.521747"," 28.347082"," 28.853672"," 28.58344"," 27.904024"," 28.494226","0.401688930978636","0.527886751844182"
"438","sp|P14780|MMP9_HUMAN"," 17.629319"," 17.762623"," 24.027973"," 13.21969"," 16.137568"," 21.210903","0.402111995317829","0.527886751844182"
"439","sp|P21333|FLNA_HUMAN"," 19.357307"," 21.064445"," 21.528328"," 18.00175"," 19.577018"," 21.182045","0.405356690985006","0.529057112455582"
"440","sp|P05019|IGF1_HUMAN"," 22.032662"," 22.366203"," 22.807318"," 22.41076"," 23.043892"," 22.572373","0.40596072181726","0.529057112455582"
"441","sp|P28799|GRN_HUMAN"," 21.374978"," 19.699932"," 20.514718"," 21.44597"," 20.674525"," 21.024882","0.406261265987478","0.529057112455582"
"442","sp|P11717|MPRI_HUMAN"," 19.926052"," 18.187710"," 19.611356"," 19.75262"," 21.206988"," 19.069613","0.406683902096291","0.529057112455582"
"443","sp|Q8WUJ3|CEMIP_HUMAN"," 18.534719"," 19.540458"," 19.218011"," 19.16861"," 20.047798"," 19.216990","0.408024092133385","0.529602376922566"
"444","sp|CAH2_HUMAN|"," 20.045889"," 20.785047"," 23.200282"," 20.67437"," 20.339756"," 20.062691","0.41038213785742","0.530645548120548"
"445","sp|Q9UHG3|PCYOX_HUMAN"," 21.546202"," 20.060188"," 17.084535"," 20.44331"," 21.367292"," 20.947883","0.410673511154163","0.530645548120548"
"446","sp|P07858|CATB_HUMAN"," 25.506952"," 24.941543"," 24.804083"," 24.34020"," 24.788329"," 25.212962","0.412345178860754","0.531610936872048"
"447","sp|P20062|TCO2_HUMAN"," 16.836566"," 20.375175"," 19.273529"," 20.03751"," 19.697747"," 19.949230","0.415131912936353","0.53293889355886"
"448","sp|P12277|KCRB_HUMAN"," 10.830886"," 12.449667"," 18.568204"," 13.14151","  7.684162"," 12.919059","0.415868717640562","0.53293889355886"
"449","sp|Q9H8L6|MMRN2_HUMAN"," 19.186387"," 20.693366"," 20.610268"," 20.81553"," 20.041120"," 21.315028","0.416155762100745","0.53293889355886"
"450","sp|P55103|INHBC_HUMAN"," 20.158741"," 17.866356"," 17.774630"," 17.42486"," 18.206023"," 17.796802","0.419998234209768","0.536664410379148"
"451","sp|P13796|PLSL_HUMAN"," 26.224071"," 26.148492"," 26.587795"," 25.86838"," 25.335653"," 26.626500","0.426101378094783","0.543255637260533"
"452","sp|Q92496|FHR4_HUMAN;sp|Q02985|FHR3_HUMAN"," 25.345877"," 25.736721"," 22.910752"," 22.88761"," 23.739388"," 24.675909","0.441476394093162","0.56161266947692"
"453","sp|P31146|COR1A_HUMAN"," 15.852982"," 18.323960"," 19.889528"," 16.74749","-17.323639"," 20.467966","0.443692838648541","0.563186274222761"
"454","sp|O75339|CILP1_HUMAN"," 25.206946"," 23.917132"," 24.079452"," 24.82577"," 24.616407"," 24.906844","0.44737400337309","0.566608043919663"
"455","sp|ANT3_HUMAN|"," 27.398792"," 24.862727"," 23.460862"," 26.17764"," 26.712082"," 26.063784","0.449560168499801","0.568125487664583"
"456","sp|P13598|ICAM2_HUMAN"," 23.528367"," 22.593178"," 22.817242"," 24.04485"," 22.963013"," 23.049898","0.45291353656476","0.571108077905126"
"457","sp|Q7Z7G0|TARSH_HUMAN"," 24.688623"," 24.654524"," 25.271368"," 25.31465"," 24.584912"," 25.650946","0.45767825539194","0.5747226571319"
"458","sp|Q92859|NEO1_HUMAN"," 23.050582"," 22.494925"," 22.936550"," 22.95648"," 22.341709"," 22.577334","0.458352900975303","0.5747226571319"
"459","sp|Q9Y624|JAM1_HUMAN"," 18.760177"," 15.639791"," 15.277629"," 14.94817"," 20.753079"," 19.107554","0.458778608040942","0.5747226571319"
"460","sp|GSTP1_HUMAN|"," 19.313015"," 23.977359"," 22.378489"," 21.47315"," 19.652553"," 20.759376","0.462320108470512","0.57790013558814"
"461","sp|Q9UM47|NOTC3_HUMAN"," 21.643318"," 22.083865"," 21.211214"," 21.88979"," 21.283231"," 20.761301","0.4649230500613","0.579893175239148"
"462","sp|Q99650|OSMR_HUMAN"," 21.812946"," 18.142446"," 18.587174"," 21.38438"," 20.553328"," 19.715002","0.47532073265872","0.591037657164084"
"463","sp|P32119|PRDX2_HUMAN"," 19.871875"," 22.444646"," 24.938594"," 22.33013"," 20.327616"," 20.665079","0.475913800464297","0.591037657164084"
"464","sp|P48637|GSHB_HUMAN"," 17.393452"," 19.441576"," 19.835641"," 19.20309"," 19.829725"," 19.620782","0.477290720183674","0.591470181262096"
"465","sp|P01011|AACT_HUMAN"," 35.296380"," 35.220295"," 34.968589"," 34.44516"," 35.276681"," 35.098328","0.482197939315861","0.596266269046495"
"466","sp|Q08380|LG3BP_HUMAN"," 27.739462"," 27.271556"," 28.252216"," 28.13157"," 28.087286"," 27.767559","0.494829588967533","0.610559494556247"
"467","sp|P18065|IBP2_HUMAN"," 27.053030"," 27.357185"," 27.389554"," 26.17265"," 27.200293"," 27.449150","0.495880493839596","0.610559494556247"
"468","sp|Q6FHJ7|SFRP4_HUMAN"," 22.560282"," 22.162957"," 18.834615"," 21.86362"," 22.548297"," 22.073031","0.496963641590645","0.610585670757737"
"469","sp|Q9UEW3|MARCO_HUMAN"," 19.724539"," 18.789037"," 21.448281"," 21.52804"," 20.560553"," 19.935042","0.499342486004774","0.612200276018646"
"470","sp|Q96RW7|HMCN1_HUMAN"," 16.429153","-14.688280"," 17.300053"," 13.08798"," 15.107654"," 15.986433","0.509524508132489","0.623354451438684"
"471","sp|Q6UXB8|PI16_HUMAN"," 25.129473"," 25.382374"," 26.258327"," 25.45974"," 25.335653"," 25.162526","0.515006093678677","0.628722938142759"
"472","sp|P43652|AFAM_HUMAN"," 30.908467"," 31.031139"," 31.203770"," 31.11733"," 30.844349"," 30.936373","0.524358943644487","0.638784730075381"
"473","sp|P49913|CAMP_HUMAN"," 21.047019"," 20.899806"," 20.066754"," 19.34579"," 19.938146"," 21.325555","0.530003685281979","0.643427468777808"
"474","sp|P07737|PROF1_HUMAN"," 23.488557"," 22.992404"," 25.102114"," 24.37469"," 23.638391"," 25.183497","0.531350601958602","0.643427468777808"
"475","sp|P01605|KV113_HUMAN"," 17.328254"," 18.580060"," 17.561381"," 15.31381"," 12.769556"," 20.352395","0.531527039425146","0.643427468777808"
"476","sp|P02461|CO3A1_HUMAN"," 27.274843"," 27.655070"," 26.990446"," 27.26936"," 27.571088"," 27.533652","0.53314549562454","0.644030798285946"
"477","sp|P69891|HBG1_HUMAN"," 23.755858"," 22.977605"," 29.512839"," 26.91453"," 21.866407"," 22.210403","0.543182906547433","0.654780233259484"
"478","sp|Q8IWV2|CNTN4_HUMAN"," 18.108342"," 14.011927"," 18.023537"," 18.83301"," 16.582535"," 17.788511","0.547084802772369","0.656786565390736"
"479","sp|Q8N2S1|LTBP4_HUMAN"," 19.788871"," 20.793855"," 20.819939"," 21.38688"," 21.244612"," 19.919001","0.547194750134528","0.656786565390736"
"480","sp|O00592|PODXL_HUMAN"," 21.298116"," 20.731644"," 21.213044"," 20.76709"," 21.661536"," 21.458201","0.548274002413136","0.656786565390736"
"481","sp|K1C10_HUMAN|"," 24.674927"," 26.357251"," 26.324084"," 25.69219"," 26.680092"," 26.235272","0.552146462545723","0.660050345039066"
"482","sp|PPIA_HUMAN|;sp|Q9Y536|PAL4A_HUMAN"," 20.731512"," 23.522759"," 22.941576"," 21.74641"," 21.478610"," 22.158202","0.554250602698027","0.661191071683331"
"483","sp|IGF2_HUMAN|;sp|Q99996|AKAP9_HUMAN;sp|P30533|AMRP_HUMAN"," 25.362842"," 25.208842"," 25.131734"," 25.52853"," 24.883991"," 24.803429","0.557924402024497","0.664091712099069"
"484","sp|P69892|HBG2_HUMAN;sp|P02100|HBE_HUMAN"," 23.755858"," 22.977102"," 29.510473"," 26.91453"," 21.943932"," 22.389074","0.558991980271216","0.664091712099069"
"485","sp|P04080|CYTB_HUMAN"," 20.797862"," 20.493708"," 22.415312"," 21.46140"," 21.950669"," 21.537400","0.563228254151633","0.667744837396266"
"486","sp|P02786|TFR1_HUMAN"," 20.232239"," 21.403319"," 20.257144"," 20.54147"," 20.062995"," 20.472108","0.564962055836239","0.668422185402958"
"487","sp|P06727|APOA4_HUMAN;sp|Q9BT92|TCHP_HUMAN;sp|Q14980|NUMA1_HUMAN;sp|Q15020|SART3_HUMAN;sp|P61129|ZC3H6_HUMAN"," 32.265991"," 32.769527"," 34.215154"," 33.63245"," 33.235329"," 33.579459","0.56797487904508","0.670606890042959"
"488","sp|Q9NZP8|C1RL_HUMAN"," 25.354385"," 25.284563"," 24.791773"," 25.67826"," 24.490979"," 24.418260","0.576704451363115","0.678164477257956"
"489","sp|TRYP_PIG|"," 32.709399"," 32.112344"," 32.176671"," 32.23492"," 32.556025"," 32.621197","0.57673465978981","0.678164477257956"
"490","sp|P02042|HBD_HUMAN"," 24.156404"," 23.892291"," 29.559351"," 27.12021"," 23.520440"," 22.799719","0.578149900049579","0.678441209241853"
"491","sp|Q99972|MYOC_HUMAN"," 25.980392"," 24.509574"," 22.956197"," 21.03866"," 28.980997"," 28.607396","0.581129394751479","0.680548680207944"
"492","sp|P07911|UROM_HUMAN"," 19.899087"," 18.708437"," 17.264569"," 18.53234"," 17.614424"," 18.206365","0.583428706867251","0.681852655383474"
"493","sp|P00450|CERU_HUMAN"," 34.478328"," 34.320159"," 34.178065"," 34.19554"," 34.106645"," 34.443664","0.594781971784707","0.693711224698187"
"494","sp|P27797|CALR_HUMAN"," 20.777067"," 21.187422"," 19.741226"," 14.61835"," 21.393027"," 21.457126","0.599385628407107","0.697665458166167"
"495","sp|ALDOA_RABIT|"," 26.057009"," 26.267050"," 25.315069"," 23.48930"," 26.408249"," 26.036897","0.605705806577442","0.701194554583147"
"496","sp|P12259|FA5_HUMAN"," 24.009600"," 23.741485"," 24.038417"," 23.24072"," 23.145182"," 28.819334","0.60571677905191","0.701194554583147"
"497","sp|Q15113|PCOC1_HUMAN"," 25.816401"," 26.363627"," 26.019957"," 26.35998"," 25.966840"," 26.205224","0.606075988917955","0.701194554583147"
"498","sp|Q86UD1|OAF_HUMAN"," 23.667779"," 24.752425"," 24.138902"," 24.09382"," 24.237216"," 23.628286","0.618436660781595","0.714058393472725"
"499","sp|P15144|AMPN_HUMAN"," 25.551879"," 24.292464"," 24.669287"," 25.22207"," 25.025065"," 24.921058","0.621652086650629","0.716332564777779"
"500","sp|P15941|MUC1_HUMAN"," 21.973531"," 24.057522"," 19.534642"," 21.86172"," 23.307065"," 22.687919","0.625369308067755","0.719174704277918"
"501","sp|Q8NBP7|PCSK9_HUMAN"," 17.861900"," 18.950514"," 18.488335"," 17.41626"," 20.356494"," 14.846526","0.633507353356511","0.726486948827995"
"502","sp|P01833|PIGR_HUMAN"," 25.551879"," 25.270675"," 27.389554"," 25.65237"," 25.789240"," 25.661839","0.634254692715919","0.726486948827995"
"503","sp|Q02818|NUCB1_HUMAN"," 22.006763"," 22.552139"," 21.842563"," 21.15243"," 22.307485"," 22.264662","0.637820199633854","0.729118518468123"
"504","sp|P55058|PLTP_HUMAN"," 28.950922"," 28.648278"," 28.947487"," 28.65248"," 28.926750"," 28.772557","0.639605500347168","0.729708656150042"
"505","sp|P08833|IBP1_HUMAN"," 22.394668"," 22.515172"," 21.751609"," 22.22210"," 21.164082"," 22.539660","0.641959138805194","0.730301964867797"
"506","sp|P26022|PTX3_HUMAN"," 19.554042"," 20.417785"," 20.772044"," 19.94725"," 20.258130"," 21.395728","0.64330627028987","0.730301964867797"
"507","sp|P28066|PSA5_HUMAN","-15.115541","-14.688280"," 17.476274","-17.50421"," 13.208844"," 14.465883","0.643935819457344","0.730301964867797"
"508","sp|HBA_HUMAN|;sp|P69905|HBA_HUMAN"," 27.138881"," 27.367527"," 32.542255"," 31.08854"," 25.707451"," 26.649318","0.646035714029953","0.731241211746502"
"509","sp|Q8NBJ4|GOLM1_HUMAN"," 25.983105"," 25.284563"," 25.809717"," 25.56931"," 25.913061"," 25.144317","0.649075942725241","0.732833515190853"
"510","sp|Q6YHK3|CD109_HUMAN"," 22.300983"," 21.015190"," 22.463151"," 21.88314"," 21.563690"," 21.598835","0.649991465647539","0.732833515190853"
"511","sp|HBB_HUMAN|"," 27.739462"," 28.027738"," 32.956904"," 31.56573"," 26.328112"," 27.495235","0.657066863471474","0.739360952047158"
"512","sp|Q14767|LTBP2_HUMAN"," 23.098316"," 23.299379"," 22.968308"," 22.34635"," 23.501414"," 23.000548","0.662886820432058","0.744452972164909"
"513","sp|Q14651|PLSI_HUMAN","-15.115541","-14.688280"," 17.262636","  5.55511","-17.323639","-19.215759","0.671060779392922","0.751878833645597"
"514","sp|P08571|CD14_HUMAN"," 29.352326"," 29.238037"," 29.671600"," 29.41811"," 29.319902"," 29.787562","0.672114296511021","0.751878833645597"
"515","sp|P04216|THY1_HUMAN"," 21.305831"," 21.942673"," 21.550304"," 21.67865"," 21.737219"," 21.653093","0.676431186692046","0.75423053504091"
"516","sp|Q12884|SEPR_HUMAN"," 17.410112"," 16.477124"," 14.492428"," 14.33264"," 18.112875"," 13.721525","0.676839923619321","0.75423053504091"
"517","sp|Q9UNW1|MINP1_HUMAN"," 24.195675"," 22.864506"," 22.575831"," 23.21588"," 23.594149"," 23.543016","0.682804207482258","0.75940506634874"
"518","sp|Q76LX8|ATS13_HUMAN"," 20.960765"," 22.300164"," 20.110893"," 22.35113"," 19.472374"," 20.168470","0.692936250075093","0.769185991878723"
"519","sp|P39060|COIA1_HUMAN"," 24.393982"," 24.738854"," 24.960761"," 24.49460"," 24.891379"," 24.432968","0.697360204913866","0.772605236657944"
"520","sp|P25786|PSA1_HUMAN"," 24.715621"," 25.382374"," 23.907825"," 23.69275"," 25.445452"," 24.020643","0.702973213886701","0.776059754027126"
"521","sp|P02671|FIBA_HUMAN"," 33.347388"," 33.891884"," 33.296171"," 33.61181"," 33.199092"," 33.444217","0.703177620605448","0.776059754027126"
"522","sp|P49908|SEPP1_HUMAN"," 27.185680"," 27.017943"," 26.697789"," 27.10266"," 27.082538"," 26.908890","0.710488083946987","0.782625762968424"
"523","sp|Q12860|CNTN1_HUMAN"," 22.735023"," 22.327973"," 21.118236"," 22.47123"," 21.991067"," 22.329774","0.721202929762041","0.792745059031351"
"524","sp|Q86WI1|PKHL1_HUMAN"," 13.419053"," 19.575286"," 20.514242"," 20.00435"," 17.361803"," 18.953466","0.722432019012918","0.792745059031351"
"525","sp|Q14515|SPRL1_HUMAN"," 25.977675"," 25.582003"," 25.394631"," 25.69450"," 26.083474"," 25.455183","0.730095754384074","0.799628683373033"
"526","sp|Q16363|LAMA4_HUMAN"," 20.802463"," 21.480101"," 22.769500"," 22.42885"," 22.588061"," 20.885633","0.738595421662742","0.807399938129423"
"527","sp|Q9UBP4|DKK3_HUMAN"," 25.354385"," 25.164365"," 24.295174"," 25.51555"," 24.807971"," 24.913968","0.740265107756391","0.807689633700047"
"528","sp|Q7Z5L7|PODN_HUMAN"," 20.894886"," 18.314631"," 18.819276"," 19.01931"," 18.858848"," 19.268650","0.746679951413325","0.813145780421708"
"529","sp|P02751|FINC_HUMAN"," 32.825914"," 32.845852"," 32.819484"," 33.08617"," 32.707659"," 32.511126","0.748298962278957","0.813368437259736"
"530","sp|Q13228|SBP1_HUMAN"," 21.032264"," 18.888973"," 20.256305"," 20.28366"," 19.047770"," 20.121590","0.762593572127953","0.826864512187339"
"531","sp|P13591|NCAM1_HUMAN"," 22.273659"," 22.948680"," 22.509350"," 21.95452"," 23.360778"," 22.869657","0.763591401689525","0.826864512187339"
"532","sp|P13473|LAMP2_HUMAN"," 23.017459"," 21.063673"," 21.909435"," 22.17434"," 22.444731"," 21.910678","0.784815468299954","0.847071711339228"
"533","sp|Q16610|ECM1_HUMAN"," 28.013395"," 28.700623"," 28.182775"," 28.53774"," 27.949796"," 28.173983","0.785198647206623","0.847071711339228"
"534","sp|P02452|CO1A1_HUMAN"," 29.024238"," 29.066794"," 28.831131"," 29.26492"," 28.713860"," 28.775349","0.788281932262941","0.848805451406725"
"535","sp|A1L4H1|SRCRL_HUMAN"," 19.926521"," 21.803084"," 20.970823"," 20.37625"," 21.845955"," 19.799264","0.795435458645461","0.854907268637645"
"536","sp|CAH1_HUMAN|"," 24.185960"," 23.066665"," 26.672750"," 25.82470"," 23.317968"," 23.709017","0.800846821571612","0.858977714824651"
"537","sp|P29401|TKT_HUMAN"," 22.106752"," 21.814189"," 22.940017"," 20.54961"," 22.491796"," 23.121039","0.802210491931892","0.858977714824651"
"538","sp|P55290|CAD13_HUMAN"," 23.097046"," 22.641911"," 23.495492"," 22.59123"," 23.647081"," 22.667649","0.808341756863548","0.863934033822565"
"539","sp|P02745|C1QA_HUMAN"," 26.175297"," 25.692772"," 25.648120"," 27.19668"," 26.774025"," 24.295161","0.810023504199073","0.864125259581571"
"540","sp|Q9H6X2|ANTR1_HUMAN"," 19.257903"," 19.658964"," 11.184277"," 15.94346"," 18.181545"," 18.227373","0.8148229771251","0.86639783483973"
"541","sp|LEP_HUMAN|"," 18.592345"," 18.578827"," 16.996390"," 20.54384"," 17.296467"," 17.256799","0.815167354170946","0.86639783483973"
"542","sp|Q86YZ3|HORN_HUMAN"," 20.745179"," 19.077787"," 16.722824"," 17.40939"," 19.059769"," 19.162152","0.829903023272614","0.880432174136076"
"543","sp|P27487|DPP4_HUMAN"," 21.332652"," 22.400708"," 21.743897"," 21.82302"," 22.122014"," 21.764170","0.832682616038721","0.881754151422218"
"544","sp|P35590|TIE1_HUMAN"," 20.536138"," 20.976511"," 18.802295"," 19.73169"," 20.401994"," 20.654353","0.841964199339302","0.889943776875182"
"545","sp|Q06828|FMOD_HUMAN"," 21.281451"," 20.247614"," 21.957524"," 20.44432"," 21.903922"," 20.728430","0.848116766488037","0.894802093083708"
"546","sp|P07602|SAP_HUMAN"," 23.461087"," 23.233130"," 23.185873"," 22.73648"," 23.739388"," 23.603204","0.855168898373982","0.900344007331906"
"547","sp|P12830|CADH1_HUMAN"," 24.084920"," 24.046349"," 24.363253"," 24.38035"," 24.123122"," 24.071018","0.856501168714004","0.900344007331906"
"548","sp|O95633|FSTL3_HUMAN"," 21.232889"," 21.204907"," 16.894590"," 21.79586"," 22.708909"," 12.938719","0.866871424679247","0.908654050029675"
"549","sp|Q9BTY2|FUCO2_HUMAN"," 20.570527"," 20.114226"," 21.694992"," 20.15977"," 21.332380"," 20.575590","0.867567084289203","0.908654050029675"
"550","sp|P11362|FGFR1_HUMAN"," 23.138596"," 23.112528"," 23.091439"," 23.27720"," 23.402365"," 22.770815","0.869668071701951","0.909198438597494"
"551","sp|P21810|PGS1_HUMAN"," 19.553917"," 19.781066"," 19.025531"," 19.47089"," 19.571389"," 19.430525","0.883655000336134","0.922144510332626"
"552","Int_P02741ups|CRP_HUMAN_UPS"," 22.773192"," 13.546428"," 16.120185"," 19.14075"," 17.654804"," 16.980646","0.8878080811027","0.924800084481979"
"553","sp|Q8WZ75|ROBO4_HUMAN"," 23.651180"," 24.452119"," 21.654736"," 23.13874"," 23.228373"," 23.025423","0.897111840587008","0.932801642563344"
"554","sp|Q86SQ4|GP126_HUMAN"," 21.322943"," 19.276150"," 19.815657"," 20.31859"," 20.489485"," 19.875656","0.899554045968976","0.933652665040002"
"555","sp|Q15904|VAS1_HUMAN"," 19.942223"," 18.987363"," 19.725081"," 19.32979"," 19.411354"," 19.786041","0.903437959545316","0.934853811794371"
"556","sp|O75882|ATRN_HUMAN"," 27.987635"," 27.907286"," 27.979437"," 28.03670"," 28.151449"," 27.619681","0.904044286126442","0.934853811794371"
"557","sp|Q99542|MMP19_HUMAN"," 18.795912"," 18.436034"," 19.982554"," 20.28993"," 17.139917"," 20.228409","0.905588822903417","0.934853811794371"
"558","sp|Q92692|PVRL2_HUMAN"," 18.735679"," 20.764245"," 21.322303"," 20.11047"," 20.240875"," 20.183342","0.914133105698285","0.940397631012583"
"559","sp|CRP_HUMAN|"," 28.311254"," 28.096522"," 28.529051"," 27.79910"," 28.511110"," 28.735787","0.914230044758319","0.940397631012583"
"560","sp|P01596|KV104_HUMAN"," 16.444268","-14.688280"," 15.528584","-17.50421"," 10.538872"," 19.704223","0.925241070949767","0.950024313921636"
"561","sp|P08603|CFAH_HUMAN;sp|Q02985|FHR3_HUMAN"," 33.439952"," 33.475850"," 33.567924"," 33.59087"," 33.404103"," 33.507189","0.930876210778852","0.95410663315123"
"562","sp|Q24JP5|T132A_HUMAN"," 16.712841","  9.928401"," 12.043849"," 10.76163"," 18.476737","  8.614372","0.942828397996308","0.964637595814728"
"563","sp|LYSC_HUMAN|"," 26.688248"," 26.702568"," 29.074505"," 27.58687"," 27.397467"," 27.660933","0.946735148062018","0.966914227594423"
"564","sp|P01767|HV306_HUMAN"," 25.178393"," 25.696203"," 25.386459"," 25.58182"," 25.231548"," 25.484744","0.949830557865398","0.968355621937241"
"565","sp|P08195|4F2_HUMAN"," 23.729118"," 21.880673"," 21.728195"," 22.47121"," 22.715083"," 22.016009","0.951744071345068","0.968589099156486"
"566","sp|P15151|PVR_HUMAN"," 24.166325"," 24.068606"," 23.288276"," 23.54037"," 23.978770"," 23.948529","0.956412768073831","0.97162074495133"
"567","sp|Q9NPY3|C1QR1_HUMAN"," 23.357563"," 23.965520"," 23.884866"," 23.71073"," 23.950913"," 23.577701","0.964839968668041","0.978453231012564"
"568","sp|Q6UX71|PXDC2_HUMAN"," 23.329702"," 22.594650"," 21.940645"," 22.66050"," 22.990475"," 22.272535","0.968271790781514","0.978646248052912"
"569","sp|P16070|CD44_HUMAN"," 25.124486"," 24.805423"," 24.205306"," 25.17019"," 24.744160"," 24.268208","0.968434287203665","0.978646248052912"
"570","sp|P08253|MMP2_HUMAN"," 27.408643"," 28.053146"," 28.252216"," 27.69682"," 27.949796"," 28.035153","0.971519556287373","0.980041657658315"
"571","sp|Q8WWA0|ITLN1_HUMAN"," 19.713065"," 16.197730"," 18.603095"," 21.74001"," 12.308765"," 20.766847","0.977065334077124","0.982172798319436"
"572","sp|K1C9_HUMAN|;sp|P35527|K1C9_HUMAN"," 26.447305"," 25.798554"," 24.938594"," 25.70600"," 25.316520"," 26.116170","0.97729260863656","0.982172798319436"
"573","sp|P98160|PGBM_HUMAN"," 28.543785"," 28.126697"," 27.215340"," 27.82089"," 28.167057"," 27.931761","0.980026824174349","0.982172798319436"
"574","sp|P01614|KV201_HUMAN"," 14.832117","-14.688280","-16.403579","-17.50421","-17.323639"," 19.823668","0.980464671713663","0.982172798319436"
"575","sp|P09172|DOPO_HUMAN"," 23.343194"," 24.356747"," 23.360861"," 25.64999"," 22.248901"," 23.085885","0.983018516107164","0.983018516107164"
