"","0","  1.000000","  1.000000","  1.000000","  2.000000","  2.000000","  2.000000","pVal","BHpVal"
"1","sp|Q13790|APOF_HUMAN"," 27.183872"," 27.283686"," 27.445139"," 24.947385"," 24.742587"," 24.818409","2.23172446787004e-05","0.0128324156902527"
"2","sp|P51884|LUM_HUMAN"," 31.228691"," 31.138639"," 31.091900"," 32.038393"," 31.886895"," 32.002025","0.000190743938160243","0.0355715034552674"
"3","sp|Q13201|MMRN1_HUMAN"," 16.489533"," 17.306708"," 17.282924"," 22.287137"," 21.760502"," 21.623777","0.000210284759037981","0.0355715034552674"
"4","sp|P06276|CHLE_HUMAN"," 25.662189"," 25.698644"," 25.838122"," 24.839118"," 24.751017"," 24.960913","0.000439896687511352","0.0355715034552674"
"5","sp|P01876|IGHA1_HUMAN"," 32.053897"," 31.388765"," 31.794011"," 34.639110"," 34.162435"," 34.585004","0.000515150228852474","0.0355715034552674"
"6","sp|P17900|SAP3_HUMAN"," 21.753857"," 22.060151"," 21.935024"," 23.423750"," 23.577054"," 23.184822","0.000690680539707692","0.0355715034552674"
"7","sp|P24821|TENA_HUMAN"," 26.158859"," 25.985938"," 26.213711"," 25.000021"," 25.161151"," 25.270684","0.000794041816938852","0.0355715034552674"
"8","sp|P19827|ITIH1_HUMAN"," 31.700592"," 31.791586"," 31.681457"," 30.792327"," 30.735714"," 30.569995","0.000884020232750304","0.0355715034552674"
"9","sp|P0CG05|LAC2_HUMAN;sp|P0CG04|LAC1_HUMAN;sp|P0CG06|LAC3_HUMAN;sp|P0CF74|LAC6_HUMAN"," 32.026889"," 31.636958"," 32.274344"," 34.325383"," 34.050845"," 34.725361","0.000911520425432596","0.0355715034552674"
"10","sp|B9A064|IGLL5_HUMAN;sp|P0CG04|LAC1_HUMAN;sp|P0CG06|LAC3_HUMAN;sp|P0CF74|LAC6_HUMAN"," 31.339684"," 31.030143"," 31.662116"," 33.723922"," 33.355652"," 34.030158","0.00092425778050578","0.0355715034552674"
"11","sp|P02790|HEMO_HUMAN"," 35.677173"," 35.448158"," 35.637546"," 34.869217"," 34.779705"," 34.660586","0.00102632142748344","0.0355715034552674"
"12","sp|P08603|CFAH_HUMAN;sp|Q02985|FHR3_HUMAN"," 33.339305"," 33.290143"," 33.330813"," 33.638000"," 33.560337"," 33.622674","0.00115524411302671","0.0355715034552674"
"13","sp|P01620|KV302_HUMAN;sp|P18135|KV312_HUMAN"," 26.730674"," 27.130456"," 26.733308"," 28.505050"," 28.114286"," 28.424768","0.00120314345084753","0.0355715034552674"
"14","sp|A0M8Q6|LAC7_HUMAN;sp|P0CG04|LAC1_HUMAN;sp|P0CG06|LAC3_HUMAN;sp|P0CF74|LAC6_HUMAN"," 31.603868"," 31.126957"," 31.690794"," 33.677002"," 33.405373"," 34.109858","0.0012398171488581","0.0355715034552674"
"15","sp|P01593|KV101_HUMAN"," 28.539372"," 28.220670"," 28.103839"," 30.328961"," 29.790942"," 30.239766","0.00125136601803011","0.0355715034552674"
"16","sp|P11142|HSP7C_HUMAN;sp|P34931|HS71L_HUMAN"," 22.067272"," 21.548380"," 22.129279"," 19.198794"," 19.774983"," 18.979521","0.00127892898471954","0.0355715034552674"
"17","sp|P05546|HEP2_HUMAN"," 30.636740"," 30.932110"," 30.624099"," 29.427395"," 28.944650"," 29.164333","0.00128444720579493","0.0355715034552674"
"18","sp|P01609|KV117_HUMAN"," 28.527822"," 28.206669"," 28.074375"," 30.279373"," 29.737540"," 30.186972","0.00135039595509808","0.0355715034552674"
"19","sp|P01597|KV105_HUMAN"," 28.519383"," 28.201788"," 28.074802"," 30.259198"," 29.723863"," 30.175991","0.00135374595789656","0.0355715034552674"
"20","sp|P01606|KV114_HUMAN"," 28.519383"," 28.201788"," 28.074802"," 30.259198"," 29.723863"," 30.175991","0.00135374595789656","0.0355715034552674"
"21","sp|P01599|KV107_HUMAN;sp|P01610|KV118_HUMAN"," 28.519383"," 28.201788"," 28.074802"," 30.259198"," 29.723863"," 30.175991","0.00135374595789656","0.0355715034552674"
"22","sp|P01608|KV116_HUMAN"," 28.523725"," 28.201589"," 28.074694"," 30.259267"," 29.723928"," 30.186385","0.00138543713316003","0.0355715034552674"
"23","sp|P01033|TIMP1_HUMAN"," 29.798347"," 29.613905"," 29.820778"," 30.582715"," 30.460940"," 30.462164","0.0014228601382107","0.0355715034552674"
"24","sp|P22891|PROZ_HUMAN"," 23.995662"," 23.901669"," 23.924466"," 22.401111"," 22.652972"," 22.381390","0.00167204703639798","0.0389276660581221"
"25","sp|Q12913|PTPRJ_HUMAN"," 21.979083"," 21.814550"," 22.129552"," 23.067275"," 22.943047"," 22.755246","0.00180080368468376","0.0389276660581221"
"26","sp|P35858|ALS_HUMAN"," 28.035664"," 28.526702"," 28.736498"," 26.166356"," 26.501483"," 26.074854","0.00188682946029542","0.0389276660581221"
"27","sp|P15169|CBPN_HUMAN"," 27.362327"," 27.281546"," 27.603737"," 26.463460"," 26.327908"," 26.563206","0.00192988013596379","0.0389276660581221"
"28","sp|P07333|CSF1R_HUMAN"," 26.288557"," 26.402935"," 26.660131"," 27.412592"," 27.803538"," 27.536224","0.00208053359659628","0.0389276660581221"
"29","sp|O14786|NRP1_HUMAN"," 23.591808"," 23.750731"," 23.418981"," 24.333650"," 24.585567"," 24.535497","0.00222175674868409","0.0389276660581221"
"30","sp|Q96PD5|PGRP2_HUMAN"," 29.958040"," 30.234479"," 29.921024"," 29.092454"," 28.929629"," 28.927997","0.00223275101671261","0.0389276660581221"
"31","sp|P01768|HV307_HUMAN"," 21.554755"," 20.311463"," 20.614662"," 24.648338"," 23.760347"," 24.584862","0.00225845808506046","0.0389276660581221"
"32","sp|P27169|PON1_HUMAN"," 29.737740"," 29.701137"," 29.282697"," 28.442460"," 28.161249"," 28.000880","0.00226422480836795","0.0389276660581221"
"33","sp|P01714|LV301_HUMAN"," 24.344920"," 24.418161"," 24.307720"," 26.903925"," 26.440817"," 26.597211","0.00229466715930607","0.0389276660581221"
"34","sp|Q14520|HABP2_HUMAN"," 28.766644"," 28.528537"," 28.416594"," 27.730643"," 27.602063"," 27.470739","0.00230180981908896","0.0389276660581221"
"35","sp|P02743|SAMP_HUMAN"," 29.083959"," 29.092812"," 28.739352"," 27.765302"," 27.606330"," 27.590832","0.0024087390541141","0.0395721416033031"
"36","sp|P01023|A2MG_HUMAN"," 35.392753"," 35.055619"," 35.541861"," 36.524261"," 36.620594"," 36.854860","0.00252911962001149","0.0403956605974057"
"37","sp|Q96IY4|CBPB2_HUMAN"," 26.641268"," 27.036534"," 26.803366"," 25.623070"," 25.970029"," 25.574218","0.00292167598823364","0.0431105511850458"
"38","sp|P02774|VTDB_HUMAN"," 34.045559"," 33.946158"," 33.806003"," 33.194837"," 33.325306"," 33.240980","0.00292372940771117","0.0431105511850458"
"39","sp|P08107|HSP71_HUMAN;sp|P17066|HSP76_HUMAN"," 22.033403"," 21.445145"," 20.780829"," 18.874677"," 17.956088"," 17.993702","0.00292401999342049","0.0431105511850458"
"40","sp|P06889|LV405_HUMAN"," 24.361374"," 24.355686"," 23.530873"," 26.887185"," 26.292658"," 26.389116","0.00305272890724797","0.0438829780416896"
"41","sp|O95445|APOM_HUMAN"," 28.696540"," 28.238390"," 28.394060"," 26.733089"," 26.006644"," 26.056738","0.00317720948486578","0.0439070306997745"
"42","sp|Q9UK55|ZPI_HUMAN"," 26.259245"," 26.501362"," 25.956129"," 24.933754"," 24.659157"," 25.130014","0.00331478144843731","0.0439070306997745"
"43","sp|P00739|HPTR_HUMAN"," 25.677805"," 26.361826"," 26.239861"," 23.365590"," 23.607661"," 23.476693","0.00332366421548452","0.0439070306997745"
"44","sp|P07900|HS90A_HUMAN;sp|Q92538|GBF1_HUMAN;sp|Q14568|HS902_HUMAN;sp|Q58FF8|H90B2_HUMAN;sp|Q58FG1|HS904_HUMAN"," 23.979515"," 24.770155"," 24.845539"," 22.048088"," 21.860004"," 22.460973","0.00337908420250091","0.0439070306997745"
"45","sp|P01619|KV301_HUMAN"," 22.910692"," 22.492024"," 22.204085"," 24.756036"," 24.109189"," 24.156008","0.00349790107404827","0.0439070306997745"
"46","sp|P06331|HV209_HUMAN;sp|P01825|HV207_HUMAN"," 26.070891"," 25.306493"," 25.782002"," 28.131327"," 27.347164"," 28.111813","0.00351256245598196","0.0439070306997745"
"47","sp|P80419|HV322_HUMAN"," 13.535833"," 12.121000"," 13.323789"," 17.001852"," 16.176641"," 17.855905","0.00368827723112238","0.0448225083298648"
"48","sp|P60900|PSA6_HUMAN"," 20.244375"," 20.695417"," 20.058396"," 17.455769"," 17.477606"," 17.400762","0.00383189643685519","0.0448225083298648"
"49","sp|P04206|KV307_HUMAN;sp|P18135|KV312_HUMAN;sp|P18136|KV313_HUMAN"," 26.480750"," 27.024878"," 26.541696"," 28.348966"," 27.800561"," 28.181591","0.00383966490270038","0.0448225083298648"
"50","sp|Q99784|NOE1_HUMAN"," 23.090472"," 22.739078"," 22.962272"," 23.972091"," 24.125876"," 23.698673","0.00389760941998825","0.0448225083298648"
"51","sp|CO5_HUMAN|;Int_P01031ups|CO5_HUMAN_UPS"," 28.533925"," 28.766804"," 28.564339"," 27.887915"," 27.637328"," 27.494042","0.00406040081475764","0.0451429765887477"
"52","sp|P01769|HV308_HUMAN"," 21.920314"," 20.609933"," 21.068622"," 24.130362"," 24.322655"," 24.886511","0.00408249527411284","0.0451429765887477"
"53","sp|P01613|KV121_HUMAN"," 24.741592"," 24.320921"," 24.985782"," 27.199729"," 26.326388"," 26.557159","0.00451638676772925","0.0486862155802842"
"54","sp|P01834|IGKC_HUMAN"," 31.631181"," 31.457929"," 31.823549"," 34.273317"," 33.717061"," 34.618308","0.00469233675829982","0.0486862155802842"
"55","sp|P0C0L5|CO4B_HUMAN"," 31.204561"," 31.466319"," 31.722363"," 30.086903"," 30.234694"," 30.377702","0.00473072778467919","0.0486862155802842"
"56","sp|P20742|PZP_HUMAN"," 27.329518"," 27.837566"," 28.559873"," 25.293304"," 25.267769"," 24.629952","0.00474161403912333","0.0486862155802842"
"57","sp|P29622|KAIN_HUMAN"," 28.793502"," 29.205675"," 29.210226"," 28.006091"," 28.083476"," 27.808147","0.00484152694725262","0.0488399648187764"
"58","sp|P0DJI8|SAA1_HUMAN"," 28.932769"," 28.062770"," 27.091476"," 24.792668"," 24.081392"," 23.328804","0.00502100160435612","0.0497771710776685"
"59","sp|P36955|PEDF_HUMAN"," 30.710851"," 30.584255"," 30.657390"," 31.260295"," 31.500195"," 31.261203","0.00542158076705833","0.0514403460946489"
"60","sp|Q9NPH3|IL1AP_HUMAN"," 23.386781"," 23.573216"," 23.095777"," 22.050511"," 21.942448"," 22.126067","0.00543058659444046","0.0514403460946489"
"61","sp|Q03167|TGBR3_HUMAN"," 21.447481"," 21.034494"," 20.871096"," 22.332940"," 22.832078"," 23.101741","0.00545714975960623","0.0514403460946489"
"62","sp|P80748|LV302_HUMAN"," 26.862904"," 27.197011"," 26.214472"," 28.992391"," 28.764784"," 29.305338","0.00570774599372724","0.0523769316472337"
"63","sp|P16930|FAAA_HUMAN"," 21.850086"," 21.529207"," 21.760238"," 22.886087"," 22.882954"," 22.841281","0.00584710554473593","0.0523769316472337"
"64","sp|P23142|FBLN1_HUMAN"," 28.510452"," 28.612358"," 28.421817"," 29.355041"," 29.038797"," 29.262624","0.0059636934617399","0.0523769316472337"
"65","sp|P00734|THRB_HUMAN"," 32.902254"," 32.997086"," 32.809394"," 31.947731"," 32.294905"," 32.135201","0.00597129082764641","0.0523769316472337"
"66","sp|P03952|KLKB1_HUMAN;sp|P20718|GRAH_HUMAN"," 29.559961"," 30.094580"," 30.173096"," 28.570258"," 28.295332"," 28.683141","0.00606804778577244","0.0523769316472337"
"67","sp|P18428|LBP_HUMAN"," 28.949768"," 28.833961"," 28.472990"," 26.973524"," 27.657992"," 27.396898","0.00610305116585158","0.0523769316472337"
"68","sp|P10643|CO7_HUMAN"," 31.941597"," 31.894529"," 31.788098"," 33.616084"," 33.273662"," 33.111601","0.00629598627811893","0.0529376615032672"
"69","sp|P18669|PGAM1_HUMAN;sp|Q8N0Y7|PGAM4_HUMAN"," 23.386125"," 22.701478"," 22.117945"," 19.916216"," 19.120678"," 20.519562","0.00635251938039206","0.0529376615032672"
"70","sp|Q12805|FBLN3_HUMAN"," 28.867438"," 28.758430"," 29.144929"," 29.902556"," 29.562305"," 29.960214","0.00649807840069204","0.053288018024285"
"71","sp|P31949|S10AB_HUMAN"," 20.636186"," 20.669406"," 21.069457"," 17.883207"," 18.072369"," 18.890337","0.00657991179082476","0.053288018024285"
"72","sp|P01772|HV311_HUMAN"," 23.662119"," 23.299066"," 23.311994"," 26.089287"," 25.621776"," 26.700565","0.00675686581961667","0.053672601055618"
"73","sp|Q92626|PXDN_HUMAN"," 21.423882"," 20.606681"," 20.487386"," 18.074533"," 19.187482"," 18.491926","0.00694012989864408","0.053672601055618"
"74","sp|P80108|PHLD_HUMAN"," 26.261777"," 26.146829"," 26.085046"," 24.733517"," 24.975092"," 25.211896","0.00699265130335169","0.053672601055618"
"75","sp|Q86VB7|C163A_HUMAN"," 26.631478"," 26.741634"," 27.402501"," 28.300092"," 28.728806"," 28.775222","0.00700077405073279","0.053672601055618"
"76","sp|P13671|CO6_HUMAN"," 29.935809"," 30.082649"," 29.604739"," 29.082412"," 28.909889"," 28.747693","0.007100832045042","0.0537234003407783"
"77","sp|P04083|ANXA1_HUMAN"," 17.677236"," 19.075120"," 19.135222"," 15.155241"," 15.101289"," 16.094266","0.00758447647161396","0.0566373243010134"
"78","sp|P01700|LV102_HUMAN;sp|P04208|LV106_HUMAN"," 24.885293"," 24.691238"," 25.179448"," 26.918172"," 26.511794"," 27.491463","0.00797230968964892","0.0587702316865145"
"79","Int_P06396ups|GELS_HUMAN_UPS"," 30.585297"," 30.659839"," 30.815448"," 31.370220"," 31.326872"," 31.325042","0.00821387565484523","0.0597845379941267"
"80","sp|P04217|A1BG_HUMAN"," 33.696495"," 33.750799"," 33.472721"," 32.963859"," 33.115860"," 33.060410","0.00841096264600592","0.0604537940181675"
"81","sp|Q01995|TAGL_HUMAN"," 19.323523"," 17.932860"," 17.713359"," 20.827014"," 21.967148"," 21.679237","0.00918426027673656","0.0651969093718954"
"82","sp|P07358|CO8B_HUMAN"," 30.226009"," 30.307312"," 29.840978"," 29.051051"," 29.176107"," 28.978838","0.00974623550653637","0.0683425050763221"
"83","sp|P02748|CO9_HUMAN"," 31.983457"," 31.855270"," 31.855534"," 30.798031"," 31.013160"," 31.206822","0.0100257793734","0.0684004740203982"
"84","sp|Q6UVK1|CSPG4_HUMAN"," 20.571580"," 19.965355"," 19.946175"," 18.569465"," 18.359700"," 19.155841","0.0100892894442344","0.0684004740203982"
"85","sp|O43866|CD5L_HUMAN"," 27.210086"," 27.319183"," 26.791969"," 28.747300"," 29.807062"," 29.735122","0.0101113744204067","0.0684004740203982"
"86","sp|P01591|IGJ_HUMAN"," 28.009668"," 26.859861"," 27.461894"," 29.787604"," 29.542973"," 30.026014","0.0102969648557634","0.0688459859542323"
"87","sp|P11226|MBL2_HUMAN"," 23.518163"," 24.235345"," 23.563612"," 24.899684"," 25.342865"," 25.324743","0.0105206203077305","0.0695328353671841"
"88","sp|P05543|THBG_HUMAN"," 29.300471"," 29.360012"," 28.871019"," 28.464685"," 28.237431"," 27.953453","0.0109520587085178","0.0709929721247798"
"89","sp|TRFE_HUMAN|"," 31.052047"," 32.513873"," 32.733243"," 28.793591"," 28.350025"," 28.068267","0.0109884774245311","0.0709929721247798"
"90","sp|P04746|AMYP_HUMAN"," 14.149278"," 14.294835"," 15.142191"," 16.916157"," 18.226315"," 16.740544","0.0113467080110692","0.0723793841893498"
"91","sp|P01766|HV305_HUMAN"," 26.456193"," 26.295100"," 26.433036"," 28.158207"," 27.522478"," 27.979493","0.0114548242804014","0.0723793841893498"
"92","sp|P14207|FOLR2_HUMAN"," 21.670146"," 21.540938"," 20.986103"," 23.129521"," 22.335062"," 22.916937","0.0120749293268821","0.0754683082930131"
"93","sp|Q9Y5Y7|LYVE1_HUMAN"," 25.105996"," 25.440287"," 25.419502"," 26.561256"," 25.995434"," 26.233585","0.0123650738769024","0.0764507255829986"
"94","sp|P98088|MUC5A_HUMAN;sp|Q9HC84|MUC5B_HUMAN"," 23.956606"," 24.036862"," 25.087071"," 20.019861"," 21.898280"," 19.973526","0.0125223425446161","0.0765994357782369"
"95","sp|P24592|IBP6_HUMAN"," 24.151382"," 24.150926"," 25.028352"," 26.249097"," 26.355974"," 25.789753","0.0129087353236035","0.078131819063916"
"96","sp|P01743|HV102_HUMAN"," 24.882707"," 24.037379"," 24.341956"," 26.493006"," 25.524684"," 26.028004","0.0133437709375948","0.0794722964215445"
"97","sp|P00748|FA12_HUMAN"," 29.738365"," 29.394136"," 29.341157"," 28.798627"," 28.843356"," 28.391411","0.0134529427428763","0.0794722964215445"
"98","sp|P05062|ALDOB_HUMAN"," 20.307341"," 20.684018"," 20.884629"," 21.809709"," 21.916195"," 21.941289","0.013643294491718","0.0794722964215445"
"99","sp|P23083|HV103_HUMAN"," 25.010217"," 25.194964"," 25.625494"," 26.584781"," 26.077192"," 26.819716","0.0138877550896972","0.0794722964215445"
"100","sp|O43707|ACTN4_HUMAN;sp|Q9H254|SPTN4_HUMAN"," 19.777040"," 22.255190"," 21.264454"," 16.837882"," 16.511989"," 18.066099","0.0141270336661779","0.0794722964215445"
"101","sp|P02652|APOA2_HUMAN"," 33.276835"," 33.021821"," 32.944886"," 32.510025"," 32.273796"," 31.990956","0.0141524660681979","0.0794722964215445"
"102","sp|P01701|LV103_HUMAN;sp|P06888|LV109_HUMAN;sp|P01702|LV104_HUMAN"," 25.615293"," 24.899028"," 24.389677"," 27.775990"," 26.968357"," 26.524021","0.0142262090915159","0.0794722964215445"
"103","sp|P05156|CFAI_HUMAN"," 30.643408"," 30.855470"," 30.538514"," 30.065052"," 30.314184"," 30.125151","0.0142505514738242","0.0794722964215445"
"104","sp|P15085|CBPA1_HUMAN"," 18.602240"," 16.788022"," 18.199825"," 20.353761"," 22.712172"," 22.207995","0.0144423310271382","0.0794722964215445"
"105","sp|Q15582|BGH3_HUMAN"," 27.955973"," 28.172435"," 27.827211"," 26.692851"," 27.309471"," 26.924648","0.0145982807664595","0.0794722964215445"
"106","sp|P07357|CO8A_HUMAN"," 29.721999"," 29.686894"," 29.315719"," 28.937951"," 28.920843"," 28.514112","0.0146505450794499","0.0794722964215445"
"107","sp|P12111|CO6A3_HUMAN"," 28.651307"," 28.697012"," 28.921583"," 28.136555"," 28.432467"," 28.232909","0.0154805065502884","0.0831896380038861"
"108","sp|B2MG_HUMAN|"," 30.058645"," 29.055089"," 29.229186"," 30.839855"," 31.502098"," 30.925592","0.0156792839659525","0.0834776692631731"
"109","sp|P02749|APOH_HUMAN"," 32.817337"," 33.138548"," 33.306650"," 32.223516"," 32.113750"," 32.305215","0.0160314704285181","0.0845696834531916"
"110","sp|P02746|C1QB_HUMAN"," 29.132853"," 28.919758"," 29.458683"," 30.169840"," 30.281958"," 30.123096","0.0162622061897447","0.085006986900938"
"111","sp|P01877|IGHA2_HUMAN"," 29.767025"," 28.757187"," 29.836968"," 31.652350"," 30.792075"," 31.345880","0.0166018053429162","0.0860003429925839"
"112","sp|Q9UBR2|CATZ_HUMAN"," 22.189573"," 21.459647"," 21.314669"," 22.668515"," 23.099962"," 23.374147","0.0171294045090248","0.0879411392204398"
"113","sp|P00738|HPT_HUMAN"," 34.111053"," 34.793404"," 34.023067"," 31.186566"," 32.712917"," 31.483398","0.0173208000032292","0.0879573840215028"
"114","sp|P10451|OSTP_HUMAN"," 26.650779"," 25.777977"," 25.682363"," 24.151709"," 24.394124"," 24.020665","0.0176600476368952","0.0879573840215028"
"115","sp|P15259|PGAM2_HUMAN"," 23.296265"," 22.323999"," 21.679309"," 19.987244"," 18.597111"," 20.345386","0.0176918219602493","0.0879573840215028"
"116","sp|P04196|HRG_HUMAN"," 32.103950"," 32.336951"," 31.768527"," 31.117066"," 31.370098"," 31.102194","0.0179773903744443","0.0879573840215028"
"117","sp|P36980|FHR2_HUMAN"," 26.853578"," 26.669510"," 26.354555"," 25.725774"," 25.792035"," 25.121159","0.0180368617769617","0.0879573840215028"
"118","sp|P01621|KV303_HUMAN;sp|P18135|KV312_HUMAN"," 24.151777"," 23.767974"," 22.991097"," 26.014434"," 25.724939"," 25.799805","0.0180503848948475","0.0879573840215028"
"119","sp|P01860|IGHG3_HUMAN"," 30.124393"," 30.544536"," 30.055523"," 32.637050"," 31.549599"," 31.832338","0.01842525620198","0.0883408448170886"
"120","sp|Q14393|GAS6_HUMAN"," 17.893281"," 19.307371"," 18.278746"," 20.943925"," 20.859562"," 20.177859","0.0184919777196475","0.0883408448170886"
"121","sp|P01781|HV320_HUMAN"," 24.870672"," 25.298750"," 24.699851"," 26.576611"," 25.840320"," 25.935079","0.0185899864745526","0.0883408448170886"
"122","sp|P01598|KV106_HUMAN"," 23.322247"," 22.527222"," 21.575155"," 25.592124"," 24.689702"," 25.076580","0.0187525036497582","0.0883827016279589"
"123","sp|P22352|GPX3_HUMAN"," 27.789136"," 27.866140"," 27.906976"," 28.731998"," 28.583333"," 29.081858","0.0191802558778724","0.0896637978030618"
"124","sp|Q12866|MERTK_HUMAN"," 20.332839"," 20.905735"," 21.353580"," 22.043283"," 22.626502"," 22.370353","0.0197872253306804","0.0917552787511391"
"125","sp|Q15063|POSTN_HUMAN"," 29.432691"," 29.630678"," 29.540358"," 26.976579"," 28.057635"," 27.268339","0.0201717727949741","0.0927901548568811"
"126","sp|P0DJI9|SAA2_HUMAN"," 25.325510"," 23.698375"," 25.026843"," 21.404461"," 21.506522"," 21.714922","0.0215031230070508","0.0969861908821246"
"127","sp|P04003|C4BPA_HUMAN"," 31.538702"," 31.614622"," 31.958379"," 31.033483"," 30.762495"," 31.239016","0.0216868302656521","0.0969861908821246"
"128","sp|P55285|CADH6_HUMAN"," 17.547790"," 19.323257"," 18.034045"," 20.344760"," 21.775846"," 20.507253","0.0218285104813716","0.0969861908821246"
"129","sp|P07998|RNAS1_HUMAN"," 25.547782"," 24.950821"," 25.889579"," 26.887326"," 27.160699"," 26.857772","0.0218722733027553","0.0969861908821246"
"130","sp|Q96KN2|CNDP1_HUMAN"," 23.345566"," 23.989800"," 23.584863"," 20.975037"," 22.232787"," 21.966757","0.021927312721176","0.0969861908821246"
"131","sp|O75636|FCN3_HUMAN"," 21.710452"," 21.939452"," 22.196692"," 21.115547"," 21.433130"," 20.839044","0.0223739421236206","0.0982062345120753"
"132","sp|P49747|COMP_HUMAN"," 28.040277"," 27.541046"," 27.021172"," 26.351935"," 25.747399"," 26.417692","0.023576130283875","0.10248768398126"
"133","sp|P07478|TRY2_HUMAN;sp|Q8NHM4|TRY6_HUMAN"," 22.792511"," 22.880189"," 21.940984"," 24.286969"," 26.263620"," 25.228150","0.0239159425955042","0.10248768398126"
"134","sp|PRDX1_HUMAN|"," 20.917816"," 21.788385"," 22.385933"," 19.331093"," 19.195704"," 19.647710","0.0241101876768659","0.10248768398126"
"135","sp|P05452|TETN_HUMAN"," 27.626671"," 28.084210"," 28.209455"," 29.002246"," 28.624920"," 28.740841","0.0242177545710903","0.10248768398126"
"136","sp|P41222|PTGDS_HUMAN"," 28.518730"," 28.124891"," 28.993585"," 29.803904"," 29.982755"," 29.611943","0.0242405652546981","0.10248768398126"
"137","sp|P20023|CR2_HUMAN"," 18.135891"," 17.072025"," 17.935673"," 19.523330"," 19.753945"," 18.692676","0.0247387634699105","0.103561248584689"
"138","sp|P19823|ITIH2_HUMAN"," 32.495036"," 32.422526"," 32.411067"," 32.002670"," 31.845173"," 31.623987","0.0248546996603253","0.103561248584689"
"139","sp|P04075|ALDOA_HUMAN"," 22.038449"," 23.206325"," 23.343900"," 20.425516"," 21.162819"," 21.375634","0.0251189554141134","0.103637074649186"
"140","sp|P20908|CO5A1_HUMAN"," 26.671893"," 26.806407"," 26.050732"," 25.032608"," 25.752392"," 25.455145","0.0252333746971931","0.103637074649186"
"141","sp|P04275|VWF_HUMAN"," 27.913079"," 28.209308"," 28.221586"," 27.796335"," 27.575414"," 27.611320","0.0256194192406059","0.104476355059209"
"142","sp|P00558|PGK1_HUMAN;sp|P07205|PGK2_HUMAN"," 22.800018"," 24.196909"," 24.775579"," 20.389044"," 21.021040"," 22.170918","0.0259250285763297","0.104510044896446"
"143","sp|Q14126|DSG2_HUMAN"," 21.939830"," 21.869016"," 21.407472"," 22.384925"," 22.682159"," 22.434373","0.0262093831402924","0.104510044896446"
"144","sp|P04406|G3P_HUMAN"," 23.849673"," 25.342478"," 25.172527"," 22.446128"," 22.274049"," 23.029027","0.0264204738440596","0.104510044896446"
"145","Int_P01008ups|ANT3_HUMAN_UPS"," 31.903356"," 32.068127"," 31.768896"," 30.646409"," 31.329715"," 30.890671","0.026562667622171","0.104510044896446"
"146","sp|Q9NZK5|CECR1_HUMAN"," 20.323308"," 18.887510"," 19.405072"," 21.537213"," 22.224119"," 20.832737","0.0266253008624856","0.104510044896446"
"147","sp|Q99715|COCA1_HUMAN"," 25.463643"," 23.901368"," 24.532884"," 22.100838"," 23.170910"," 22.606903","0.0269250698905062","0.104510044896446"
"148","sp|P01871|IGHM_HUMAN"," 30.445856"," 30.295044"," 30.571225"," 32.022542"," 32.526108"," 33.386389","0.02712971091641","0.104510044896446"
"149","sp|P26927|HGFL_HUMAN"," 25.859352"," 26.503554"," 25.630908"," 24.958657"," 25.096644"," 24.486857","0.0272807076994828","0.104510044896446"
"150","sp|P30101|PDIA3_HUMAN"," 18.636926"," 19.448253"," 19.761139"," 13.770879"," 14.873143"," 16.713404","0.0274452005964979","0.104510044896446"
"151","sp|P05997|CO5A2_HUMAN"," 23.425664"," 23.774445"," 22.710783"," 21.435438"," 22.364906"," 21.869867","0.0275776492397856","0.104510044896446"
"152","sp|Q9HDC9|APMAP_HUMAN"," 23.794024"," 22.934589"," 22.680763"," 21.543824"," 21.211353"," 21.413216","0.0276270031726256","0.104510044896446"
"153","sp|P01019|ANGT_HUMAN"," 31.417945"," 31.857815"," 31.576707"," 30.794783"," 31.228336"," 31.016276","0.0281369533802329","0.105743452245973"
"154","sp|Q04756|HGFA_HUMAN"," 26.152133"," 26.687860"," 26.629228"," 24.933671"," 25.828521"," 25.331486","0.0283739987968914","0.105811574237523"
"155","sp|Q06323|PSME1_HUMAN"," 17.019155"," 18.009811"," 18.938113"," 14.158367"," 15.170059"," 16.283238","0.0285231200118541","0.105811574237523"
"156","sp|Q96SM3|CPXM1_HUMAN"," 19.979995"," 21.141781"," 20.704923"," 18.516456"," 19.314255"," 19.459667","0.0288071426315799","0.106094626552343"
"157","sp|Q14624|ITIH4_HUMAN"," 32.732313"," 32.719315"," 32.570913"," 31.904923"," 32.287924"," 32.212476","0.0289684458586398","0.106094626552343"
"158","sp|Q16270|IBP7_HUMAN"," 25.579602"," 25.290190"," 25.930476"," 26.175913"," 26.614694"," 26.372344","0.0301176181524623","0.109605255934594"
"159","sp|Q9UHG2|PCSK1_HUMAN"," 13.055512"," 10.294070"," 11.423843"," 15.446629"," 16.035012"," 15.805667","0.0303843964484226","0.109880678980145"
"160","sp|P07360|CO8G_HUMAN"," 29.532611"," 29.998011"," 29.649652"," 29.006433"," 29.300768"," 29.114127","0.0317078178912049","0.113949970546518"
"161","sp|P10645|CMGA_HUMAN"," 21.047307"," 18.614856"," 19.593664"," 24.511909"," 22.285690"," 22.315920","0.0324233825427382","0.11461502921024"
"162","sp|P02747|C1QC_HUMAN"," 30.139795"," 30.095825"," 30.771331"," 31.484694"," 31.131212"," 31.175844","0.0327344415431997","0.11461502921024"
"163","sp|P17813|EGLN_HUMAN"," 20.895939"," 20.939251"," 20.513186"," 21.501845"," 21.360276"," 21.372474","0.0328686990452928","0.11461502921024"
"164","sp|O95479|G6PE_HUMAN"," 23.265624"," 22.323778"," 21.566463"," 19.957798"," 20.742767"," 18.595716","0.0328695376121442","0.11461502921024"
"165","sp|Q9BYE9|CDHR2_HUMAN"," 19.064541"," 17.667116"," 16.687643"," 21.476725"," 20.952390"," 21.285797","0.0329626509713659","0.11461502921024"
"166","sp|P19971|TYPH_HUMAN"," 18.754436"," 20.733828"," 20.377490"," 16.765232"," 17.447475"," 17.558855","0.0332275573295462","0.11461502921024"
"167","sp|P04004|VTNC_HUMAN"," 31.829356"," 32.077028"," 31.591680"," 31.031745"," 31.375475"," 31.343108","0.0332881910923652","0.11461502921024"
"168","sp|Q9NS71|GKN1_HUMAN"," 18.697101"," 18.562703"," 17.139770"," 20.319431"," 20.614747"," 19.651277","0.0335624868628113","0.114871606822122"
"169","sp|Q92820|GGH_HUMAN"," 24.596459"," 24.390069"," 23.055407"," 21.543726"," 21.980753"," 21.646190","0.0341442042748922","0.116130766852784"
"170","sp|P83593|KV405_HUMAN;sp|P06312|KV401_HUMAN"," 21.519406"," 21.985274"," 21.346891"," 24.276590"," 23.096217"," 24.994744","0.0343343136782144","0.116130766852784"
"171","sp|P04066|FUCO_HUMAN"," 18.236536"," 18.124956"," 17.799540"," 20.303081"," 19.078932"," 19.544672","0.0345578617306121","0.116203336228666"
"172","sp|P20774|MIME_HUMAN"," 23.764992"," 23.163769"," 23.841254"," 24.626188"," 24.576878"," 24.163774","0.0349036800983644","0.116683814282323"
"173","sp|P07942|LAMB1_HUMAN"," 23.029590"," 23.185481"," 23.938114"," 24.563955"," 24.827797"," 24.534692","0.0356398677732278","0.118456207916798"
"174","sp|P33151|CADH5_HUMAN"," 25.144969"," 25.230762"," 24.819139"," 25.499293"," 25.536842"," 25.693436","0.0375622619296736","0.124128164422772"
"175","sp|P08697|A2AP_HUMAN"," 31.023525"," 31.538182"," 30.669132"," 29.839347"," 30.131805"," 29.977369","0.0382436787190139","0.124956782280136"
"176","sp|Q9BQE3|TBA1C_HUMAN"," 17.931810"," 17.907043"," 18.233642"," 13.409337"," 15.819472"," 14.796593","0.0382476411848765","0.124956782280136"
"177","sp|P19801|AOC1_HUMAN"," 20.036481"," 18.991564"," 21.486811"," 17.937951"," 17.614924"," 15.573025","0.039061759019636","0.1268955448378"
"178","sp|Q9BUD6|SPON2_HUMAN"," 22.862890"," 22.874140"," 23.486030"," 22.284555"," 21.843572"," 22.519757","0.0398622286662625","0.128649363345659"
"179","sp|P00746|CFAD_HUMAN"," 27.641097"," 27.373062"," 28.642596"," 29.612489"," 29.613717"," 29.115681","0.0401864503040854","0.128649363345659"
"180","sp|P22692|IBP4_HUMAN"," 24.636803"," 24.495455"," 25.537784"," 26.433542"," 26.485403"," 26.458280","0.0404087666862318","0.128649363345659"
"181","sp|P27918|PROP_HUMAN"," 25.817667"," 26.007960"," 26.846932"," 27.559243"," 27.779281"," 27.523015","0.0406200215072875","0.128649363345659"
"182","sp|P01009|A1AT_HUMAN"," 36.425997"," 35.980884"," 35.702234"," 31.000169"," 32.926686"," 33.681566","0.0407203202241911","0.128649363345659"
"183","sp|P05362|ICAM1_HUMAN"," 24.549074"," 24.404195"," 24.200687"," 25.304562"," 26.582536"," 26.142600","0.0414116414433154","0.129264678220571"
"184","sp|P22897|MRC1_HUMAN"," 24.605350"," 24.993360"," 25.211545"," 25.763013"," 25.770297"," 25.654046","0.0414549715300534","0.129264678220571"
"185","sp|P05155|IC1_HUMAN"," 33.499364"," 33.551268"," 33.321918"," 33.663460"," 34.016461"," 33.853488","0.0415895051666185","0.129264678220571"
"186","sp|P50895|BCAM_HUMAN"," 19.357274"," 20.374822"," 18.413957"," 16.541774"," 17.295647"," 17.900973","0.0423489613040125","0.130658366129163"
"187","sp|Q9BXR6|FHR5_HUMAN"," 23.603727"," 23.675037"," 23.399956"," 20.485076"," 22.021336"," 20.075211","0.042615317757773","0.130658366129163"
"188","sp|P00491|PNPH_HUMAN"," 13.856393"," 16.544094"," 18.384519"," 10.099651"," 12.488321","  6.555252","0.0427196049257089","0.130658366129163"
"189","sp|P43251|BTD_HUMAN"," 26.244962"," 26.844217"," 26.376458"," 25.796329"," 25.779968"," 25.622165","0.0434449274405363","0.131568303523402"
"190","sp|P01042|KNG1_HUMAN"," 32.683899"," 33.031071"," 33.062928"," 32.377292"," 32.402407"," 32.638494","0.0434747437729502","0.131568303523402"
"191","sp|Q9Y279|VSIG4_HUMAN"," 25.501819"," 26.061993"," 25.963185"," 26.302305"," 26.803586"," 27.140468","0.0441125402976126","0.132638330966429"
"192","sp|P10721|KIT_HUMAN"," 17.515864"," 18.542220"," 17.700917"," 15.691423"," 14.736521"," 16.762911","0.0444185140186472","0.132638330966429"
"193","sp|Q16663|CCL15_HUMAN"," 13.020306","  7.738022"," 13.414681"," 17.562680"," 19.480725"," 19.325081","0.0445203441330798","0.132638330966429"
"194","sp|P04070|PROC_HUMAN"," 22.757926"," 22.700777"," 21.720516"," 21.384907"," 21.358831"," 20.398524","0.0451947121860345","0.133953399520463"
"195","sp|Q13822|ENPP2_HUMAN"," 24.775748"," 24.262925"," 24.135550"," 25.268751"," 25.086697"," 25.218956","0.0463593440232186","0.136700629812055"
"196","sp|Q13308|PTK7_HUMAN"," 21.278043"," 21.848813"," 21.469470"," 20.622371"," 20.887800"," 19.913022","0.0470189997092735","0.137558104007821"
"197","sp|Q10588|BST1_HUMAN"," 21.178930"," 21.031166"," 20.583264"," 21.326611"," 21.872616"," 22.077292","0.0473654664085141","0.137558104007821"
"198","sp|P06702|S10A9_HUMAN"," 27.780594"," 26.267496"," 27.649273"," 24.061583"," 23.524215"," 25.992614","0.0473678340757367","0.137558104007821"
"199","sp|Q76M96|CCD80_HUMAN"," 20.978090"," 21.232306"," 20.259084"," 18.101051"," 15.214780"," 17.964843","0.0477181091193752","0.137878958510758"
"200","sp|Q15848|ADIPO_HUMAN"," 26.600382"," 26.844838"," 25.639542"," 27.454084"," 27.386298"," 28.317576","0.0480887084568385","0.138255036813411"
"201","sp|P01861|IGHG4_HUMAN"," 20.375316"," 20.513471"," 19.940487"," 21.444560"," 20.749402"," 21.706106","0.0483831010984094","0.138409368813858"
"202","sp|P20851|C4BPB_HUMAN"," 26.627344"," 26.445019"," 26.683490"," 25.996232"," 25.112768"," 25.141877","0.0491803275626019","0.139993506675723"
"203","sp|P40199|CEAM6_HUMAN"," 18.773915"," 17.667654"," 20.441569"," 15.887175"," 14.011492"," 17.034668","0.0504095461912458","0.142785660393923"
"204","sp|P11021|GRP78_HUMAN"," 23.058774"," 24.371825"," 24.042556"," 21.714212"," 22.718300"," 22.716619","0.0509463704324631","0.143598838228756"
"205","sp|P07996|TSP1_HUMAN"," 26.562230"," 26.791399"," 26.376579"," 25.087046"," 25.870772"," 25.896590","0.0513814140657675","0.144118600428372"
"206","sp|P13611|CSPG2_HUMAN"," 26.083359"," 26.150777"," 25.500828"," 24.630153"," 25.138786"," 25.416893","0.052175865921959","0.145389755357393"
"207","sp|P09486|SPRC_HUMAN"," 27.659637"," 27.340765"," 26.709811"," 25.746647"," 26.471624"," 26.456981","0.052589434064347","0.145389755357393"
"208","sp|O00391|QSOX1_HUMAN"," 27.661364"," 27.537286"," 27.732035"," 28.256239"," 27.944953"," 27.903408","0.052593163677109","0.145389755357393"
"209","sp|P26038|MOES_HUMAN;sp|P15311|EZRI_HUMAN;sp|P35241|RADI_HUMAN"," 24.396312"," 25.407823"," 25.351244"," 23.759962"," 23.437618"," 24.397648","0.0530576363125622","0.14597196593169"
"210","sp|P04180|LCAT_HUMAN"," 24.925540"," 24.037154"," 25.197006"," 23.296652"," 23.882286"," 23.343868","0.0539471436976234","0.147487615206509"
"211","sp|P02750|A2GL_HUMAN"," 32.416006"," 32.883094"," 32.365351"," 31.032211"," 31.976057"," 31.737096","0.0542266365670055","0.147487615206509"
"212","sp|P05154|IPSP_HUMAN"," 24.770223"," 25.760423"," 25.272827"," 24.393222"," 24.577252"," 23.804258","0.0543780424761388","0.147487615206509"
"213","sp|P06681|CO2_HUMAN"," 30.334950"," 30.327288"," 29.966375"," 29.970000"," 29.678315"," 29.723013","0.0553269955530002","0.149356912877818"
"214","sp|Q12841|FSTL1_HUMAN"," 28.886258"," 28.318148"," 28.522175"," 28.245872"," 27.753651"," 27.963395","0.0562873139695668","0.151239278189257"
"215","sp|P02654|APOC1_HUMAN"," 30.328742"," 29.917993"," 29.051911"," 28.312679"," 28.273730"," 28.743492","0.0568248131388216","0.15197333746429"
"216","sp|P63104|1433Z_HUMAN"," 26.618038"," 26.735348"," 26.795917"," 24.552160"," 25.170291"," 25.889976","0.0571554211681341","0.152149848017024"
"217","sp|P30530|UFO_HUMAN"," 20.632933"," 18.307499"," 19.306671"," 21.741864"," 21.953895"," 22.146954","0.0601100541411943","0.159277793231275"
"218","sp|P17936|IBP3_HUMAN"," 24.478825"," 25.665344"," 25.650965"," 24.277003"," 23.013293"," 24.167198","0.0623970637678052","0.164579411314165"
"219","sp|Q13508|NAR3_HUMAN"," 18.981378"," 17.801186"," 19.526828"," 19.843522"," 21.602834"," 20.418985","0.0633377679137165","0.166297792467521"
"220","sp|P03951|FA11_HUMAN"," 26.182056"," 26.708098"," 27.555565"," 25.599479"," 25.428059"," 25.215569","0.0636409568500789","0.166334319039979"
"221","sp|Q16627|CCL14_HUMAN"," 21.982167"," 22.760801"," 23.212096"," 23.735834"," 24.189228"," 23.479001","0.0645787196838295","0.16802155573847"
"222","sp|P09871|C1S_HUMAN"," 29.246267"," 29.474995"," 29.864494"," 30.237086"," 30.045202"," 30.135341","0.0665466619051247","0.172361849529039"
"223","sp|P0C0L4|CO4A_HUMAN"," 29.925815"," 28.717564"," 29.267046"," 28.043002"," 28.022996"," 28.028036","0.0677605617933731","0.174718937359594"
"224","sp|O95428|PPN_HUMAN"," 17.180436"," 16.584367"," 17.344475"," 18.330910"," 17.595632"," 17.630286","0.0703747574854343","0.178211905630828"
"225","sp|O14498|ISLR_HUMAN"," 25.245299"," 25.149746"," 25.052181"," 24.760749"," 24.437899"," 24.911932","0.0704052038248971","0.178211905630828"
"226","sp|GELS_HUMAN|"," 25.182021"," 25.493023"," 24.448093"," 26.576382"," 25.993891"," 25.622572","0.0704415362268547","0.178211905630828"
"227","sp|P14625|ENPL_HUMAN"," 21.082280"," 20.546456"," 19.639088"," 21.270304"," 21.946615"," 21.956243","0.0706519503009707","0.178211905630828"
"228","sp|P00751|CFAB_HUMAN"," 33.909724"," 33.912942"," 33.439999"," 33.163344"," 33.231131"," 33.223608","0.0706648947544847","0.178211905630828"
"229","sp|P04278|SHBG_HUMAN"," 28.667817"," 29.117632"," 27.794293"," 27.544432"," 27.148826"," 27.133642","0.0714679239188515","0.17945002730716"
"230","sp|P35443|TSP4_HUMAN"," 25.102866"," 24.133178"," 23.806220"," 23.569584"," 22.082291"," 23.092904","0.0718681644612957","0.179670411153239"
"231","sp|P14618|KPYM_HUMAN;sp|P30613|KPYR_HUMAN"," 23.199726"," 23.465836"," 24.960714"," 21.297925"," 22.155687"," 22.900981","0.0722836413168188","0.179697268209905"
"232","sp|Q86VP6|CAND1_HUMAN"," 14.502742"," 17.087910"," 21.308406","  9.954449"," 11.295707"," 13.381684","0.0725039412603442","0.179697268209905"
"233","sp|P11597|CETP_HUMAN"," 22.415529"," 23.487609"," 21.298422"," 20.015459"," 20.593703"," 20.383977","0.0732382739628459","0.180738229736637"
"234","sp|P05451|REG1A_HUMAN"," 23.790889"," 22.465109"," 23.289543"," 23.764956"," 24.634670"," 24.745585","0.0756360551621701","0.185102746288921"
"235","sp|P54289|CA2D1_HUMAN"," 17.465489"," 17.188911"," 17.892377"," 18.755530"," 19.499416"," 18.056978","0.0758987538005076","0.185102746288921"
"236","sp|P01624|KV306_HUMAN"," 20.012320"," 20.711719"," 21.074269"," 21.954802"," 21.085446"," 21.672732","0.0760729924419485","0.185102746288921"
"237","sp|Q07075|AMPE_HUMAN"," 16.431604"," 16.510801"," 16.548459"," 17.881907"," 18.288472"," 17.040784","0.0764266721206435","0.185102746288921"
"238","sp|P19652|A1AG2_HUMAN"," 32.363020"," 32.998666"," 32.476423"," 31.826347"," 32.231657"," 32.030561","0.0766164410726317","0.185102746288921"
"239","sp|P62258|1433E_HUMAN;sp|P27348|1433T_HUMAN;sp|P61981|1433G_HUMAN;sp|Q04917|1433F_HUMAN;sp|P31947|1433S_HUMAN"," 26.407435"," 26.307931"," 26.051391"," 23.774676"," 24.414572"," 25.537947","0.077047351318854","0.185364966562096"
"240","sp|P01031|CO5_HUMAN"," 29.689268"," 29.821188"," 30.037007"," 29.707370"," 29.376014"," 29.285893","0.0774566096114084","0.185573127193999"
"241","sp|Q9BUN1|MENT_HUMAN"," 21.557892"," 21.047976"," 21.452123"," 20.016552"," 20.812802"," 20.839580","0.0784326658237914","0.186726607993435"
"242","sp|P41271|NBL1_HUMAN"," 22.616873"," 21.161099"," 22.216571"," 23.228071"," 23.647335"," 23.052950","0.0785875463207152","0.186726607993435"
"243","sp|P02647|APOA1_HUMAN"," 35.691774"," 35.577267"," 35.748383"," 35.313481"," 35.576057"," 35.253539","0.0796373609419249","0.186894037460055"
"244","sp|P43121|MUC18_HUMAN"," 23.446203"," 23.874046"," 23.630210"," 23.880942"," 24.246347"," 23.984879","0.0796827600822868","0.186894037460055"
"245","sp|P08174|DAF_HUMAN"," 17.317011"," 16.915921"," 18.200173"," 18.146520"," 19.256550"," 18.551636","0.0799108698804299","0.186894037460055"
"246","sp|Q9NR99|MXRA5_HUMAN"," 25.038397"," 24.748869"," 24.445728"," 24.019365"," 24.136049"," 24.498357","0.0801725962387473","0.186894037460055"
"247","sp|P00740|FA9_HUMAN"," 26.093765"," 26.914950"," 25.595269"," 24.821816"," 25.586554"," 24.802839","0.080283177830667","0.186894037460055"
"248","sp|P01859|IGHG2_HUMAN"," 25.006182"," 24.022619"," 24.034795"," 25.292749"," 26.337182"," 27.763564","0.0808744967575997","0.187511434014596"
"249","sp|P28827|PTPRM_HUMAN"," 17.661993"," 16.767064"," 14.240317"," 19.438898"," 19.795520"," 19.241959","0.0823224717109553","0.190102093308431"
"250","sp|P37837|TALDO_HUMAN"," 21.786260"," 22.170018"," 22.743665"," 20.765017"," 20.328836"," 21.807030","0.0828882635239889","0.190483257719045"
"251","sp|Q9HCU0|CD248_HUMAN"," 22.588458"," 22.630805"," 23.302944"," 22.248990"," 22.190054"," 21.996955","0.0831772788896539","0.190483257719045"
"252","sp|P30041|PRDX6_HUMAN","  9.856175"," 18.588570"," 19.333732","  7.268201","-18.372935","-19.757423","0.083481358165564","0.190483257719045"
"253","sp|P01616|KV203_HUMAN"," 19.581894"," 16.282905"," 19.235601"," 22.318437"," 20.335044"," 21.385537","0.0852310931429718","0.193486287099567"
"254","sp|P05109|S10A8_HUMAN"," 28.661720"," 27.176940"," 28.467637"," 24.766947"," 24.303027"," 27.291177","0.0854704642144173","0.193486287099567"
"255","sp|Q9Y6R7|FCGBP_HUMAN"," 28.808457"," 28.921812"," 28.864797"," 29.748219"," 29.669579"," 29.095983","0.0861297014381788","0.194214032654717"
"256","sp|P07195|LDHB_HUMAN;sp|P07864|LDHC_HUMAN;sp|Q9BYZ2|LDH6B_HUMAN"," 26.312231"," 26.474590"," 26.937188"," 25.608865"," 25.929706"," 26.314679","0.0879508231617934","0.197545794211059"
"257","sp|Q92743|HTRA1_HUMAN"," 20.639211"," 19.958504"," 19.153508"," 18.945417"," 18.326258"," 18.870833","0.0901112926132239","0.201610868687174"
"258","sp|P10909|CLUS_HUMAN"," 31.456638"," 31.848344"," 32.041830"," 31.373112"," 31.068230"," 31.462184","0.0913537214538967","0.202588715771449"
"259","sp|P01625|KV402_HUMAN;sp|P06312|KV401_HUMAN"," 25.449697"," 26.198404"," 25.453395"," 26.402084"," 26.104532"," 27.007702","0.0920406765001884","0.202588715771449"
"260","sp|P37802|TAGL2_HUMAN"," 21.904043"," 22.599625"," 22.178702"," 21.946719"," 20.784710"," 20.885821","0.092127586870626","0.202588715771449"
"261","sp|P19320|VCAM1_HUMAN;sp|P49454|CENPF_HUMAN"," 25.668757"," 25.557920"," 26.243128"," 26.606337"," 28.017176"," 26.667112","0.0923812266886036","0.202588715771449"
"262","sp|Q6UY14|ATL4_HUMAN"," 21.003446"," 19.270546"," 20.519520"," 21.315188"," 22.125242"," 21.619591","0.0932581440724351","0.202588715771449"
"263","sp|P00338|LDHA_HUMAN"," 26.214780"," 26.428106"," 26.898904"," 25.587320"," 25.845636"," 26.258985","0.0935183835683077","0.202588715771449"
"264","sp|O00299|CLIC1_HUMAN"," 19.674314"," 21.547138"," 21.553270"," 18.802573"," 18.614832"," 20.103847","0.0937722636703968","0.202588715771449"
"265","sp|P60174|TPIS_HUMAN"," 21.700085"," 23.326120"," 23.760603"," 20.588811"," 21.171064"," 21.893613","0.0939346964548913","0.202588715771449"
"266","sp|Q15166|PON3_HUMAN"," 27.025950"," 26.199922"," 25.742255"," 25.886851"," 24.883413"," 24.886993","0.0940017668870454","0.202588715771449"
"267","sp|O75874|IDHC_HUMAN"," 19.534917"," 19.302715"," 20.171272"," 18.913998"," 18.799640"," 19.108226","0.0941169023638302","0.202588715771449"
"268","sp|P05121|PAI1_HUMAN"," 22.596417"," 23.634582"," 21.401569"," 20.056442"," 20.973205"," 21.337438","0.0944239579595623","0.202588715771449"
"269","sp|P62805|H4_HUMAN"," 20.760678"," 26.010847"," 23.638138"," 19.459131"," 17.536554"," 20.974711","0.0949297760780488","0.202916807601777"
"270","sp|P13647|K2C5_HUMAN"," 21.777815"," 24.442364"," 23.257940"," 24.528109"," 26.310952"," 24.907150","0.0986161266103157","0.210015825188635"
"271","sp|P06310|KV206_HUMAN","  7.528133"," 10.229739"," 11.262692"," 13.699625"," 15.767882"," 10.984619","0.101779556504496","0.215338166685781"
"272","sp|P04434|KV310_HUMAN"," 22.730727"," 21.005549"," 20.831136"," 23.470459"," 22.611486"," 23.303634","0.101864315371361","0.215338166685781"
"273","sp|O15031|PLXB2_HUMAN"," 15.412975"," 18.313917"," 15.072849"," 19.057092"," 19.161508"," 19.351144","0.103662725850752","0.218337243092244"
"274","sp|P35916|VGFR3_HUMAN"," 17.265542"," 19.342527"," 17.385309"," 19.861265"," 19.838860"," 20.014141","0.104350669316507","0.218848664636536"
"275","sp|Q06033|ITIH3_HUMAN"," 29.616819"," 29.573599"," 28.692451"," 28.374032"," 28.613336"," 28.426863","0.104666752652256","0.218848664636536"
"276","sp|Q9NRN5|OLFL3_HUMAN"," 21.200085"," 22.468637"," 21.454197"," 20.352776"," 20.830813"," 20.925236","0.105750029442675","0.219979861689245"
"277","sp|P28300|LYOX_HUMAN"," 20.347691"," 18.850922"," 19.079885"," 20.520952"," 20.988315"," 20.441934","0.105972907283341","0.219979861689245"
"278","sp|P08519|APOA_HUMAN"," 24.467755"," 24.406663"," 25.784686"," 22.725632"," 22.614699"," 24.491968","0.10639902096488","0.220069917463331"
"279","sp|P08185|CBG_HUMAN"," 30.326988"," 30.358637"," 29.776871"," 29.560986"," 29.614863"," 29.824882","0.107707718808176","0.221978273529396"
"280","sp|Q9UGM3|DMBT1_HUMAN"," 24.721282"," 21.616307"," 20.380402"," 19.357021"," 18.096625"," 19.027521","0.108560188129569","0.222667140453299"
"281","sp|Q9BWP8|COL11_HUMAN"," 20.443253"," 22.009357"," 21.077206"," 22.644860"," 22.267141"," 22.195957","0.109411518950344","0.222667140453299"
"282","sp|P49746|TSP3_HUMAN"," 18.911683"," 18.179754"," 19.731287"," 15.047726"," 17.563757"," 17.681336","0.109872281483055","0.222667140453299"
"283","sp|O00468|AGRIN_HUMAN"," 22.570074"," 21.807450"," 21.877938"," 20.544016"," 21.857094"," 20.722243","0.109943301915272","0.222667140453299"
"284","sp|P11047|LAMC1_HUMAN"," 22.925996"," 23.050309"," 23.639765"," 23.982003"," 23.722181"," 23.584575","0.10997820502389","0.222667140453299"
"285","sp|P02792|FRIL_HUMAN"," 25.480623"," 25.061365"," 25.932952"," 25.139136"," 23.193944"," 23.289317","0.110800704294052","0.223132451432924"
"286","sp|Q9UGM5|FETUB_HUMAN"," 25.314683"," 24.966441"," 24.828852"," 23.378345"," 24.762579"," 23.392458","0.11098414106055","0.223132451432924"
"287","sp|Q14112|NID2_HUMAN"," 22.417513"," 23.269915"," 22.588589"," 21.747012"," 22.124356"," 22.397544","0.112632871298646","0.225248788985376"
"288","sp|P01857|IGHG1_HUMAN"," 26.251560"," 26.289905"," 25.348914"," 26.390402"," 27.353222"," 28.315429","0.113036890789452","0.225248788985376"
"289","sp|P02538|K2C6A_HUMAN"," 21.773794"," 24.459672"," 23.609869"," 24.585940"," 26.362798"," 24.934989","0.113212000029172","0.225248788985376"
"290","sp|P01034|CYTC_HUMAN"," 26.921240"," 27.167103"," 28.644041"," 28.855883"," 29.206031"," 28.915358","0.114018798179985","0.226071755012039"
"291","sp|P01604|KV112_HUMAN"," 20.322247"," 20.962156"," 19.991118"," 23.043437"," 20.854185"," 22.090765","0.115942869245152","0.229096734762757"
"292","sp|P31946|1433B_HUMAN;sp|P27348|1433T_HUMAN;sp|P61981|1433G_HUMAN;sp|Q04917|1433F_HUMAN"," 25.850689"," 25.650563"," 25.545656"," 22.902595"," 23.765809"," 25.170531","0.116978845138223","0.229931224996815"
"293","sp|P23470|PTPRG_HUMAN"," 20.572416"," 19.193328"," 20.781051"," 20.685242"," 22.108822"," 21.681738","0.117164954650551","0.229931224996815"
"294","sp|Q9HCB6|SPON1_HUMAN"," 23.006035"," 23.978991"," 24.027274"," 23.025180"," 22.740579"," 22.727409","0.118077905347428","0.230934678825752"
"295","sp|P08294|SODE_HUMAN;sp|Q8IY17|PLPL6_HUMAN"," 25.019337"," 25.860252"," 25.133111"," 26.082853"," 26.149411"," 25.701380","0.119713718576631","0.233340298920553"
"296","sp|Q92954|PRG4_HUMAN"," 27.372449"," 27.155285"," 27.547234"," 28.279295"," 27.545639"," 27.810336","0.120349809970859","0.23378763761231"
"297","sp|Q9Y5Y6|ST14_HUMAN"," 19.372556"," 19.382578"," 20.054975"," 18.803681"," 19.328436"," 19.019438","0.122056602093158","0.236304869372275"
"298","sp|P09960|LKHA4_HUMAN"," 20.608903"," 21.388735"," 20.942452"," 19.576842"," 20.569008"," 20.464615","0.122744352847989","0.236829728874337"
"299","sp|P04259|K2C6B_HUMAN;sp|P12035|K2C3_HUMAN"," 21.773311"," 24.477420"," 23.700905"," 24.586270"," 26.326183"," 24.907235","0.123151459014655","0.236829728874337"
"300","sp|Q13740|CD166_HUMAN"," 21.447459"," 21.211239"," 20.593090"," 21.682778"," 22.255375"," 21.396183","0.125065116532623","0.239708140020862"
"301","sp|P02794|FRIH_HUMAN"," 22.330594"," 21.610666"," 23.058377"," 21.804748"," 20.311433"," 21.376313","0.127912824047915","0.243714714163656"
"302","sp|P00747|PLMN_HUMAN"," 32.137183"," 33.249847"," 32.027228"," 31.389173"," 31.829930"," 31.407665","0.12800320639552","0.243714714163656"
"303","sp|Q14315|FLNC_HUMAN"," 19.095571"," 19.907009"," 19.451414"," 18.958744"," 18.461413"," 17.084076","0.129571468694018","0.245886450491948"
"304","sp|P62987|RL40_HUMAN;Int_P62988ups|UBIQ_HUMAN_UPS;sp|P0CG47|UBB_HUMAN;sp|RS27A_HUMAN|"," 23.993906"," 24.956696"," 26.297707"," 25.581084"," 27.996684"," 27.246812","0.130367641974413","0.246583533339762"
"305","sp|P24043|LAMA2_HUMAN"," 24.438959"," 24.435375"," 25.035019"," 25.250528"," 25.072267"," 24.974296","0.132773717446216","0.2503111066609"
"306","sp|Q06141|REG3A_HUMAN"," 23.621783"," 23.958730"," 23.019976"," 24.599914"," 27.385364"," 24.866888","0.133536711076314","0.250926826368891"
"307","sp|P02763|A1AG1_HUMAN"," 35.135249"," 34.567283"," 34.301762"," 33.762231"," 34.427706"," 34.039816","0.135358104502065","0.25275096401195"
"308","sp|Q13421|MSLN_HUMAN"," 24.050011"," 24.558276"," 24.876492"," 24.073012"," 23.561015"," 22.352304","0.135386603331618","0.25275096401195"
"309","sp|O00187|MASP2_HUMAN"," 23.636803"," 23.274843"," 23.990572"," 21.895616"," 22.851331"," 23.310348","0.136454057948184","0.253919363495812"
"310","sp|P05164|PERM_HUMAN"," 21.704340"," 22.565517"," 22.748097"," 19.631326"," 18.145547"," 21.830392","0.138091028116251","0.256136584409175"
"311","sp|P04211|LV001_HUMAN"," 25.380497"," 25.294054"," 25.440925"," 25.868246"," 27.799467"," 26.503139","0.139674211275096","0.25824010123209"
"312","sp|Q92520|FAM3C_HUMAN"," 22.396872"," 21.719991"," 22.354395"," 23.167021"," 22.709027"," 22.359383","0.140571707043702","0.259066447276054"
"313","sp|ALBU_BOVIN|"," 25.126357"," 25.303827"," 23.988733"," 24.416468"," 23.832048"," 22.958848","0.144294593619892","0.265077927576478"
"314","sp|Q16853|AOC3_HUMAN"," 22.326374"," 21.272811"," 22.159511"," 23.757190"," 23.593255"," 22.041402","0.145839841932239","0.266476148148043"
"315","sp|P59665|DEF1_HUMAN"," 27.408233"," 26.549486"," 28.409444"," 25.481292"," 24.765570"," 27.184539","0.145982585507189","0.266476148148043"
"316","sp|P12109|CO6A1_HUMAN"," 27.575897"," 27.744506"," 27.036766"," 26.703881"," 26.599538"," 27.347516","0.147477824771839","0.268353636847492"
"317","sp|Q13093|PAFA_HUMAN"," 21.690820"," 21.874444"," 21.510111"," 22.344116"," 23.209544"," 21.966460","0.148912943528989","0.270110228798639"
"318","sp|P00533|EGFR_HUMAN"," 19.608191"," 19.625865"," 18.743087"," 20.121874"," 20.027856"," 19.688378","0.154770499067927","0.279852317497037"
"319","sp|Q02487|DSC2_HUMAN"," 17.998380"," 15.074952"," 18.731753"," 20.628660"," 19.476632"," 18.809959","0.155658131029113","0.280575001071285"
"320","sp|O14791|APOL1_HUMAN"," 26.728095"," 26.414494"," 25.193696"," 25.365520"," 25.515717"," 24.365134","0.161008051239559","0.287966204532395"
"321","sp|Q08554|DSC1_HUMAN"," 16.772795"," 17.237127"," 19.487913"," 20.846539"," 19.155565"," 18.936909","0.161156065752974","0.287966204532395"
"322","sp|P01709|LV206_HUMAN","-18.989013","-13.587560"," 14.198010"," 11.468629"," 19.879991"," 15.907149","0.161261074538141","0.287966204532395"
"323","sp|P02649|APOE_HUMAN"," 32.180013"," 31.223224"," 31.489739"," 32.202827"," 32.307290"," 32.162971","0.170247237266023","0.303071707207316"
"324","sp|P05160|F13B_HUMAN"," 26.221791"," 27.069253"," 27.003375"," 26.221946"," 26.408965"," 26.036100","0.174433728056615","0.309566029730104"
"325","sp|Q9UNN8|EPCR_HUMAN"," 23.829650"," 23.800589"," 24.623297"," 24.708776"," 24.792102"," 24.352488","0.176754138231987","0.311324062528048"
"326","sp|P02766|TTHY_HUMAN"," 32.417150"," 32.637827"," 33.109950"," 32.286719"," 32.545609"," 32.097161","0.176964844062305","0.311324062528048"
"327","sp|P01611|KV119_HUMAN"," 21.150740"," 21.314481"," 19.333892"," 21.662599"," 22.289831"," 26.147178","0.17704864077682","0.311324062528048"
"328","sp|P02656|APOC3_HUMAN"," 29.922078"," 29.319502"," 30.742307"," 29.151788"," 28.625780"," 29.668363","0.179400147040232","0.314010929591342"
"329","sp|P13987|CD59_HUMAN"," 20.897646"," 20.419877"," 20.763097"," 22.301081"," 20.688451"," 22.109347","0.179668862322698","0.314010929591342"
"330","sp|Q7Z7M0|MEGF8_HUMAN"," 19.381711"," 20.906284"," 20.631094"," 21.582011"," 21.251727"," 20.833408","0.180340428257007","0.314229534084179"
"331","sp|K22E_HUMAN|;sp|Q7Z794|K2C1B_HUMAN"," 26.771696"," 27.040876"," 26.994787"," 26.933206"," 27.756151"," 27.594141","0.181542761868927","0.315368846146928"
"332","sp|P01612|KV120_HUMAN"," 22.277896"," 22.877379"," 16.521432"," 24.390457"," 24.395867"," 24.772740","0.189345816689474","0.326678529955308"
"333","sp|TRFL_HUMAN|"," 23.818369"," 23.790965"," 25.399885"," 23.146047"," 22.484728"," 24.050769","0.189552774683358","0.326678529955308"
"334","sp|Q9NQ79|CRAC1_HUMAN"," 21.325214"," 21.966670"," 21.796673"," 23.709326"," 22.001125"," 22.346134","0.189757615660996","0.326678529955308"
"335","sp|Q03591|FHR1_HUMAN"," 28.277610"," 27.604648"," 26.896537"," 26.962876"," 26.889006"," 26.639935","0.190709266459014","0.327336800638606"
"336","sp|P12110|CO6A2_HUMAN"," 17.191685"," 19.370020"," 19.772746"," 16.169650"," 18.692224"," 15.399479","0.191346800932487","0.32745360278625"
"337","sp|P29279|CTGF_HUMAN"," 23.287399"," 23.605030"," 22.828106"," 23.472442"," 24.979290"," 23.820695","0.195119219756446","0.332918550029545"
"338","sp|P00736|C1R_HUMAN"," 31.079772"," 30.479012"," 31.012692"," 31.331823"," 31.002243"," 31.295577","0.199185484905263","0.338851046806291"
"339","sp|P15086|CBPB1_HUMAN"," 20.213567"," 19.017837"," 19.060245"," 19.369275"," 22.615572"," 21.553551","0.200714851335732","0.339434217305425"
"340","sp|P01703|LV105_HUMAN"," 24.702716"," 20.407908"," 19.814297"," 25.141879"," 23.024203"," 25.220032","0.200974799434652","0.339434217305425"
"341","sp|Q9BYZ8|REG4_HUMAN"," 13.284925"," 15.968512"," 24.087909"," 14.178944","  7.665347"," 13.266961","0.201299248871565","0.339434217305425"
"342","sp|P06733|ENOA_HUMAN"," 21.688372"," 24.887377"," 24.864398"," 21.702873"," 20.808041"," 23.013405","0.202333619245359","0.340180792590882"
"343","sp|Q6WN34|CRDL2_HUMAN"," 18.981468"," 16.785035"," 17.832713"," 19.510984"," 21.232231"," 18.057331","0.203781063102025","0.341615484792024"
"344","sp|P35237|SPB6_HUMAN"," 25.566780"," 21.893815"," 24.315519"," 23.199750"," 21.406638"," 21.295048","0.20783004217001","0.346405413537963"
"345","sp|P02462|CO4A1_HUMAN;sp|P29400|CO4A5_HUMAN"," 20.313096"," 19.060580"," 19.279373"," 20.904303"," 19.578416"," 22.068735","0.207843248122778","0.346405413537963"
"346","sp|Q9UBG0|MRC2_HUMAN"," 20.858837"," 19.100224"," 19.952986"," 20.662439"," 21.225401"," 20.746739","0.208881533612023","0.346771715119097"
"347","sp|P04264|K2C1_HUMAN"," 26.631717"," 27.269660"," 27.060051"," 26.945625"," 27.909689"," 27.736823","0.209269191558829","0.346771715119097"
"348","sp|P08123|CO1A2_HUMAN"," 26.545505"," 26.873897"," 26.566332"," 26.672510"," 27.723983"," 27.206007","0.210981357213555","0.348604254016649"
"349","sp|O15204|ADEC1_HUMAN"," 17.792490"," 19.177812"," 18.556211"," 19.832244"," 19.771436"," 18.524900","0.212428664668932","0.349989920299816"
"350","sp|O43240|KLK10_HUMAN"," 16.108970"," 19.724955"," 18.067353","  7.191189","-17.991758"," 13.312465","0.214491058232927","0.352378167096952"
"351","sp|P03973|SLPI_HUMAN"," 23.564468"," 22.665527"," 23.168149"," 24.227181"," 23.228264"," 23.654635","0.217161135876435","0.355748299512678"
"352","sp|Q12906|ILF3_HUMAN","  7.362393"," 18.818540"," 17.737939","  8.795877","-18.129397","  7.951755","0.22361484861921","0.36527993737513"
"353","sp|P09619|PGFRB_HUMAN"," 17.176083"," 18.763247"," 17.402536"," 18.822639"," 19.526522"," 17.919419","0.224809081102779","0.36619042955835"
"354","sp|P00450|CERU_HUMAN"," 34.371464"," 34.102371"," 33.902091"," 34.253940"," 34.286687"," 34.569185","0.226961281834002","0.367655023998232"
"355","sp|P07858|CATB_HUMAN"," 25.562915"," 25.004365"," 24.890554"," 24.354318"," 24.695173"," 25.114697","0.227393875591598","0.367655023998232"
"356","sp|O75023|LIRB5_HUMAN"," 19.316658"," 21.433336"," 19.226692"," 18.478515"," 17.007631"," 19.830287","0.227626414858036","0.367655023998232"
"357","sp|P01617|KV204_HUMAN"," 23.947244"," 24.943333"," 24.706865"," 25.496064"," 24.661464"," 25.093819","0.228793176792138","0.368504416401903"
"358","sp|Q9BQ51|PD1L2_HUMAN"," 17.912774"," 16.283445"," 19.205259"," 19.782551"," 18.637096"," 19.234107","0.229925821359906","0.369294266150687"
"359","sp|Q9Y4L1|HYOU1_HUMAN;sp|Q9BXT5|TEX15_HUMAN"," 22.445592"," 22.884470"," 22.554102"," 22.822061"," 22.909739"," 22.818110","0.231116078426771","0.370171991909174"
"360","sp|P22105|TENX_HUMAN"," 25.579420"," 25.342629"," 25.890898"," 26.485128"," 25.706538"," 25.858796","0.23308186017938","0.372283526675398"
"361","sp|P36222|CH3L1_HUMAN"," 25.612345"," 25.974099"," 25.494289"," 26.048935"," 26.653060"," 25.732296","0.235472207625113","0.373400945222347"
"362","sp|Q96S96|PEBP4_HUMAN"," 21.914621"," 17.036336"," 23.943376"," 24.127213"," 24.807535"," 24.238997","0.235654702085433","0.373400945222347"
"363","sp|P10586|PTPRF_HUMAN;sp|P23468|PTPRD_HUMAN"," 22.103125"," 21.241076"," 22.196187"," 21.638249"," 21.104074"," 21.281492","0.236236880545027","0.373400945222347"
"364","sp|P11684|UTER_HUMAN"," 23.132731"," 23.053147"," 25.033507"," 24.427367"," 25.342826"," 24.649065","0.236379033149451","0.373400945222347"
"365","sp|P22792|CPN2_HUMAN"," 28.423975"," 28.040221"," 28.544345"," 27.968255"," 28.328035"," 27.828944","0.238404088075919","0.375568083955215"
"366","sp|P00352|AL1A1_HUMAN"," 19.443163"," 18.284624"," 17.956771"," 16.893460"," 18.756102"," 16.564869","0.240435237682057","0.377732955374817"
"367","sp|P12955|PEPD_HUMAN"," 23.289576"," 23.335397"," 23.207295"," 24.044117"," 23.230220"," 23.708408","0.244040990887711","0.380694603778973"
"368","sp|Q6EMK4|VASN_HUMAN"," 26.162299"," 26.751487"," 26.205757"," 26.641621"," 26.757803"," 26.640824","0.244105444222322","0.380694603778973"
"369","sp|P35442|TSP2_HUMAN"," 24.313608"," 24.144793"," 22.977140"," 23.323242"," 22.903221"," 23.178981","0.244306623990332","0.380694603778973"
"370","sp|Q13444|ADA15_HUMAN","  8.691152"," 16.391032"," 17.537763"," 18.754888"," 19.279607"," 18.074584","0.245705869194011","0.381840202125827"
"371","sp|Q07954|LRP1_HUMAN"," 22.823530"," 22.530509"," 22.892569"," 22.945393"," 23.183111"," 22.777003","0.246530472928314","0.382089007907764"
"372","sp|Q8IUX7|AEBP1_HUMAN;sp|Q8N436|CPXM2_HUMAN"," 24.186411"," 23.130204"," 22.531626"," 22.715851"," 22.300451"," 22.530522","0.250267099336774","0.385776329084843"
"373","sp|O95967|FBLN4_HUMAN"," 17.629548"," 19.884111"," 19.635926"," 18.163082"," 17.837917"," 12.601391","0.250707011715245","0.385776329084843"
"374","sp|P48740|MASP1_HUMAN"," 24.877744"," 24.226643"," 24.701024"," 24.232970"," 23.275857"," 24.508163","0.251477813585231","0.385776329084843"
"375","sp|P01880|IGHD_HUMAN"," 26.222385"," 27.418011"," 25.473014"," 28.298002"," 29.155135"," 26.103536","0.251593258098811","0.385776329084843"
"376","sp|P49788|TIG1_HUMAN"," 19.723379"," 19.362519"," 20.885301"," 21.015709"," 21.010277"," 20.173209","0.25341991068348","0.38754374639096"
"377","sp|Q99969|RARR2_HUMAN"," 23.336668"," 22.774080"," 23.592913"," 23.988308"," 23.929017"," 23.188737","0.256309526650063","0.390881887013203"
"378","sp|P40189|IL6RB_HUMAN"," 15.570568","-17.144772","  7.620761"," 16.735605"," 18.334597"," 17.326034","0.257178067223514","0.390881887013203"
"379","sp|TRYP_PIG|"," 32.637539"," 31.963011"," 31.994866"," 32.275378"," 32.676187"," 32.701634","0.258108496634709","0.390881887013203"
"380","sp|P34096|RNAS4_HUMAN"," 23.702417"," 22.570086"," 23.403806"," 24.319865"," 23.342507"," 23.766655","0.258321942721769","0.390881887013203"
"381","sp|P14543|NID1_HUMAN"," 20.607589"," 21.326339"," 20.908353"," 20.378600"," 20.475876"," 20.927209","0.260816397813417","0.393620547881141"
"382","sp|Q12864|CAD17_HUMAN"," 10.366244"," 13.301346"," 18.461339"," 17.445292"," 18.021161"," 17.509028","0.265678919416526","0.39915326947135"
"383","sp|P18206|VINC_HUMAN"," 23.447388"," 23.413470"," 23.520265"," 21.881007"," 23.206209"," 23.241888","0.265870786447873","0.39915326947135"
"384","sp|Q6UWP8|SBSN_HUMAN"," 16.836944"," 18.763964"," 20.202404"," 19.942796"," 20.387528"," 19.758417","0.278715936616388","0.417308106958688"
"385","sp|P00488|F13A_HUMAN"," 23.508108"," 24.976771"," 24.446515"," 24.035370"," 23.529602"," 23.480571","0.279414993354948","0.417308106958688"
"386","sp|P06744|G6PI_HUMAN"," 15.792990"," 19.693026"," 21.577295"," 11.391057","-17.883840"," 16.553989","0.280149243934072","0.417320764927699"
"387","sp|Q01459|DIAC_HUMAN"," 22.077299"," 22.066724"," 21.900614"," 22.297511"," 20.187563"," 20.833541","0.28223367740394","0.419339443171229"
"388","sp|P32942|ICAM3_HUMAN"," 20.705950"," 18.423149"," 13.769335"," 19.302351"," 21.425253"," 20.997119","0.283741983409933","0.420493918713173"
"389","sp|P19021|AMD_HUMAN"," 20.974020"," 20.753534"," 20.440113"," 20.727874"," 20.354888"," 20.341558","0.285711175959843","0.42232371767843"
"390","sp|P12821|ACE_HUMAN"," 20.266268"," 18.345093"," 19.503830"," 20.480769"," 19.800464"," 20.229328","0.287145883446282","0.423356110209262"
"391","sp|P35555|FBN1_HUMAN"," 21.583766"," 21.917745"," 22.220929"," 22.487820"," 22.167530"," 21.949016","0.292050505049059","0.429486036836851"
"392","sp|P48304|REG1B_HUMAN"," 18.322839"," 22.029947"," 20.163934"," 21.375773"," 21.083753"," 22.569006","0.295415305266907","0.433326021756304"
"393","sp|P13796|PLSL_HUMAN"," 26.253128"," 26.236181"," 26.675929"," 25.847580"," 25.300827"," 26.531005","0.298441993442717","0.436102830447336"
"394","sp|P78324|SHPS1_HUMAN"," 22.049895"," 22.109538"," 22.717653"," 22.394525"," 23.739873"," 22.541485","0.298825243819566","0.436102830447336"
"395","sp|Q92859|NEO1_HUMAN"," 23.126250"," 22.476987"," 22.963839"," 22.891102"," 22.185356"," 22.484859","0.301313970451372","0.438621602555795"
"396","sp|P02655|APOC2_HUMAN"," 29.312543"," 28.346609"," 27.311865"," 28.152844"," 26.782945"," 27.525143","0.306060794267859","0.44440645632328"
"397","sp|P14314|GLU2B_HUMAN"," 13.132919"," 19.047266"," 18.088330"," 11.459848"," 14.613704","-18.805978","0.30973078529808","0.448602522786892"
"398","sp|P07585|PGS2_HUMAN"," 22.074116"," 23.148350"," 22.461918"," 23.153652"," 23.432442"," 22.521197","0.317076985009634","0.458088608996331"
"399","sp|Q13332|PTPRS_HUMAN"," 21.675491"," 21.144934"," 21.550957"," 22.404777"," 21.879862"," 21.332185","0.319397673405205","0.460284867689205"
"400","sp|P78417|GSTO1_HUMAN"," 19.015560"," 18.706366"," 18.486918"," 18.824677"," 18.014826"," 15.640318","0.322281545663292","0.463279721890983"
"401","sp|P06748|NPM_HUMAN"," 13.749236"," 21.361848"," 13.635719"," 15.055598"," 10.966683"," 12.681054","0.325152439949053","0.466241029852134"
"402","sp|P08254|MMP3_HUMAN"," 12.735049"," 10.420012","-16.379071"," 10.578414"," 16.693196"," 15.302180","0.32898053785818","0.470385894925674"
"403","sp|P54108|CRIS3_HUMAN"," 24.022935"," 22.290538"," 23.040789"," 24.576019"," 23.714401"," 23.209296","0.329930944343201","0.470385894925674"
"404","sp|P07237|PDIA1_HUMAN"," 18.143374"," 21.090722"," 20.252299"," 19.311342"," 17.889024"," 18.878353","0.330497220086908","0.470385894925674"
"405","sp|P02751|FINC_HUMAN"," 32.739180"," 32.692037"," 32.617069"," 33.123471"," 32.842698"," 32.625879","0.334628186060685","0.47431229243408"
"406","sp|P98095|FBLN2_HUMAN"," 21.578673"," 21.982906"," 22.655373"," 22.200123"," 22.882299"," 22.388334","0.336108845453965","0.47431229243408"
"407","sp|O94985|CSTN1_HUMAN"," 21.964115"," 21.344307"," 20.284324"," 21.724829"," 22.149677"," 21.565587","0.3371038178892","0.47431229243408"
"408","sp|Q99497|PARK7_HUMAN"," 20.036935"," 21.070018"," 22.404183"," 20.620409"," 19.327561"," 20.806270","0.337123399829855","0.47431229243408"
"409","sp|Q9NY15|STAB1_HUMAN"," 20.749563"," 19.654798"," 20.354439"," 21.097076"," 20.448804"," 20.489881","0.33738039583572","0.47431229243408"
"410","sp|P04207|KV308_HUMAN"," 14.269834"," 16.693525","-16.606448"," 16.906499"," 18.282102"," 18.877083","0.342200531940713","0.479915380160756"
"411","sp|Q9UM47|NOTC3_HUMAN"," 21.615595"," 22.005485"," 21.125347"," 21.738483"," 21.047134"," 20.637076","0.345374607513173","0.482236604242593"
"412","sp|CATD_HUMAN|"," 23.850795"," 21.663829"," 21.045507"," 23.385868"," 23.418845"," 22.876840","0.345533010344258","0.482236604242593"
"413","sp|P09382|LEG1_HUMAN"," 19.969329"," 21.135358"," 21.024986"," 20.867109"," 21.061488"," 21.632923","0.347285187308731","0.483508432693754"
"414","sp|P06727|APOA4_HUMAN;sp|Q9BT92|TCHP_HUMAN;sp|Q14980|NUMA1_HUMAN;sp|Q15020|SART3_HUMAN;sp|P61129|ZC3H6_HUMAN"," 32.142836"," 32.575562"," 33.987007"," 33.673171"," 33.384291"," 33.675286","0.348352966513897","0.483823564602635"
"415","sp|P35542|SAA4_HUMAN"," 29.195991"," 29.699648"," 27.088569"," 27.572182"," 27.725420"," 27.823648","0.354977449639054","0.491836225403509"
"416","sp|P30740|ILEU_HUMAN"," 19.457647"," 20.931834"," 21.231041"," 19.274211"," 19.532777"," 20.645815","0.358370874141602","0.49534435728707"
"417","sp|P02760|AMBP_HUMAN"," 32.161784"," 31.951673"," 32.569687"," 32.229042"," 31.817420"," 31.947046","0.359741865335526","0.496046936613736"
"418","sp|Q14118|DAG1_HUMAN"," 23.780100"," 23.897118"," 24.643840"," 24.594637"," 24.489731"," 24.198323","0.363937555941568","0.500631805422014"
"419","sp|P80188|NGAL_HUMAN"," 27.960087"," 26.303060"," 28.271719"," 25.648475"," 27.453055"," 26.946249","0.366726177377921","0.503263847237004"
"420","sp|P16152|CBR1_HUMAN"," 17.933178"," 16.763301"," 19.606943"," 13.681792"," 17.832628"," 17.780501","0.368498635428948","0.503413224917042"
"421","sp|Q9H4A9|DPEP2_HUMAN"," 14.560947","-17.136410"," 13.980017"," 15.394625"," 15.213930"," 16.963699","0.368586030765347","0.503413224917042"
"422","sp|Q92496|FHR4_HUMAN;sp|Q02985|FHR3_HUMAN"," 25.429823"," 25.836632"," 22.993478"," 22.906434"," 23.628073"," 24.574264","0.373046797830955","0.50786776018792"
"423","sp|P04220|MUCB_HUMAN"," 25.580881"," 18.659588"," 18.833937"," 20.835815"," 17.683478"," 16.407824","0.373614021842591","0.50786776018792"
"424","sp|P07225|PROS_HUMAN"," 28.518359"," 28.363773"," 28.858255"," 28.579835"," 27.933442"," 28.479044","0.377026295944406","0.511297453226494"
"425","sp|Q13232|NDK3_HUMAN"," 16.168332"," 15.299229"," 16.335561"," 11.117844"," 13.590042"," 17.175664","0.378545706751837","0.512129479178541"
"426","sp|P16035|TIMP2_HUMAN"," 22.516411"," 17.984454"," 20.713291"," 22.385404"," 21.983852"," 21.275409","0.379421144574015","0.512129479178541"
"427","sp|IGF2_HUMAN|;sp|Q99996|AKAP9_HUMAN;sp|P30533|AMRP_HUMAN"," 25.406265"," 25.279100"," 25.219947"," 25.524095"," 24.800438"," 24.737396","0.38161784239528","0.513888195262965"
"428","sp|P21333|FLNA_HUMAN"," 19.077643"," 20.814907"," 21.248414"," 17.741580"," 19.251653"," 20.862627","0.387680397889308","0.520832310248487"
"429","sp|O15394|NCAM2_HUMAN","-17.934230"," 15.539812"," 15.176519"," 15.148215"," 17.718627"," 16.266726","0.38888522110872","0.52123310521565"
"430","sp|P55103|INHBC_HUMAN"," 19.639796"," 17.338029"," 17.389717"," 16.751903"," 17.739941"," 17.380551","0.392299687793761","0.523388092314726"
"431","sp|P01707|LV204_HUMAN"," 13.215535"," 11.704030","-16.363304"," 14.272327"," 11.882536"," 13.624016","0.392313509195908","0.523388092314726"
"432","sp|CAH2_HUMAN|"," 19.884452"," 20.603868"," 23.012386"," 20.476313"," 20.066865"," 19.895928","0.393734384467832","0.524067757104175"
"433","sp|P55268|LAMB2_HUMAN"," 20.608262"," 21.187295"," 21.168712"," 21.092009"," 27.533813"," 21.190300","0.396037192814526","0.525915440804509"
"434","sp|P39060|COIA1_HUMAN"," 24.431080"," 24.797459"," 25.043742"," 24.502674"," 24.785134"," 24.359494","0.398195945102242","0.527563752151588"
"435","sp|P13797|PLST_HUMAN"," 13.041293"," 17.304759"," 15.609227","-20.565893"," 15.347384"," 13.795584","0.3992167239645","0.527700267309397"
"436","sp|Q6UXB8|PI16_HUMAN"," 25.155082"," 25.454819"," 26.345961"," 25.452615"," 25.263951"," 25.097403","0.400678203255031","0.52841735521019"
"437","sp|P14780|MMP9_HUMAN"," 17.057360"," 17.232938"," 23.628186"," 12.639056"," 15.696781"," 20.639090","0.401701903761491","0.528555136528278"
"438","sp|P11717|MPRI_HUMAN"," 19.603616"," 17.773137"," 19.287129"," 19.377562"," 20.824556"," 18.784132","0.403199141324985","0.529313941237138"
"439","sp|P18065|IBP2_HUMAN"," 27.060076"," 27.439409"," 27.450515"," 26.161392"," 27.200884"," 27.381970","0.405075406927962","0.529975498228973"
"440","sp|P39059|COFA1_HUMAN"," 22.550259"," 22.504322"," 20.588598"," 22.420954"," 22.786117"," 22.465681","0.405546468209997","0.529975498228973"
"441","sp|P31146|COR1A_HUMAN"," 14.006622"," 17.213759"," 19.615682"," 13.827135","-17.896766"," 19.098269","0.410384252365825","0.535081508186734"
"442","sp|P12277|KCRB_HUMAN","  8.895147"," 11.150862"," 18.282955"," 10.377469","  6.909360"," 11.957130","0.412876113225778","0.537112590734892"
"443","sp|Q14651|PLSI_HUMAN","-21.599004"," -6.369049"," 19.448327"," -5.440853","-18.977846","-21.539362","0.414953415276321","0.538596419376715"
"444","sp|Q8WUJ3|CEMIP_HUMAN"," 18.132353"," 19.139395"," 18.867316"," 18.736114"," 19.647599"," 18.875809","0.41741401787097","0.539847790705841"
"445","sp|P01854|IGHE_HUMAN"," 19.386355"," 22.057130"," 18.897424"," 23.683726"," 20.434776"," 20.249025","0.418217781190779","0.539847790705841"
"446","sp|Q14767|LTBP2_HUMAN"," 23.170850"," 23.312780"," 23.013049"," 22.311381"," 23.351352"," 22.914177","0.418734112443139","0.539847790705841"
"447","sp|P20062|TCO2_HUMAN"," 16.395063"," 20.011399"," 18.926645"," 19.605035"," 19.305769"," 19.580903","0.429517377281267","0.552101935996161"
"448","sp|Q9UHG3|PCYOX_HUMAN"," 21.342158"," 19.787245"," 16.829858"," 20.164662"," 21.036622"," 20.656422","0.430574778384962","0.552101935996161"
"449","sp|Q02818|NUCB1_HUMAN"," 22.040149"," 22.522244"," 21.819617"," 21.061276"," 22.102716"," 22.122017","0.431119598717002","0.552101935996161"
"450","sp|Q8NBJ4|GOLM1_HUMAN"," 26.026045"," 25.350947"," 25.899711"," 25.558065"," 25.845214"," 25.090588","0.43666334859868","0.557958723209424"
"451","sp|Q86UD1|OAF_HUMAN"," 23.712562"," 24.816993"," 24.216046"," 24.087662"," 24.117304"," 23.573230","0.439584584152594","0.560445977578141"
"452","sp|GSTP1_HUMAN|"," 19.192665"," 23.952365"," 22.257879"," 21.307747"," 19.415424"," 20.610769","0.440923705222918","0.560909580759243"
"453","sp|P02765|FETUA_HUMAN"," 33.057531"," 33.351748"," 32.871450"," 32.829678"," 32.904413"," 33.120897","0.446458748722463","0.566697087230499"
"454","sp|P32119|PRDX2_HUMAN"," 19.827993"," 22.399462"," 24.881092"," 22.197807"," 20.120041"," 20.575212","0.447697801672829","0.567018140885191"
"455","sp|ALBU_HUMAN|;sp|Q8WY91|THAP4_HUMAN;sp|O75683|SURF6_HUMAN;sp|Q96JG6|CC132_HUMAN"," 37.714845"," 38.110139"," 37.823017"," 37.822106"," 37.266732"," 37.941443","0.449278618578253","0.567769682818671"
"456","sp|Q9H8L6|MMRN2_HUMAN"," 18.941577"," 20.465489"," 20.369505"," 20.560423"," 19.738176"," 21.031086","0.454246270099873","0.572788608130322"
"457","sp|RETBP_HUMAN|"," 29.628716"," 29.783337"," 30.330356"," 29.450080"," 30.087084"," 29.467773","0.456644298223558","0.574319361636365"
"458","sp|Q9NZP8|C1RL_HUMAN"," 25.403211"," 25.359277"," 24.879156"," 25.671608"," 24.403988"," 24.363229","0.457457856746878","0.574319361636365"
"459","sp|P02671|FIBA_HUMAN"," 33.245484"," 33.723993"," 33.061150"," 33.657851"," 33.355985"," 33.560696","0.468487972053822","0.586885803771128"
"460","sp|P28799|GRN_HUMAN"," 21.239816"," 19.471263"," 20.323108"," 21.227022"," 20.393273"," 20.801282","0.475625694919598","0.593897394037187"
"461","sp|P12318|FCG2A_HUMAN"," 23.336885"," 22.970178"," 22.833973"," 24.144504"," 22.517161"," 23.775594","0.477637879739033","0.593897394037187"
"462","sp|P07359|GP1BA_HUMAN"," 22.207016"," 21.973876"," 22.952298"," 22.557558"," 22.831319"," 22.521921","0.478203616115502","0.593897394037187"
"463","sp|PPIA_HUMAN|;sp|Q9Y536|PAL4A_HUMAN"," 20.734321"," 23.531899"," 22.923245"," 21.652744"," 21.287102"," 22.028381","0.478216510329074","0.593897394037187"
"464","sp|K2C1_HUMAN|"," 26.777699"," 26.947839"," 27.095723"," 26.732300"," 27.211866"," 27.425214","0.479828357662412","0.594614882879067"
"465","sp|P49913|CAMP_HUMAN"," 20.854667"," 20.680442"," 19.828287"," 19.114591"," 19.636737"," 21.042099","0.482101376591939","0.596146863527666"
"466","sp|P08833|IBP1_HUMAN"," 22.443471"," 22.486860"," 21.736274"," 22.121023"," 20.975285"," 22.391003","0.484719954029061","0.597184829752821"
"467","sp|P00742|FA10_HUMAN"," 25.597967"," 25.520588"," 24.574810"," 24.845280"," 26.101497"," 25.933103","0.485017939990552","0.597184829752821"
"468","sp|O00533|NCHL1_HUMAN"," 24.008783"," 23.731995"," 24.135464"," 24.281188"," 23.810771"," 24.220462","0.488106395972874","0.599703371120519"
"469","sp|P08571|CD14_HUMAN"," 29.326851"," 29.205505"," 29.631787"," 29.430534"," 29.361897"," 29.788720","0.490492198983757","0.600917074642053"
"470","sp|P48637|GSHB_HUMAN"," 16.950046"," 19.029289"," 19.478608"," 18.753861"," 19.425241"," 19.249021","0.491184391446547","0.600917074642053"
"471","sp|Q99650|OSMR_HUMAN"," 21.590983"," 17.773917"," 18.305633"," 21.056821"," 20.211562"," 19.455569","0.492988759888663","0.601844027464929"
"472","sp|P01605|KV113_HUMAN"," 16.486628"," 18.061948"," 17.187123"," 14.294331"," 12.266120"," 19.669725","0.495435253235595","0.603122366741053"
"473","sp|Q9Y624|JAM1_HUMAN"," 18.046609"," 15.027719"," 14.905955"," 14.073861"," 20.207975"," 18.533380","0.49613370342351","0.603122366741053"
"474","sp|ANT3_HUMAN|"," 27.474640"," 24.910399"," 23.557221"," 26.155297"," 26.645820"," 25.974395","0.498788164611037","0.605070030910013"
"475","sp|Q9UEW3|MARCO_HUMAN"," 19.480061"," 18.477638"," 21.191745"," 21.244511"," 20.243503"," 19.703848","0.506761504946741","0.613448137567107"
"476","sp|P02786|TFR1_HUMAN"," 20.025297"," 21.209295"," 20.025956"," 20.300432"," 19.765486"," 20.238688","0.51691866647789","0.624429061396611"
"477","sp|ALDOA_RABIT|"," 26.102672"," 26.370191"," 25.406201"," 23.510524"," 26.335101"," 25.938099","0.518254330503116","0.624730062975454"
"478","sp|P07911|UROM_HUMAN"," 19.401468"," 18.216489"," 16.883562"," 17.888091"," 17.165730"," 17.791492","0.533111689131565","0.638765107227843"
"479","sp|Q08380|LG3BP_HUMAN"," 27.733720"," 27.292435"," 28.279393"," 28.117991"," 28.104423"," 27.745594","0.533207833866694","0.638765107227843"
"480","sp|P69891|HBG1_HUMAN"," 23.780566"," 22.971956"," 29.582801"," 26.881811"," 21.782496"," 22.241985","0.533230002555417","0.638765107227843"
"481","sp|Q6YHK3|CD109_HUMAN"," 22.327386"," 20.918770"," 22.416071"," 21.761031"," 21.348085"," 21.466723","0.536857773240351","0.641773845349692"
"482","sp|P05090|APOD_HUMAN"," 31.105339"," 30.432175"," 31.128059"," 30.859314"," 30.363862"," 30.871498","0.541238771462997","0.645668658902953"
"483","sp|Q96RW7|HMCN1_HUMAN"," 14.196442","-17.209238"," 17.194281","  9.414491"," 14.114520"," 14.553198","0.545443656863993","0.649337686742849"
"484","sp|P69892|HBG2_HUMAN;sp|P02100|HBE_HUMAN"," 23.778652"," 22.971010"," 29.580928"," 26.883021"," 21.860860"," 22.413442","0.548644768483367","0.65179905346681"
"485","sp|Q6FHJ7|SFRP4_HUMAN"," 22.580883"," 22.101274"," 18.780950"," 21.730320"," 22.314617"," 21.904398","0.560812423411381","0.663627877667287"
"486","sp|P01833|PIGR_HUMAN"," 25.572371"," 25.331369"," 27.475957"," 25.637095"," 25.736828"," 25.598609","0.560909823558785","0.663627877667287"
"487","sp|P02042|HBD_HUMAN"," 24.165659"," 23.913417"," 29.636438"," 27.091122"," 23.449791"," 22.833421","0.565450167824144","0.667625968170191"
"488","sp|Q8N2S1|LTBP4_HUMAN"," 19.591916"," 20.593591"," 20.609484"," 21.153621"," 20.949123"," 19.733709","0.568839321486703","0.670251249702571"
"489","sp|P25786|PSA1_HUMAN"," 24.766996"," 25.466077"," 23.992143"," 23.709842"," 25.330087"," 23.963027","0.570811813599894","0.671199985316849"
"490","sp|P43652|AFAM_HUMAN"," 30.851018"," 30.949275"," 31.089774"," 31.141719"," 30.923275"," 30.998986","0.572340711366437","0.671624304154492"
"491","sp|Q8IWV2|CNTN4_HUMAN"," 17.335188"," 13.332324"," 17.646381"," 17.833004"," 16.060672"," 17.257091","0.576429093130053","0.675044253665541"
"492","sp|P27797|CALR_HUMAN"," 20.508388"," 20.913848"," 19.441334"," 14.368653"," 21.030615"," 21.090405","0.582853261501909","0.68118013285284"
"493","sp|P55290|CAD13_HUMAN"," 23.169897"," 22.630863"," 23.538133"," 22.551535"," 23.495002"," 22.596457","0.597925089387125","0.697377132652326"
"494","sp|P12830|CADH1_HUMAN"," 24.136803"," 24.083944"," 24.441304"," 24.373613"," 24.006795"," 23.997210","0.600031840916101","0.698417628596677"
"495","sp|O75339|CILP1_HUMAN"," 25.269621"," 23.945896"," 24.163913"," 24.826773"," 24.510131"," 24.807501","0.601355621056988","0.698544408298521"
"496","sp|Q99972|MYOC_HUMAN"," 26.034557"," 24.551528"," 23.051343"," 21.101906"," 28.870250"," 28.364345","0.604602298457738","0.700899841962095"
"497","sp|Q8NBP7|PCSK9_HUMAN"," 17.242708"," 18.462313"," 18.102807"," 16.686783"," 19.857449"," 14.551902","0.620570388002498","0.717963728574318"
"498","sp|P01767|HV306_HUMAN"," 25.206438"," 25.780723"," 25.476122"," 25.573218"," 25.159223"," 25.401953","0.623412694729909","0.718532507038236"
"499","sp|P01024|CO3_HUMAN"," 36.474671"," 36.079076"," 36.329849"," 36.358858"," 36.216951"," 36.545757","0.625274649374181","0.718532507038236"
"500","sp|Q9NPY3|C1QR1_HUMAN"," 23.411263"," 24.003257"," 23.954828"," 23.693797"," 23.822937"," 23.510300","0.626781997271956","0.718532507038236"
"501","sp|Q12884|SEPR_HUMAN"," 16.306151"," 15.762949"," 14.129837"," 12.861316"," 17.480302"," 13.203521","0.626929047744104","0.718532507038236"
"502","sp|P05019|IGF1_HUMAN"," 22.080666"," 22.341475"," 22.822650"," 22.340308"," 22.869513"," 22.462947","0.627310119188164","0.718532507038236"
"503","sp|P07737|PROF1_HUMAN"," 23.527397"," 22.991429"," 25.177114"," 24.365032"," 23.524300"," 25.052556","0.631588568340106","0.721994884285409"
"504","sp|P13598|ICAM2_HUMAN"," 23.609414"," 22.580503"," 22.868301"," 23.991261"," 22.823372"," 22.970954","0.639674181757332","0.729787012917591"
"505","sp|P12259|FA5_HUMAN"," 24.045045"," 23.765037"," 24.121483"," 23.262527"," 23.047114"," 28.522513","0.643475577443127","0.731432605591783"
"506","sp|P15151|PVR_HUMAN"," 24.238156"," 24.109906"," 23.362557"," 23.530773"," 23.853228"," 23.867584","0.643660692920769","0.731432605591783"
"507","sp|P04080|CYTB_HUMAN"," 20.739844"," 20.352125"," 22.318511"," 21.311440"," 21.704663"," 21.368911","0.64587457317948","0.732500748674953"
"508","sp|Q76LX8|ATS13_HUMAN"," 20.832575"," 22.180500"," 19.939074"," 22.133512"," 19.211076"," 20.003538","0.651104079691432","0.735694236473846"
"509","sp|Q7Z7G0|TARSH_HUMAN"," 24.718717"," 24.705745"," 25.357612"," 25.313620"," 24.497473"," 25.535669","0.651249332809022","0.735694236473846"
"510","sp|HBA_HUMAN|;sp|P69905|HBA_HUMAN"," 27.098571"," 27.350748"," 32.538744"," 31.045111"," 25.755375"," 26.722214","0.656374652943267","0.740030245965449"
"511","sp|P11362|FGFR1_HUMAN"," 23.209691"," 23.119114"," 23.140445"," 23.233731"," 23.257595"," 22.703338","0.664591861233388","0.747828415282188"
"512","sp|Q9UJJ9|GNPTG_HUMAN"," 22.916378"," 23.347142"," 22.836821"," 23.146299"," 23.172356"," 23.022458","0.668745369069859","0.751032396904627"
"513","sp|K1C10_HUMAN|"," 24.666902"," 26.456173"," 26.413345"," 25.675247"," 26.625641"," 26.150195","0.672869020460998","0.754190422544004"
"514","sp|HBB_HUMAN|"," 27.690796"," 27.986372"," 32.928298"," 31.532249"," 26.384575"," 27.573181","0.675666100281119","0.755852154983742"
"515","sp|P29401|TKT_HUMAN"," 22.151091"," 21.762168"," 22.927736"," 20.479938"," 22.296479"," 22.950186","0.681146465149706","0.760503334875886"
"516","sp|P01011|AACT_HUMAN"," 35.177739"," 34.973592"," 34.653987"," 34.520639"," 35.474889"," 35.245776","0.6851281903622","0.762704128151887"
"517","sp|P26022|PTX3_HUMAN"," 19.312795"," 20.173866"," 20.524680"," 19.697690"," 19.948945"," 21.100918","0.685770494355697","0.762704128151887"
"518","sp|P15941|MUC1_HUMAN"," 22.016570"," 24.090854"," 19.537729"," 21.778095"," 23.110758"," 22.546227","0.700429550376929","0.777503844530375"
"519","sp|O00592|PODXL_HUMAN"," 21.219853"," 20.578430"," 21.081594"," 20.603530"," 21.400641"," 21.264364","0.702088617277424","0.777843843804468"
"520","sp|P02461|CO3A1_HUMAN"," 27.274422"," 27.727735"," 27.041076"," 27.251381"," 27.580568"," 27.484602","0.712473272160563","0.787332274049154"
"521","sp|P01614|KV201_HUMAN","  9.550828"," -7.277521","-14.415769","-27.288256","-18.879358"," 15.885457","0.713391503964538","0.787332274049154"
"522","sp|P55058|PLTP_HUMAN"," 28.944527"," 28.646471"," 28.937393"," 28.658311"," 28.955521"," 28.771846","0.734983365212488","0.809608113021419"
"523","sp|Q86WI1|PKHL1_HUMAN"," 12.724749"," 19.111619"," 20.122751"," 19.309254"," 16.907740"," 18.488212","0.736611300114298","0.809849899743253"
"524","sp|Q7Z5L7|PODN_HUMAN"," 20.547099"," 17.859454"," 18.464205"," 18.570722"," 18.462030"," 18.912765","0.742835222341379","0.815134070317353"
"525","sp|A1L4H1|SRCRL_HUMAN"," 19.753471"," 21.654043"," 20.780263"," 20.175737"," 21.555571"," 19.637979","0.74795874413181","0.819192910239601"
"526","sp|Q16610|ECM1_HUMAN"," 28.002770"," 28.745211"," 28.196020"," 28.529572"," 27.975029"," 28.160692","0.754533984643966","0.823615698946355"
"527","sp|Q13228|SBP1_HUMAN"," 20.777964"," 18.537369"," 19.961291"," 19.957183"," 18.711274"," 19.829342","0.754861692773442","0.823615698946355"
"528","sp|CAH1_HUMAN|"," 24.226557"," 23.065210"," 26.748987"," 25.806329"," 23.218170"," 23.663535","0.756444927566695","0.823779987406912"
"529","sp|Q8WZ75|ROBO4_HUMAN"," 23.734260"," 24.508513"," 21.710510"," 23.101506"," 23.087999"," 22.950700","0.776253255401544","0.843257927657054"
"530","sp|Q06828|FMOD_HUMAN"," 21.189390"," 20.068477"," 21.809813"," 20.276328"," 21.634513"," 20.559278","0.777263828970849","0.843257927657054"
"531","sp|K1C9_HUMAN|;sp|P35527|K1C9_HUMAN"," 26.499050"," 25.882109"," 25.031096"," 25.691512"," 25.259461"," 26.020850","0.779379354094947","0.843960694170611"
"532","sp|P01596|KV104_HUMAN"," 13.174129","-12.387603"," 16.024984","-22.885664","  9.278207"," 17.334556","0.790268216551309","0.854143279167298"
"533","sp|P16070|CD44_HUMAN"," 25.178436"," 24.865753"," 24.291080"," 25.169936"," 24.641877"," 24.205625","0.794866810137562","0.857501718253468"
"534","sp|Q86YZ3|HORN_HUMAN"," 20.324790"," 18.613956"," 16.351116"," 16.870261"," 18.622723"," 18.743866","0.804557319241942","0.866330446749283"
"535","sp|Q9BTY2|FUCO2_HUMAN"," 20.406747"," 19.896604"," 21.493941"," 19.955325"," 21.042081"," 20.368380","0.81412320171598","0.874012050485214"
"536","sp|Q6UX71|PXDC2_HUMAN"," 23.413892"," 22.579746"," 21.965064"," 22.593511"," 22.823225"," 22.187096","0.814731233147956","0.874012050485214"
"537","sp|P08195|4F2_HUMAN"," 23.823061"," 21.836267"," 21.738917"," 22.392009"," 22.536554"," 21.924390","0.817551095025762","0.874694106400856"
"538","sp|O75882|ATRN_HUMAN"," 27.986341"," 27.945933"," 28.004489"," 28.026987"," 28.169360"," 27.610762","0.821082303311787","0.874694106400856"
"539","sp|P04114|APOB_HUMAN;sp|Q9ULK0|GRID1_HUMAN;sp|O75964|ATP5L_HUMAN;sp|Q7Z4Y8|AT5L2_HUMAN"," 34.336799"," 33.931529"," 34.485458"," 34.191646"," 34.070956"," 34.669412","0.821539983510966","0.874694106400856"
"540","sp|P15144|AMPN_HUMAN"," 25.608675"," 24.331055"," 24.756227"," 25.222521"," 24.930335"," 24.837742","0.822686826373605","0.874694106400856"
"541","sp|LEP_HUMAN|"," 18.030311"," 18.076968"," 16.613465"," 19.823006"," 16.838458"," 16.867300","0.822973063587588","0.874694106400856"
"542","sp|Q16363|LAMA4_HUMAN"," 20.789113"," 21.401997"," 22.723921"," 22.300148"," 22.365054"," 20.790720","0.826127040369536","0.876426288214913"
"543","sp|P07602|SAP_HUMAN"," 23.534805"," 23.244292"," 23.242917"," 22.712463"," 23.599313"," 23.509093","0.839302302123128","0.888763947920439"
"544","sp|Q9H6X2|ANTR1_HUMAN"," 18.494572"," 19.185388"," 10.825498"," 14.953488"," 17.638617"," 17.662610","0.852468086564934","0.901046231203745"
"545","sp|P25311|ZA2G_HUMAN"," 32.517040"," 32.672590"," 32.651688"," 32.367267"," 32.940332"," 32.419651","0.857312269854105","0.904503770946992"
"546","sp|Q9UNW1|MINP1_HUMAN"," 24.289527"," 22.861977"," 22.634690"," 23.184783"," 23.455577"," 23.452302","0.862944589351286","0.908778642631848"
"547","sp|P02452|CO1A1_HUMAN"," 29.014075"," 29.069587"," 28.815882"," 29.265111"," 28.747756"," 28.784962","0.865925952138347","0.910251229395886"
"548","sp|P28066|PSA5_HUMAN","-20.316433"," -9.444550"," 18.701376","-25.226418"," 11.629872"," 11.528428","0.867892068446961","0.910653174009129"
"549","sp|O95633|FSTL3_HUMAN"," 20.935001"," 20.891602"," 16.568718"," 21.371029"," 22.305295"," 12.941192","0.86975370143646","0.910944222815964"
"550","sp|P02745|C1QA_HUMAN"," 26.209415"," 25.767322"," 25.739097"," 27.156596"," 26.717911"," 24.304660","0.87870384066736","0.916218096328485"
"551","sp|P27487|DPP4_HUMAN"," 21.337539"," 22.358970"," 21.705690"," 21.707534"," 21.906362"," 21.630343","0.878825111317615","0.916218096328485"
"552","sp|P04216|THY1_HUMAN"," 21.287766"," 21.870440"," 21.485180"," 21.545192"," 21.508325"," 21.501663","0.879569372475346","0.916218096328485"
"553","sp|Q15904|VAS1_HUMAN"," 19.608835"," 18.591882"," 19.392095"," 18.943490"," 19.036793"," 19.451702","0.886985555790574","0.921277257912891"
"554","sp|P35590|TIE1_HUMAN"," 20.297501"," 20.731779"," 18.536999"," 19.456131"," 20.075429"," 20.370420","0.888118289133557","0.921277257912891"
"555","sp|Q24JP5|T132A_HUMAN"," 14.979302","  8.559688"," 11.763851","  8.114376"," 17.621297","  7.893155","0.889232831550704","0.921277257912891"
"556","sp|P09172|DOPO_HUMAN"," 23.399384"," 24.409197"," 23.430274"," 25.599837"," 22.134025"," 23.039496","0.89781428002751","0.928086315489908"
"557","sp|Q92692|PVRL2_HUMAN"," 18.451666"," 20.515537"," 21.054707"," 19.834359"," 19.918644"," 19.927238","0.89903317865718","0.928086315489908"
"558","Int_P02741ups|CRP_HUMAN_UPS"," 22.231116"," 12.857167"," 15.743155"," 18.294007"," 17.157746"," 16.545123","0.90228657878062","0.929775596413721"
"559","sp|P08253|MMP2_HUMAN"," 27.392921"," 28.101066"," 28.278431"," 27.690791"," 27.968593"," 28.001980","0.907242852990421","0.93321044806707"
"560","sp|Q99542|MMP19_HUMAN"," 18.381453"," 17.978717"," 19.620363"," 19.806954"," 16.752628"," 19.815689","0.915138244492741","0.939650876041654"
"561","sp|P49908|SEPP1_HUMAN"," 27.201624"," 27.095179"," 26.764711"," 27.073203"," 27.079368"," 26.860023","0.920086253965283","0.943047408253186"
"562","sp|Q12860|CNTN1_HUMAN"," 22.796778"," 22.295060"," 21.110699"," 22.371866"," 21.800202"," 22.197950","0.923786289243498","0.943615247507638"
"563","sp|Q14515|SPRL1_HUMAN"," 26.017311"," 25.657961"," 25.485937"," 25.680419"," 26.018485"," 25.391066","0.925895596363977","0.943615247507638"
"564","sp|Q86SQ4|GP126_HUMAN"," 21.105674"," 18.967874"," 19.547390"," 20.033403"," 20.161868"," 19.629605","0.926213077163439","0.943615247507638"
"565","sp|P21810|PGS1_HUMAN"," 19.203258"," 19.409225"," 18.689908"," 19.072038"," 19.191036"," 19.106046","0.927204547550983","0.943615247507638"
"566","sp|CRP_HUMAN|"," 28.306523"," 28.113592"," 28.539020"," 27.804179"," 28.532724"," 28.699612","0.937560350767867","0.952468554225307"
"567","sp|P13473|LAMP2_HUMAN"," 23.082630"," 20.980895"," 21.892327"," 22.072767"," 22.243605"," 21.791588","0.941942185428328","0.955232374993454"
"568","sp|P98160|PGBM_HUMAN"," 28.557182"," 28.171801"," 27.241534"," 27.815208"," 28.185219"," 27.909150","0.964074176987191","0.975955372830343"
"569","sp|Q9UBP4|DKK3_HUMAN"," 25.403177"," 25.234604"," 24.383841"," 25.511413"," 24.718243"," 24.834584","0.973517882328114","0.981357863675765"
"570","sp|LYSC_HUMAN|"," 26.666672"," 26.730111"," 29.114382"," 27.568762"," 27.411907"," 27.615754","0.975100911652949","0.981357863675765"
"571","sp|P02675|FIBB_HUMAN"," 34.501838"," 34.983214"," 34.903429"," 34.903510"," 34.913828"," 34.589399","0.975235835325864","0.981357863675765"
"572","sp|P02679|FIBG_HUMAN"," 34.562868"," 35.005332"," 34.994349"," 35.239212"," 34.786310"," 34.513964","0.977726940958006","0.981357863675765"
"573","sp|P13591|NCAM1_HUMAN"," 22.328496"," 22.947039"," 22.533205"," 21.899480"," 23.191142"," 22.756134","0.977944445019501","0.981357863675765"
"574","sp|Q15113|PCOC1_HUMAN"," 25.834549"," 26.459625"," 26.109677"," 26.331572"," 25.925992"," 26.129893","0.981172476061175","0.982881835775567"
"575","sp|Q8WWA0|ITLN1_HUMAN"," 19.177659"," 15.607404"," 18.216193"," 20.993875"," 11.892787"," 20.201736","0.99321268264714","0.99321268264714"
