"V1","V2","V3","V4","V5","V6","V7","V8","V9"
"0",1,1,1,2,2,2,"LogFC","Zstatistic"
"sp|P04114|APOB_HUMAN;sp|Q9ULK0|GRID1_HUMAN;sp|O75964|ATP5L_HUMAN;sp|Q7Z4Y8|AT5L2_HUMAN",20777667679.8448,14978544668.1005,23341861165.5661,19893865897.8587,19477104668.9335,25600535371.3263,"-3.34322082259353","-0.0344210520729903"
"sp|P01024|CO3_HUMAN",97606717937.8755,74640275958.4558,89830799031.118,85810854395.2412,81783444735.5218,84985383814.6487,"-4.53380677801093","-0.0449046531034601"
"sp|P0C0L5|CO4B_HUMAN",2126086925.37947,2246781700.21507,3071829348.19571,1227283269.32064,1499023238.91792,1552819358.58864,"-1.05190211225935","-0.0106380242640932"
"sp|ALBU_HUMAN|;sp|Q8WY91|THAP4_HUMAN;sp|O75683|SURF6_HUMAN;sp|Q96JG6|CC132_HUMAN",241600786974.939,331547561754.584,265753657426.142,229620740711.603,163158991991.066,208791251594.014,"-2.14733400056857","-0.0222685983847797"
"sp|P0C0L4|CO4A_HUMAN",814677853.679496,297046419.541543,523423553.409664,309790051.046257,338554908.381462,343089142.066545,"-0.64626371241839","-0.00638045341852863"
"sp|P01023|A2MG_HUMAN",45614228580.8686,36015826505.3203,51432932178.6716,96895993602.0082,109112575894.025,107018631470.298,"-2.24434790384206","-0.0231409242481432"
"sp|P02751|FINC_HUMAN",6552213342.76036,5831534525.27732,6083030485.57177,9748984034.52279,8657624012.52594,6693910478.24023,"2.97209854270884","0.030248105214831"
"sp|P08603|CFAH_HUMAN;sp|Q02985|FHR3_HUMAN",10147233052.9475,9172254881.02783,10205748821.3081,13757449551.2555,13970488689.235,12905187912.5948,"-1.65195668254321","-0.0169460890774773"
"sp|P98160|PGBM_HUMAN",310215410.475822,196067466.722888,126308772.540942,268220779.020881,382403887.479061,327351108.026795,"-4.08125831280779","-0.0420470437248957"
"sp|P12111|CO6A3_HUMAN",335341892.321216,290314489.353633,410250893.21298,331564431.630978,450726715.37532,398696862.340327,"2.93310978771936","0.0293920978022138"
"sp|P01031|CO5_HUMAN",714171926.297921,674876001.338011,919527864.098058,963021468.587885,849446502.053487,776409679.294322,"2.50631152088468","0.0243679710836871"
"sp|Q9Y6R7|FCGBP_HUMAN",381729243.420404,352584843.591804,402167131.770359,999642017.753098,1050336010.94249,698768711.36489,"-0.492589270197368","-0.00484927443348236"
"sp|P00450|CERU_HUMAN",21260869253.7947,16829825469.7758,15561240777.0441,20784636012.6882,22638310138.7604,23921811740.4196,"-1.72852150242209","-0.0182133325798118"
"sp|P02671|FIBA_HUMAN",9499742943.85462,12369921720.2852,8457635409.34148,13955398465.6621,12134950029.3355,12380586777.9365,"1.90461817795771","0.020032833043085"
"sp|P04275|VWF_HUMAN",198112645.31945,200274923.090332,248575664.360574,265251545.304782,250856950.186264,267546578.675746,"-0.518287282080494","-0.00519268479467564"
"sp|TRFE_HUMAN|",1874822106.92553,4501978313.16503,6072925783.76849,505759476.308746,411976454.777442,323154298.949529,"-1.2513515049707","-0.012928438320729"
"sp|P00747|PLMN_HUMAN",4213517724.84294,8229784654.72038,3940833703.27739,2969233716.09831,4384897909.7599,2990226467.55246,"-1.64532693773648","-0.0155544153387032"
"sp|CO5_HUMAN|;Int_P01031ups|CO5_HUMAN_UPS",306349797.884223,298729402.088521,317287636.622846,281087458.457307,261054387.185706,243414926.481463,"0.234393017230219","0.00238362119422574"
"sp|P02774|VTDB_HUMAN",16622134143.8758,14557799031.3561,14247629542.6183,10095394634.7343,11829026919.3523,9841517286.19019,"0.28664670132652","0.00276315855076916"
"sp|Q14624|ITIH4_HUMAN",6445908996.49138,5823119612.54244,5820308238.68661,4216311876.8596,5955303207.67391,5120107074.26526,"-1.5619116903292","-0.0155253070900007"
"sp|P06727|APOA4_HUMAN;sp|Q9BT92|TCHP_HUMAN;sp|Q14980|NUMA1_HUMAN;sp|Q15020|SART3_HUMAN;sp|P61129|ZC3H6_HUMAN",4397134322.9439,5520182754.08647,15965428849.1751,14153347380.0686,12440873139.3188,13534709274.1848,"-1.48239480000519","-0.0155200157893013"
"sp|P10643|CO7_HUMAN",3749644213.85106,3323890530.28073,3405284507.7038,13757449551.2555,11727052549.3579,9453312446.54303,"-2.4523475142253","-0.0240014132207694"
"sp|P20742|PZP_HUMAN",126598812.374868,144736499.040072,303141054.098261,48200560.6579959,52720749.2871132,36512238.9722195,"5.90784283981091","0.0609415525183037"
"sp|P09486|SPRC_HUMAN",160422922.55136,103503426.639121,84475307.075382,65818014.0401792,120329756.593411,128002676.856631,"6.03813422134619","0.0614560766096495"
"sp|P11047|LAMC1_HUMAN",5468021.17059977,5083558.2577945,10205748.8213081,19992840.355062,19783027.7789168,19725002.663153,"-2.01160906992821","-0.0203622657684828"
"sp|Q9NPY3|C1QR1_HUMAN",7713420.36294898,9845447.89981886,12630877.2540942,16231810.9813374,21108694.5888442,18570880.1669047,"-3.80359413177917","-0.0376799223782693"
"sp|Q6UY14|ATL4_HUMAN",1537898.52093381,389962.130104484,1355450.3201265,3577359.766541,7250810.52050054,5898957.13718428,"-2.49578147014118","-0.0255739200101787"
"sp|Q96KN2|CNDP1_HUMAN",7215683.15017644,9761298.77246998,10086322.3156942,2571267.83183785,7221923.70738626,6709524.88477659,"3.02220531673458","0.0295442378685481"
"sp|ALDOA_RABIT|",52765611.8753268,51499265.937514,33951798.0590052,13955398.4656621,114211294.393746,93903603.1038403,"0.702969467849423","0.0070494637912927"
"sp|P0CG05|LAC2_HUMAN;sp|P0CG04|LAC1_HUMAN;sp|P0CG06|LAC3_HUMAN;sp|P0CF74|LAC6_HUMAN",4049229189.69998,2869485242.59678,4860361567.37545,22269252870.7373,19783027778.9167,28118620817.6863,"-1.71077092268455","-0.0163382492434224"
"sp|P01861|IGHG4_HUMAN",1012180.24826875,932479.604333125,924074.269852136,3961185.10576743,2816941.15719408,6354694.63317403,"-2.94105825135179","-0.0292897005883443"
"sp|Q96IY4|CBPB2_HUMAN",78085374.3503004,82634443.0565993,89527657.9770197,60572367.8084055,86474265.755265,70926073.4058056,"1.87937819668783","0.0187405961949206"
"sp|P80188|NGAL_HUMAN",200045451.61525,51246818.5554674,251607074.901556,61067240.0944219,234541050.987157,176265981.245197,"-2.07609252686319","-0.0214116015011076"
"sp|O14786|NRP1_HUMAN",8832178.07847875,8275731.14358082,8670333.79440033,25040537.6724291,35589055.1280513,37456521.0146044,"1.75931134257337","0.0187421488563448"
"sp|P11597|CETP_HUMAN",3959023.03920904,7109491.17410721,2241755.75970924,1418742.33949136,2465291.06834542,2434621.83915636,"-0.743508496665595","-0.00749166469596411"
"sp|O14791|APOL1_HUMAN",81371145.0531596,53098099.3571427,29303635.2294985,50476973.1736713,64753724.9464543,31580988.3064312,"-0.513949227638231","-0.00548564728259975"
"sp|P08294|SODE_HUMAN;sp|Q8IY17|PLPL6_HUMAN",24933201.2158137,36184124.760018,28091071.0131055,83039569.5935494,100240805.704511,79529532.0142022,"0.489662865370223","0.00499162919491495"
"sp|P48740|MASP1_HUMAN",21744070.8277445,11528430.4467964,21017779.7508127,23160022.9855668,14276411.7992183,36512238.9722195,"1.96149607290377","0.0201222040565067"
"sp|Q14767|LTBP2_HUMAN",6412777.02811503,6098993.79019334,6702396.2657416,6397424.23635781,15500104.2391513,12695347.4587315,"-2.17307651734232","-0.0228695383394319"
"sp|P14618|KPYM_HUMAN;sp|P30613|KPYR_HUMAN",6540812.27410325,6781732.86270399,25868036.6163849,3171110.1903413,6770627.02972396,12590427.2317998,"2.02644282377697","0.0214134988330168"
"sp|P22692|IBP4_HUMAN",19134782.3284152,14052904.2672628,37185302.6360533,105902669.207506,126448218.793076,134297890.472531,"-3.15774514014043","-0.0336074409379286"
"sp|P08195|4F2_HUMAN",10050592.7381575,2199484.15083303,2843654.77060348,6966438.16949582,9030257.90795252,6635267.94984527,"2.51831049004928","0.0252716716971992"
"sp|O00468|AGRIN_HUMAN",4340424.60141488,2198445.88439865,3292730.80899513,2022875.39214549,5865630.1058668,3037241.07225381,"3.32899483961241","0.0330404053044268"
"sp|P10586|PTPRF_HUMAN;sp|P23468|PTPRD_HUMAN",3132827.05259352,1482526.88839153,4094370.382994,4310981.82307797,3475576.25898973,4466061.85713149,"-1.80234907082522","-0.0185354810844798"
"sp|P55268|LAMB2_HUMAN",1085129.628635,1406743.57444471,1937908.97605904,2863874.81255868,291646698.18403,4049030.07077181,"3.16934717430977","0.0312549102329714"
"sp|Q9UM47|NOTC3_HUMAN",2274709.60741988,2545423.34738614,1989066.01754344,4684839.63969914,3376354.04875376,2902330.4938209,"-1.53137225225332","-0.0151083864897425"
"sp|P20851|C4BPB_HUMAN",76732409.9432407,54528634.5220737,82252272.6786614,78387770.1049954,48233877.0073589,53194555.0543542,"-2.40487222885946","-0.0237567824215516"
"sp|CAH1_HUMAN|",13916205.3297565,5159432.22391323,86799388.4901353,68688273.2990742,13664565.5792518,20249603.7978114,"6.90352849502034","0.0680155307072202"
"sp|Q6UXB8|PI16_HUMAN",27252568.7707732,27264317.2610368,65175326.6311261,53545181.3469729,54658262.3170071,52774874.1466276,"1.59665100353075","0.0163952822339343"
"sp|Q9HDC9|APMAP_HUMAN",9857312.10857753,4714639.16650564,5490926.38653291,3890982.54405778,3621711.10409105,4686998.95328292,"0.697725070110205","0.00683529602952325"
"sp|P12830|CADH1_HUMAN",12949802.1818568,10434491.791261,17582181.1376991,25634384.4156487,23760028.208699,25705455.598258,"3.36167022788277","0.0342114908462631"
"sp|P00488|F13A_HUMAN",8322449.38464273,19354299.2902422,17683228.1557319,20388738.1838751,17131694.1590619,18046279.0322464,"-0.435045223845246","-0.00429471817827638"
"sp|Q6YHK3|CD109_HUMAN",3633975.47616392,1180610.28424923,4726643.19484491,4663639.9216386,4093873.62234057,5040326.32860411,"-0.265847366505456","-0.00264951838429137"
"sp|P20774|MIME_HUMAN",9953952.4233675,5509077.48099041,11620407.0737667,30682081.7330159,35385106.3880624,28957982.6331396,"0.694461504397715","0.00690580732803972"
"sp|Q6UWP8|SBSN_HUMAN",98062.9333804025,306437.728485666,1238127.06575321,1604849.6232224,2361642.94304884,1863235.40714945,"-3.19871746499663","-0.0304933393003938"
"sp|P43121|MUC18_HUMAN",7929985.49547838,9003956.62633007,10062951.9380497,18409249.0398095,28246900.4884533,25705455.598258,"2.57186680121909","0.0276307609306855"
"sp|P27918|PROP_HUMAN",45034386.6921287,41401370.6556485,93266397.6442316,230610485.283635,295725672.983807,265448174.137113,"-2.22927535644722","-0.0229641080794249"
"sp|Q86UD1|OAF_HUMAN",9620904.55177948,17334720.2338691,15056005.6868803,21081559.384298,25697541.2385929,19200401.5284947,"-2.31910464823251","-0.0227848188213787"
"sp|Q16853|AOC3_HUMAN",3558221.11645931,1486060.2631254,3779989.53461432,17815402.2965899,18661309.7089782,7131647.23477304,"0.55160566116483","0.00550171078898064"
"sp|B9A064|IGLL5_HUMAN;sp|P0CG04|LAC1_HUMAN;sp|P0CG06|LAC3_HUMAN;sp|P0CF74|LAC6_HUMAN",2464328027.14438,1817621150.73579,3112248155.40881,14846168580.4916,12440873139.3188,17941358805.3147,"0.898524421543247","0.00914113706402965"
"sp|P02655|APOC2_HUMAN",522824103.013769,220470713.654063,132371593.622907,339482388.20724,144803605.392071,251808544.635996,"4.10605362460593","0.0424039501296439"
"sp|P02743|SAMP_HUMAN",450343866.921287,377829581.796467,359727384.196603,257333588.72852,254935924.986041,258103758.251896,"-2.19868441838016","-0.0218628997511794"
"sp|P02747|C1QC_HUMAN",1014723305.29475,866736011.693455,1586438183.11423,3236464750.54716,2794097737.847,2706941854.83696,"2.14741380924009","0.0210039489712035"
"sp|P02792|FRIL_HUMAN",33437548.9173316,20616536.2004754,49209897.781951,43053888.8834255,13358642.4692685,15528193.5858864,"-1.89110215903732","-0.0183741661160313"
"sp|P0DJI9|SAA2_HUMAN",28605533.1778328,7967010.2780267,26979553.8147452,3397660.24158996,4301567.62192439,5499223.22653372,"1.63891070894788","0.0168854937781584"
"sp|Q14118|DAG1_HUMAN",10147233.0529475,9172254.88102783,20209403.6065507,29791311.6181864,33141670.2481853,29482583.7677979,"-2.26603956121876","-0.0223934895778928"
"sp|P01767|HV306_HUMAN",28218971.9186729,34164545.7036449,35669597.365562,58196980.8355269,50885210.6272137,65260381.1514957,"0.0498951032818373","0.000513433535351278"
"sp|Q9Y5Y7|LYVE1_HUMAN",26576086.5672433,27096019.0063391,34254939.1131035,115800114.927834,89635471.2250919,114363047.355515,"-4.53572638114396","-0.0452702586599855"
"sp|P62258|1433E_HUMAN;sp|P27348|1433T_HUMAN;sp|P61981|1433G_HUMAN;sp|Q04917|1433F_HUMAN;sp|P31947|1433S_HUMAN",64845651.2240737,49227239.4990943,53150731.4852284,16726683.2673538,30388362.258336,71765435.2212589,"2.11761389943128","0.0215517696724115"
"sp|Q12913|PTPRJ_HUMAN",2798330.25663147,2165003.8363705,3715449.85031295,11085139.206767,11931001.2893467,11751065.4163465,"3.21962442530714","0.0326933053751463"
"sp|Q9NQ79|CRAC1_HUMAN",1781918.85667963,2412395.35455942,2985484.63187838,17518478.92498,6281801.01733906,8987493.30339291,"-3.01514548248621","-0.0299455985353735"
"sp|Q6EMK4|VASN_HUMAN",56437943.8373458,68244942.279941,59314599.5852264,122728326.932063,147862836.491904,146888317.704331,"-2.7117865744128","-0.0278960903606982"
"sp|Q8WZ75|ROBO4_HUMAN",9507815.60120277,13968755.1399139,2702838.59785643,10986164.7495637,12848770.6192964,12905187.9125948,"-2.27451868740065","-0.022185653587375"
"sp|P07998|RNAS1_HUMAN",36530038.9906108,19438448.4175911,47492098.4753942,145492452.088817,197830277.789167,173118374.437247,"1.23020294698801","0.0121381443737652"
"sp|P07737|PROF1_HUMAN",8467815.78383953,4891215.99552215,29303635.2294985,25535409.9584455,17029719.7890675,53509315.7351492,"4.6424493847688","0.0470153872429213"
"sp|P24592|IBP6_HUMAN",13529644.0705966,11023535.6827032,26171177.6704832,92838040.8566738,117270525.493579,85929665.8570337,"8.030373975405","0.0806591315492509"
"sp|CATD_HUMAN|",10243873.3677374,1946643.18564646,1733445.75422134,13658475.0940522,16417873.569101,12590427.2317998,"-2.23672086630893","-0.0219826840528262"
"sp|P55290|CAD13_HUMAN",6406974.28747275,3801795.68782963,9649862.58862902,7561050.55635228,17131694.1590619,10194486.4386758,"1.3221150330714","0.013098292565532"
"sp|P11226|MBL2_HUMAN",8523877.27209544,11612579.5741453,9539612.94987896,36620549.1652125,59553032.0767391,64001338.4283157,"0.868904651108524","0.00848530768938859"
"sp|Q10588|BST1_HUMAN",1682783.37883727,1296556.35849195,1368022.27585391,3524778.25395557,5987803.22357403,7884599.33760904,"6.52086137464937","0.0651470377640024"
"sp|P01034|CYTC_HUMAN",100505927.381575,99295970.2716774,336486570.049069,548318492.906155,772965724.557675,647357800.168374,"0.66818551735691","0.00659850121589037"
"sp|P04406|G3P_HUMAN",10437153.9973174,24908141.6952682,29404682.2475313,6846808.329003,7221080.06628509,13324868.8203215,"3.06400296529699","0.0314185313213206"
"sp|Q92820|GGH_HUMAN",17201976.0326157,12874816.4843785,6939103.60012778,3781845.21440408,6024621.55831775,5315216.29284844,"-2.91840290947687","-0.0282567292275405"
"sp|P04180|LCAT_HUMAN",22323912.7164844,10097895.2818655,29707823.3016296,12173858.2360031,21822515.1788051,16367555.4013398,"1.52234167085336","0.0152765160016958"
"sp|P05109|S10A8_HUMAN",321812248.250619,92564040.0837671,285963061.032693,33354392.0775044,26717284.9385371,227676892.441713,"5.26341398885394","0.0521608513962435"
"sp|O14498|ISLR_HUMAN",28605533.1778328,21962922.2380575,26676412.760647,33057468.7058945,31408105.9582802,47423942.5731126,"-2.67501595484477","-0.0280885275445915"
"sp|P33151|CADH5_HUMAN",26962647.8264032,23309308.2756395,22634532.0393368,55227747.1194286,66385314.866365,80263973.6027238,"3.06241517858587","0.0303187909373799"
"sp|P06702|S10A9_HUMAN",170086954.030357,48133300.8435589,160664758.672078,20487712.6410783,16111950.4591178,96421688.5502002,"-1.06941361941404","-0.0108217127698419"
"sp|P39059|COFA1_HUMAN",4163586.29990832,3500414.15432849,1290369.52803309,7161870.09417357,10809283.2194081,9746568.12154891,"-2.98262960842634","-0.0295421697856242"
"sp|P00558|PGK1_HUMAN;sp|P07205|PGK2_HUMAN",4940784.45728305,11275983.0647498,23139767.1295006,1722631.24637323,3133278.78925511,7785826.65956589,"0.653205348776944","0.00648259874791911"
"sp|P14625|ENPL_HUMAN",1609891.94303737,939310.641155771,729274.645329059,3446034.51330754,6379169.47833214,7393721.27303704,"3.70397729992636","0.0372042425795107"
"sp|P54108|CRIS3_HUMAN",11693478.0895871,3002294.19776948,6739585.99423704,30187209.4469995,19681053.4089223,15213432.9050914,"6.0186215385845","0.0620455316819396"
"sp|P17900|SAP3_HUMAN",2393644.51135562,2562616.9251302,3217701.43880413,14054372.9228653,18355386.5989949,15633113.8128181,"1.15451703248632","0.0109659828250831"
"sp|Q92496|FHR4_HUMAN;sp|Q02985|FHR3_HUMAN",31794663.565902,35174335.2318315,6440929.94234827,9255892.66816621,18253412.2290005,38295882.8300578,"-1.64203973456983","-0.0164453844039725"
"sp|P07359|GP1BA_HUMAN",3276056.1139995,2416335.05934303,6553875.67721468,7763308.73845615,11013231.959397,9960974.37004198,"-0.375933467289167","-0.00362054039292522"
"sp|Q03167|TGBR3_HUMAN",1954748.16905717,1271135.29420584,1595526.22156544,6841827.14450037,11319155.0693802,15423273.3589548,"1.83988669333221","0.0179757663823069"
"sp|P15151|PVR_HUMAN",13722924.7001766,10602790.0459588,8361859.52618239,14450270.7516784,21516592.0688218,23711971.2865563,"-2.88694106533531","-0.0281769863857209"
"sp|P01854|IGHE_HUMAN",510140.999495199,2719024.58920836,448600.595397999,18706172.4114194,2265338.91092464,2315201.72394653,"-3.58880473066078","-0.0358573234130459"
"sp|Q9UNW1|MINP1_HUMAN",14012845.6445465,4461547.6565488,5109589.16284508,11580011.4927834,16519847.9390954,18151199.2591781,"0.621099573381688","0.00613570229704559"
"sp|Q9BWP8|COL11_HUMAN",980945.393054336,2508756.27311295,1859702.66640122,8572486.68021577,7715606.68049373,8319309.05641267,"3.49266507736121","0.0348516759646248"
"sp|P07900|HS90A_HUMAN;sp|Q92538|GBF1_HUMAN;sp|Q14568|HS902_HUMAN;sp|Q58FF8|H90B2_HUMAN;sp|Q58FG1|HS904_HUMAN",11306916.8304272,16745676.342427,23645002.2196643,5263685.25596913,5464202.14607469,9123781.41305968,"-2.20558163228016","-0.0232414546559167"
"sp|P07478|TRY2_HUMAN;sp|Q8NHM4|TRY6_HUMAN",5050382.09963619,4522625.4283169,3117797.78798982,24347716.4720061,114211294.393746,60748811.3934341,"-1.53918006217876","-0.0150068936799134"
"sp|O94985|CSTN1_HUMAN",2864458.58576165,1598999.55440934,1096522.29782615,4601544.0053694,7203145.21586949,5470664.10758608,"2.40558146348298","0.0234614748459105"
"sp|Q9BYE9|CDHR2_HUMAN",452319.679993334,141145.169960708,106979.672771217,4540648.76605594,3455423.72912063,5273331.93471208,"-3.92717563849817","-0.0401047308961952"
"sp|P27487|DPP4_HUMAN",1823131.9133052,3196553.63970811,2874692.81221695,4476177.20350079,6008051.16372294,5620557.8777813,"-0.0982442510623618","-0.000985431389540512"
"sp|P06733|ENOA_HUMAN",2290823.46182812,18176211.5073579,24352331.3458936,4230764.96739356,2676341.75112814,13744549.7280481,"-2.22248112980418","-0.0209481435084008"
"sp|Q13332|PTPRS_HUMAN",2318070.59264838,1382894.0085757,2602744.13187421,7303979.83388465,5930702.12953278,4604080.7644362,"2.66669637263115","0.0258447967735357"
"sp|P14780|MMP9_HUMAN",130361.767439117,113924.121339462,13944488.48852,12622.4727804691,98407.0937318963,3903265.98903708,"-0.336907574715731","-0.00346043064692236"
"sp|Q9NY15|STAB1_HUMAN",1350990.61463996,524408.558798003,1268567.84673626,3189491.32073782,2321469.80245437,2807633.78822966,"-0.251418287387162","-0.00252755663753673"
"sp|Q12860|CNTN1_HUMAN",4950591.66428762,3033706.13463648,1865228.45693833,6966527.3553792,5491110.09759152,8159465.33912274,"-4.4340264517864","-0.0440238994315647"
"sp|Q14112|NID2_HUMAN",3792671.42855875,5938460.47616337,5112986.63540782,4444370.34436429,6771471.05322902,9183765.39481926,"0.957259936622071","0.00937125525288002"
"sp|Q99497|PARK7_HUMAN",806291.667897591,1377694.850535,5135516.35541724,2249651.47136206,1055077.14509664,3427071.49553534,"-1.10199518456197","-0.0112197372374497"
"sp|TRYP_PIG|",6030355642.89449,3441699308.56916,3900414896.06429,5453492591.90056,7801039304.57284,7197527567.51223,"2.93141569391434","0.0291735253521371"
"sp|CRP_HUMAN|",262861656.228734,191860010.355444,313245755.901536,264261800.73275,484378257.473477,556077202.737825,"-0.488224132417341","-0.00491719678256854"
"sp|P01620|KV302_HUMAN;sp|P18135|KV312_HUMAN",86686362.3666083,93405531.3572558,87910905.6884956,436477356.266452,366087988.279954,477387032.539076,"0.333990959230738","0.00327505620716242"
"sp|P35542|SAA4_HUMAN",485134380.245678,571372574.698889,114183130.377012,225661762.423472,277370286.384812,305317860.371145,"4.47597779159591","0.0455213049765002"
"sp|P10451|OSTP_HUMAN",76152568.0545009,33996247.4489472,41227183.3573635,21675406.1275177,30286387.8883416,25390694.917463,"-0.0988313206818901","-0.00100318654833311"
"sp|Q9UGM5|FETUB_HUMAN",29571936.3257326,19270150.1628933,22937673.0934351,12767704.9792227,39871978.6678168,16787236.3090664,"2.6046808442097","0.0259519115111121"
"sp|P01781|HV320_HUMAN",22420553.0312744,24487396.0585238,20815685.7147472,116789859.499867,81273572.8855497,94008523.3307719,"2.79864257834171","0.0281809542839704"
"sp|P01768|HV307_HUMAN",2084280.68953531,762881.258913389,1292486.42870489,32958494.2486912,20904745.8488553,41443489.6380077,"-1.51921402899981","-0.0153549573354843"
"sp|Q9UHG3|PCYOX_HUMAN",2122667.43057382,594214.643093643,114705.088647613,1745841.91953727,3577099.4036141,3282075.83485384,"0.00568458400808967","5.63716970666925e-05"
"sp|Q9HCU0|CD248_HUMAN",4267916.2748821,3810448.28061621,8362558.92817006,6272799.23122028,7065572.57226398,6928551.91659034,"1.17763924725739","0.0119908733230703"
"sp|P05451|REG1A_HUMAN",10050592.7381575,3390380.1478504,7956572.57379309,17023606.6389636,37016696.3079731,43646814.4035727,"4.82859915171339","0.0479340165824258"
"sp|Q13093|PAFA_HUMAN",2299799.40073616,2266332.97325814,2459642.54032245,6832440.68014871,14582334.9092015,6948132.81446941,"-3.19991860149368","-0.0318477125092489"
"sp|P13598|ICAM2_HUMAN",8711385.89555243,3670909.96432846,6037697.29705545,20388738.1838751,10707308.8494137,13115028.3664581,"-4.5276875345791","-0.0456850595988707"
"sp|P32119|PRDX2_HUMAN",644036.17680094,3299134.22642935,26171177.6704832,6327027.46004002,1751059.09847979,2723998.61547098,"-5.02077743663096","-0.0517919601013474"
"sp|Q15848|ADIPO_HUMAN",77795453.4059305,74387828.5764092,40519854.2311342,213784827.559078,224343613.987716,457452189.42206,"-0.676692095137752","-0.00677023381221485"
"sp|P78324|SHPS1_HUMAN",2937798.54182573,2652720.44809625,5549421.20277601,6906248.7130777,20598822.7388721,10046204.0312274,"1.4245777532903","0.0142204590855985"
"sp|P09382|LEG1_HUMAN",752826.070700897,1422402.10717364,1929268.47384023,2626830.71636682,3472769.55721975,5966065.92105608,"-3.57384858587704","-0.036106316017376"
"sp|P09960|LKHA4_HUMAN",1211627.01603309,1730852.7252808,1885111.04215351,1101237.26117793,2508400.40388334,2730748.31623069,"-1.34286170617062","-0.0132477526402528"
"sp|P29401|TKT_HUMAN",3164423.55326114,2096833.46452274,6572573.54070882,1877188.90756154,7745924.94455039,13744549.7280481,"-2.45046003932804","-0.0239886479710664"
"sp|P98095|FBLN2_HUMAN",2122369.64793984,2437145.59462468,5390586.73501378,6126844.91086794,11523103.809369,9203618.07385737,"1.07146651996262","0.0107930619895177"
"sp|Q6UX71|PXDC2_HUMAN",7561844.42246961,3674796.28995462,3293567.849147,7927043.29152146,10911257.5894025,7857403.3926114,"-5.70195747179485","-0.0560543244821966"
"sp|P62805|H4_HUMAN",1254291.71745756,40812326.7642064,11317266.0196684,963035.957161752,295779.773344346,3658939.28165193,"-2.2997876756216","-0.0233854697556348"
"sp|P15085|CBPA1_HUMAN",321583.14721188,75156.2455723696,299748.672486384,2021821.65563815,11523103.809369,9749370.18408148,"-3.1834284980436","-0.0324385353174199"
"sp|P17936|IBP3_HUMAN",16622134.1438758,31303475.373783,40519854.2311342,23753869.7287865,11829026.9193523,28643221.9523446,"-1.99962529138865","-0.0189383571822559"
"sp|P16930|FAAA_HUMAN",2561509.86207267,1779338.51672093,2897120.49191614,9851747.11715794,11523103.809369,12590427.2317998,"1.54153637017249","0.0153922330361775"
"sp|Q02818|NUCB1_HUMAN",2946876.24588446,3564189.1976256,3077632.31777657,2832467.72313176,6824588.99472675,7816742.19867742,"5.88334471920406","0.06048143519586"
"sp|P06744|G6PI_HUMAN",123696.148136556,936770.380959014,3130340.06216615,24605.6034566172,1.01974369994416e-05,402585.7629719,"9.18109943075065","0.0900100406293045"
"sp|P29279|CTGF_HUMAN",7063943.91269156,7469651.61441536,5792349.50187973,13955398.4656621,47112158.9374203,23082449.9249663,"-1.34629318040472","-0.0137738822958171"
"sp|P23470|PTPRG_HUMAN",1155148.65045128,372418.564274755,1646991.10076934,2332350.31643797,7212082.7442315,6224252.07316219,"-2.20166102583103","-0.0226933324128257"
"sp|P04070|PROC_HUMAN",4893981.83212077,4058322.33262162,2915665.73298378,3590463.41062286,4121652.33912124,2401616.57765497,"-4.39480785243747","-0.0433230789796147"
"sp|P35916|VGFR3_HUMAN",135704.351646829,469304.81993988,179136.193785179,1584833.9524293,1645341.66541831,2298672.68897152,"-0.737105691050509","-0.00712539104246566"
"sp|Q76LX8|ATS13_HUMAN",1398847.69677295,2973658.12098449,929543.274794425,6418352.04585105,972979.653564926,1963684.71041896,"-0.033416993517461","-0.000328196556943673"
"sp|P03973|SLPI_HUMAN",8497646.81961404,3893458.70786424,7373243.63323975,23753869.7287865,14072463.0592294,20774204.9324697,"-3.5847643575355","-0.0363840859748461"
"sp|Q8NBJ4|GOLM1_HUMAN",50059683.0612074,25413036.4593615,47795239.5294924,57702108.5495105,81273572.8855497,52145352.7850376,"4.35892489706944","0.0425207071597639"
"sp|Q15166|PON3_HUMAN",100505927.381575,45861274.4051391,42843935.6458875,72548277.1300021,41503568.5877274,45010777.3536843,"-0.169851712296073","-0.00176510774154108"
"sp|P10645|CMGA_HUMAN",1530178.06728009,242332.683362128,685963.904693859,31968749.6766585,7954919.59867067,9271538.90671115,"5.46646282486909","0.0547726871901652"
"sp|P00338|LDHA_HUMAN",57984188.8739855,54107888.8853293,95590479.0589849,59087750.9503564,79540008.5956447,114363047.355515,"-1.43852506134379","-0.0150021895385656"
"sp|P07195|LDHB_HUMAN;sp|P07864|LDHC_HUMAN;sp|Q9BYZ2|LDH6B_HUMAN",62139722.4099544,55959169.6870046,98217701.5278365,59978521.0651859,84128855.2453934,118559856.432782,"-5.18472143778509","-0.049817877415499"
"sp|P14207|FOLR2_HUMAN",2267233.00240686,1798671.5119766,1710801.11545926,11777960.40719,7955100.2574843,13429789.0472531,"-2.67593807154057","-0.0269190927898867"
"sp|Q9HCB6|SPON1_HUMAN",5748331.8386994,9677149.6451211,13439253.3983562,10392318.0063441,10080612.8555355,11016623.8278248,"0.00720912213622608","6.95348220458658e-05"
"sp|P05164|PERM_HUMAN",2470836.62767948,3800894.65263363,6273249.32652848,1104285.3547723,457033.997907313,6760163.80658297,"-2.15236403792432","-0.0217158469581528"
"sp|A1L4H1|SRCRL_HUMAN",669600.065274314,2080160.02684018,1684496.78308076,1667747.17815899,4970041.22215428,1539575.35913163,"-2.87265663618714","-0.0301519603307122"
"sp|P11717|MPRI_HUMAN",669376.512259406,154643.976459327,658081.764760153,1089695.03714316,3204039.3521966,951845.939738798,"1.61432440003437","0.0157737653614841"
"sp|Q96S96|PEBP4_HUMAN",2676142.19230069,78761.9146812389,12934018.3081925,22863099.613957,43033184.1376437,32420350.1218845,"0.486115025588521","0.00470751060506161"
"sp|P17813|EGLN_HUMAN",1411785.79001427,1231675.72020219,1333571.22974056,4039801.15550924,4244350.41680623,4924299.91898811,"-0.879887960127908","-0.0086857204559531"
"sp|P02794|FRIH_HUMAN",3633776.27148304,1904521.83758169,7355123.83649496,4795334.98204421,1991422.90944773,4721057.54251694,"0.229602528057441","0.00224666382763434"
"sp|P07237|PDIA1_HUMAN",243531.763579659,1543363.77066023,1285850.96305657,1042513.72831213,419121.204984219,1017391.69404505,"3.9876274761158","0.0395973413278311"
"sp|P05121|PAI1_HUMAN",4388319.41289317,7766293.61829981,2346355.2594618,1434144.21203875,3163266.03532907,4620288.9785381,"2.69527136849525","0.0271565572192452"
"sp|Q13308|PTK7_HUMAN",1855659.15297895,2325455.93639468,2611397.26497028,2209185.46761113,3071541.84551774,1803546.73910659,"1.164050807448","0.0115838611412051"
"sp|P09619|PGFRB_HUMAN",135095.308630651,325050.88366359,185082.727533663,850358.096795218,1370164.34499843,570636.333172928,"1.33696920459075","0.0132776585776863"
"sp|O95428|PPN_HUMAN",148020.48995279,72808.0922626779,178952.635106772,696378.267986033,373077.634450227,498679.935479476,"-3.481255442047","-0.0346304102982047"
"sp|P13591|NCAM1_HUMAN",3563928.1387354,4739861.04223389,4880053.75777832,4896440.94227063,14072463.0592294,11646145.1894148,"5.12161457303588","0.0517996953755503"
"sp|Q9UJJ9|GNPTG_HUMAN",5381463.62300796,6245619.84526566,5919746.63972626,11382062.5783769,13664565.5792518,13639629.5011165,"-6.27780575576112","-0.0619987876243679"
"sp|Q9NZK5|CECR1_HUMAN",999129.884108133,306787.463030017,652808.891776725,4304330.4772716,7921078.63000256,3540818.43033427,"3.45608272062255","0.034393271361688"
"sp|P04075|ALDOA_HUMAN",2945673.83452461,5729293.74787916,8863378.1989757,1824972.73741049,3560939.48747057,4665301.87632957,"1.71137981192277","0.0165719218842081"
"sp|Q14126|DSG2_HUMAN",2731706.95030497,2256941.55786537,2288058.57924307,7020978.76467173,10106532.0135934,9597295.15384442,"-0.54571493204183","-0.00553004593833208"
"sp|Q13740|CD166_HUMAN",2013702.70207109,1463116.75110634,1367062.34636059,4488990.74454089,7776803.28447886,4889057.15285883,"-1.88228836357586","-0.0185110087113683"
"sp|P11142|HSP7C_HUMAN;sp|P34931|HS71L_HUMAN",3322129.57155783,1930449.81789393,4281868.85937205,845776.854613613,1445018.08878918,973540.354446307,"-0.461172833411484","-0.00463042469023392"
"sp|Q7Z7M0|MEGF8_HUMAN",509456.129975389,1225980.50473874,1494856.81118673,4364357.44336435,3994443.08458516,3477033.1205548,"2.25508411105687","0.0223172250270408"
"sp|O43707|ACTN4_HUMAN;sp|Q9H254|SPTN4_HUMAN",763911.8179565,3493928.70198353,2613615.95636617,190940.383541585,162562.932321344,586868.024539567,"1.82713378493046","0.0182283036596686"
"sp|P01621|KV303_HUMAN;sp|P18135|KV312_HUMAN",13336363.4410167,8414912.73488791,6401128.22422194,78882642.3910118,77092623.7157787,88342831.076462,"4.85991947294316","0.0504519598960783"
"sp|P04211|LV001_HUMAN",32374505.4546419,24571545.1858727,34760174.2032672,71756481.4723758,310002084.783025,136396295.011165,"-5.62123902255322","-0.0566357691848665"
"sp|A0M8Q6|LAC7_HUMAN;sp|P0CG04|LAC1_HUMAN;sp|P0CG06|LAC3_HUMAN;sp|P0CF74|LAC6_HUMAN",2966857664.05226,1952259754.494,3182981068.03174,14351296294.4752,12848770619.2964,18885640847.6997,"5.68095839154274","0.0602554486477469"
"sp|B2MG_HUMAN|",942243069.202264,409806250.189041,535549195.573594,2088361046.98915,3660879882.79954,2339721060.57613,"2.30539019315849","0.0227004726024769"
"sp|P02656|APOC3_HUMAN",836905126.08119,474601078.247678,1495495866.88475,656200651.257727,505792875.172305,1016676998.96784,"-3.52421561172227","-0.0352310398290506"
"sp|P69891|HBG1_HUMAN",10243873.3677374,4839454.52595277,618407750.360452,144502707.516784,5040373.56412386,7542168.09257945,"3.11333292696532","0.0309587464928824"
"sp|P01700|LV102_HUMAN;sp|P04208|LV106_HUMAN",22903754.6052243,16156632.4509848,29000494.1754003,148461685.804916,127467962.49302,271743387.753013,"5.86489405370874","0.0584728402381947"
"sp|P80748|LV302_HUMAN",95673911.642076,99295970.2716774,61840775.0360452,607703167.228121,572076215.668675,865591872.186237,"1.18952297643803","0.0122947530035332"
"sp|P13797|PLST_HUMAN",23739.1015995101,205425.915769378,45366.423224108,9.8974457203277e-06,112240.348760726,71403.9089618228,"-3.58838516104366","-0.0365820769101963"
"sp|Q14651|PLSI_HUMAN",9.66403147899758e-06,8.41491273488791e-06,129735.495487133,67.5456711995918,1.01974369994416e-05,1.04920226931665e-05,"1.84814061270517","0.019565045016663"
"sp|P59665|DEF1_HUMAN",134330037.558066,59577582.1630064,273837418.868762,54831849.2906155,37016696.3079731,212988060.67128,"-3.11270803601886","-0.0330993685257582"
"sp|P07585|PGS2_HUMAN",2992244.78675944,5445579.23194237,4610976.20820703,11580011.4927834,16519847.9390954,9787757.0862576,"-3.78951547309378","-0.0365043183638471"
"sp|P05997|CO5A2_HUMAN",7623931.57544753,8411367.69287754,5522001.20926094,3551692.01387685,7940638.83256586,6305288.97728948,"3.08050275141141","0.0302594248778991"
"sp|Q13790|APOF_HUMAN",113069168.304272,97612987.7246998,139444884.8852,37907217.1088551,37220645.0479619,42387771.6803927,"1.26735058865747","0.0127873629411942"
"sp|Q9NRN5|OLFL3_HUMAN",1726773.53600319,3535278.53803061,2533658.50087537,1809561.78989511,2926629.02251618,3582588.85979302,"2.10932472966946","0.0216583995731186"
"sp|P01625|KV402_HUMAN;sp|P06312|KV401_HUMAN",34017390.8060715,46029572.6598369,35063315.2573655,103923180.063441,95549984.684768,193053217.554264,"1.96400092281741","0.0198573970215631"
"sp|PPIA_HUMAN|;sp|Q9Y536|PAL4A_HUMAN",1188087.64454785,7161437.70443746,6579662.1082593,4248167.37402386,3861421.52855967,7287115.32219693,"-1.30272281369852","-0.0133639267111713"
"sp|P11362|FGFR1_HUMAN",6599440.28365357,5332377.86914069,7297953.5627527,12074883.7787998,14480360.5392071,10911703.6008932,"-0.571169671362316","-0.00551681682959128"
"sp|P05062|ALDOB_HUMAN",926100.494065593,1023515.05279834,1699097.00709858,4952380.00594729,6195793.93084403,7218789.71550127,"-3.65093017033726","-0.0379298303257807"
"sp|P16070|CD44_HUMAN",27155928.4559832,18007913.2526601,15763334.8131096,43944658.998255,36404850.0880066,29272743.3139346,"0.598641549815662","0.00598595877646345"
"sp|P15259|PGAM2_HUMAN",7493148.14853317,3226502.27710596,3009929.33737675,1419267.11690962,626800.792530336,2427278.10000661,"-0.0518820009243739","-0.000541182552982562"
"sp|Q9Y4L1|HYOU1_HUMAN;sp|Q9BXT5|TEX15_HUMAN",3868871.05658095,4536191.84123422,4926268.36124447,9226848.54045881,11523103.809369,12065826.0971415,"-0.218867978695222","-0.00223325245347198"
"sp|P08107|HSP71_HUMAN;sp|P17066|HSP76_HUMAN",3459782.42495062,1891258.45156239,1789406.51839857,722511.886393053,425582.519394192,523605.534349304,"4.83198963207608","0.0485234126116392"
"sp|P00533|EGFR_HUMAN",653942.163253666,544166.252259079,441604.817707427,1753668.01693006,1809588.96561647,1725700.21986217,"-0.931658149753169","-0.00941848534138362"
"sp|Q06828|FMOD_HUMAN",1757835.67371421,679923.393566474,3332226.04040059,1747039.85786978,5171978.84911168,2840133.33108963,"-0.743327379010431","-0.00760572660175599"
"sp|P13987|CD59_HUMAN",1401235.48470438,854829.335126682,1570611.55851185,6987078.98176577,2652645.31209709,8145696.98614281,"0.604701047224379","0.00595143325793581"
"sp|P04746|AMYP_HUMAN",21996.0384242317,15349.1272765602,38622.8036279319,355944.805714883,616176.882399678,300344.778640401,"2.435992954227","0.0233628200748927"
"sp|O95479|G6PE_HUMAN",7310973.51477078,3219531.82369211,2773383.08204202,1387279.2315114,2769075.15884494,719750.144027732,"-1.23471751109849","-0.0119836812624206"
"sp|Q9UBG0|MRC2_HUMAN",1462741.20702678,357959.426560953,964050.530130403,2367344.45595825,3984546.45770079,3366067.8371075,"-3.92950069792733","-0.0396929934058107"
"sp|Q92626|PXDN_HUMAN",2289438.35195315,1068042.04938383,1472640.04995969,420793.840815946,1006590.72030207,748080.552618693,"-6.02146408793569","-0.0607977698308688"
"sp|Q86YZ3|HORN_HUMAN",1199710.66991515,293241.842099827,89325.6582077173,220212.778513994,732800.913841597,1011700.98419215,"3.3758981287875","0.0336418483302831"
"sp|P21810|PGS1_HUMAN",513506.926960916,486181.020162036,438916.062859038,899102.226755765,1041475.47832855,1207434.35001798,"-2.81938260746578","-0.0280766588244977"
"sp|O15031|PLXB2_HUMAN",42090.5705724425,241417.951801713,37100.3282981747,1095732.52753005,1090832.64585063,1609874.54887036,"-0.0884484527745383","-0.000849240531030942"
"sp|Q99542|MMP19_HUMAN",299260.213848346,184868.481540198,850618.68008849,1572337.7591298,195938.050047373,2042806.45738077,"2.11820762755795","0.0211433521426209"
"sp|Q16627|CCL14_HUMAN",2825438.17997748,4159476.06486076,7643421.29584295,17023606.6389636,27533079.8984924,18570880.1669047,"-0.139879650330399","-0.00136830504502316"
"sp|Q9UBR2|CATZ_HUMAN",3239881.01942266,1694549.38897654,2121523.40210559,8448082.0971329,13358642.4692685,18151199.2591781,"5.3499103509477","0.0523283257653155"
"sp|P01619|KV301_HUMAN",5403681.94844931,3452262.27083314,3777427.82496914,34245162.1923338,25901489.9785817,29377663.5408662,"-3.89078069431358","-0.0396754994262987"
"sp|IGF2_HUMAN|;sp|Q99996|AKAP9_HUMAN;sp|P30533|AMRP_HUMAN",32181224.8250619,24066650.4217794,29909917.3376951,56118517.2342581,40075927.4078056,41653330.0918711,"0.910309986225185","0.00972971093666778"
"sp|Q9UGM3|DMBT1_HUMAN",21067588.6242147,2033928.33386688,1283691.77319725,949865.943580174,453232.854623997,1013311.9612522,"-3.2730009673325","-0.032049681537993"
"sp|Q9UNN8|EPCR_HUMAN",10533794.3121074,8583210.98958567,19906262.5524525,32166698.591065,40789747.9977665,32735110.8026795,"-0.665481632310059","-0.00722335163408882"
"sp|P15086|CBPB1_HUMAN",945166.353584543,340643.000852264,524740.963405685,975235.068829485,10503360.1094249,5945998.68539991,"1.05135755890752","0.0103098857169157"
"sp|P37837|TALDO_HUMAN",2513894.90258435,2821758.76323386,5980849.84731593,2352616.53612076,2030192.50132693,6426120.34929091,"2.68459402315196","0.0291947977745354"
"sp|Q8N2S1|LTBP4_HUMAN",607060.540529109,1006938.92180067,1517630.4849699,3323917.30119224,3287944.48077294,1665984.35859491,"1.08415111886166","0.0112822942976985"
"sp|Q9BTY2|FUCO2_HUMAN",1059366.00202621,617752.796015047,2779120.47412911,1438700.66745319,3492317.52183891,2567995.38452803,"-2.20099224089854","-0.0214988599512782"
"sp|Q9UBP4|DKK3_HUMAN",31987944.195482,23309308.2756395,16773804.9934371,55623644.9482417,38036440.0079173,44800936.899821,"-0.605748838533067","-0.00611591778345849"
"sp|GSTP1_HUMAN|",432534.269741445,9929597.02716774,4457922.89599541,3525456.92279835,1101204.13984298,2898650.81555813,"-1.16754105690525","-0.012349876085224"
"sp|PRDX1_HUMAN|",1507358.02058274,2289996.85566274,5149211.61850907,932142.234585869,970396.672957381,1556112.75310112,"-3.10486846416462","-0.0310111810922692"
"sp|Q76M96|CCD80_HUMAN",1778057.69920654,1738388.02382154,1312675.43293944,467414.289506758,66698.2695782414,555021.197755755,"4.61870664576777","0.0479631628052423"
"sp|Q92743|HTRA1_HUMAN",1368019.10197946,701336.002811188,598423.731319247,803857.874555008,565853.270223591,1007087.46187577,"2.98257078856303","0.029866885910642"
"sp|P06331|HV209_HUMAN;sp|P01825|HV207_HUMAN",53442094.0788566,25328887.3320126,44460687.9344116,343441366.495371,220264639.187939,401844469.148277,"-0.541272527614815","-0.00550430047228175"
"sp|P28799|GRN_HUMAN",1878935.87541666,458634.728263359,1228912.56594846,3460683.02098929,2222364.34165486,3452921.89947631,"-2.82856378475856","-0.0279537111683174"
"sp|P04206|KV307_HUMAN;sp|P18135|KV312_HUMAN;sp|P18136|KV313_HUMAN",72480236.0924818,85832109.8958567,76492592.6507945,393918339.669043,295725672.983807,408139682.764177,"-2.21321928759354","-0.0223233515062102"
"sp|Q92520|FAM3C_HUMAN",3738159.70691256,2027591.02017019,4341461.46355516,11876934.8643932,10143149.0448123,8929617.70723314,"0.573065005667099","0.00592288519643155"
"sp|P18669|PGAM1_HUMAN;sp|Q8N0Y7|PGAM4_HUMAN",7801552.13778058,4136543.11439868,3981385.33275381,1330068.28568525,890956.982260064,2687609.44792495,"-1.06927506273291","-0.0108820653649977"
"sp|Q14315|FLNC_HUMAN",487133.984423701,699366.978110201,753763.743308625,861844.849704676,637280.459404764,304895.070991856,"1.61380823407134","0.0169314737044453"
"sp|P31946|1433B_HUMAN;sp|P27348|1433T_HUMAN;sp|P61981|1433G_HUMAN;sp|Q04917|1433F_HUMAN",43391501.3406991,31051027.9917364,37589490.7081843,9117737.80227253,19783027.7789168,56971683.2238942,"-0.190753843718436","-0.00192119858059621"
"sp|P19801|AOC1_HUMAN",951626.775830229,375470.823189086,3113353.32079162,437666.630671896,358279.529830093,109015.159412863,"0.927685876284628","0.00962354634940333"
"sp|Q13228|SBP1_HUMAN",1471937.56413121,256021.158375379,1027852.23279367,1565630.85500162,726784.762833271,1903944.49611782,"-0.386648985231607","-0.00401181953713555"
"sp|Q7Z5L7|PODN_HUMAN",1334719.66560161,169417.846467213,380585.2037896,660653.475763676,638311.951367927,1085258.39488154,"3.41302086335057","0.0329446829731127"
"sp|Q86WI1|PKHL1_HUMAN",6496.16390748451,419325.285727602,1228508.93666634,1293926.52446702,228206.2905434,881706.357901813,"3.9727331527227","0.0392162254080979"
"sp|P16035|TIMP2_HUMAN",4322807.69342589,158465.163087501,1525113.54715207,7431137.08170457,6526157.75815313,4587716.54444887,"1.52208787247691","0.0146759398030577"
"sp|P20023|CR2_HUMAN",256903.464518182,99614.5421221439,266177.380817222,1330881.81415419,1584805.05179271,954664.760864459,"-1.15226159114248","-0.0118682589470765"
"sp|P49746|TSP3_HUMAN",469524.317017018,219407.697278355,935640.4457997,66600.4556911373,358343.15439284,500867.463140914,"-2.1454307182059","-0.0214247086416133"
"sp|P49788|TIG1_HUMAN",669606.512149713,430995.539514799,1850273.60638979,3038775.2630391,3442625.10745701,2273470.58501436,"-1.95110717387763","-0.0193356703111299"
"sp|P55285|CADH6_HUMAN",157316.029688766,442710.53993706,270920.503390301,2057064.29824609,6093386.06372379,3056556.63632179,"-3.34288256066401","-0.0342014480850604"
"sp|Q01995|TAGL_HUMAN",526438.873588291,165044.41789525,212587.624188879,2779453.59715287,6839974.47773454,6703203.07807997,"-2.15527998516936","-0.0216076853076525"
"sp|P69892|HBG2_HUMAN;sp|P02100|HBE_HUMAN",10243873.3677374,4837705.47287696,617397280.180124,144502707.516784,5316127.58733657,8484652.32477756,"-1.16726247408018","-0.0123195663851548"
"sp|Q13508|NAR3_HUMAN",421667.315288763,152953.886256308,757478.469152002,1436637.29745665,5374259.08955738,2848767.4295519,"-1.47384897208306","-0.014333452137848"
"sp|P30740|ILEU_HUMAN",565441.731810665,1294728.66973962,2386357.10524922,923325.322806141,1247685.74674998,3202198.46186049,"4.23167228400992","0.0433762147283318"
"sp|Q6UVK1|CSPG4_HUMAN",1294402.76524552,699000.786941761,1029735.45819439,611458.862076551,575694.468531253,1214608.08797323,"2.53831537117244","0.025845704316392"
"sp|P54289|CA2D1_HUMAN",167099.736764627,109638.897546189,260550.802649777,828063.487757264,1352571.78889136,634370.064693437,"-5.0764583529532","-0.0499672115515549"
"sp|O15204|ADEC1_HUMAN",195664.730490089,418893.971970252,403465.988422353,1555062.12096378,1570906.94349155,819410.074094395,"2.19245177834169","0.0228885013795596"
"Int_P02741ups|CRP_HUMAN_UPS",5087041.99035217,5498.80731477354,58888.3633164828,717734.34114329,279097.862535762,240259.429147847,"-3.79524772276859","-0.0387211399063045"
"sp|P04207|KV308_HUMAN",41926.7833589325,115324.417852077,1.01047018032754e-05,1067478.83953021,778960.278006283,1976548.84934197,"-0.374598910734192","-0.00361961408796115"
"sp|P04434|KV310_HUMAN",4715226.28244269,1237288.73963953,1519154.00117488,14747194.1232883,9532437.84445259,17311837.4437247,"3.55736665065605","0.0361400663160838"
"sp|P01605|KV113_HUMAN",105199.146464806,205035.651723481,159499.553475238,52695.9990618795,9728.3879912096,2216732.92425824,"3.07483017976059","0.0301522335226032"
"sp|P06889|LV405_HUMAN",15655730.9959761,12706518.2296808,9268381.05363192,144502707.516784,112171806.993858,130101081.395265,"4.44409449638503","0.0461263025173695"
"sp|P01701|LV103_HUMAN;sp|P06888|LV109_HUMAN;sp|P01702|LV104_HUMAN",38076284.0272504,18681106.2714512,16773804.9934371,269210523.592914,174376172.690452,138494699.549798,"-0.374907117401812","-0.00375517994285755"
"sp|Q12884|SEPR_HUMAN",111515.654949557,45213.4231148369,19110.9843651807,26976.6540418075,382332.287398862,28046.7929444379,"-0.255566351462076","-0.00267146018457265"
"sp|P01703|LV105_HUMAN",18554940.4396753,814300.027543234,728999.775108619,45429275.8563041,12338898.7693244,62637375.4782041,"3.65273824234867","0.0362150604981341"
"sp|P01617|KV204_HUMAN",11596837.7747971,19017702.7808467,21017779.7508127,55029798.205022,36812747.5679843,54033916.8698075,"2.83535973702704","0.0284615173951173"
"sp|P02647|APOA1_HUMAN",55278260059.8661,50321178154.6297,58405176422.9316,42262093225.7993,53536544247.0685,36092558064.4928,"-5.24223698726156","-0.0510736932229637"
"sp|P00751|CFAB_HUMAN",15075889107.2362,14137053394.6117,11014124965.5701,9897445720.3277,11115206329.3914,9778565150.03119,"-3.85931395068292","-0.0387967348718141"
"Int_P01008ups|ANT3_HUMAN_UPS",3517707458.35512,3517433523.18315,3233504577.04811,1791437675.37931,3151008032.82746,2150864652.09913,"4.97429812612155","0.0482777147533479"
"sp|P01009|A1AT_HUMAN",88425888032.8278,62017906856.1239,54262248683.5887,2177438058.47209,8810585567.51756,12905187912.5948,"6.68814238481649","0.0649710098201825"
"sp|P02675|FIBB_HUMAN",23676877123.5441,31976668392.5741,31728763662.2846,32265673048.2683,34467337058.1127,23607051059.6247,"-0.545184304424717","-0.00536214637217516"
"sp|P06681|CO2_HUMAN",1130691683.04272,976129877.246998,885171877.966921,1148103703.55801,1040138573.94305,1031365830.73827,"0.471787530933767","0.00452416960495984"
"sp|P00734|THRB_HUMAN",7277015703.68517,7102186348.2454,6891406629.83379,4335081225.50353,5965500644.67335,4826330438.8566,"1.3033028768617","0.0128613081770243"
"sp|P02679|FIBG_HUMAN",24739920586.2338,32565712284.0162,33850751040.9725,40678501910.5469,31510080328.2746,22348008336.4447,"-0.557570487632052","-0.00551145963827912"
"sp|P13671|CO6_HUMAN",839804335.524889,797733727.267374,676004550.639122,627498058.668776,617964682.166162,542437573.236709,"-2.93669044353246","-0.0305222067644714"
"sp|P22105|TENX_HUMAN",36916600.2497707,25328887.3320126,47492098.4753942,109861647.495637,73319572.0259853,88132990.6225987,"2.96779099237751","0.0296971947922303"
"sp|P00738|HPT_HUMAN",17105335717.8257,25413036459.3615,16268569903.2733,2533746104.40389,7852026489.57005,2990226467.55246,"-4.38412127544928","-0.0438484273346051"
"sp|P43652|AFAM_HUMAN",1671877445.86658,1582003594.15893,1990626255.24525,2543643550.12422,2406595131.86822,2371197128.65563,"-4.6057800775696","-0.046621258931136"
"sp|P19827|ITIH1_HUMAN",3034505884.40524,2869485242.59678,3021305839.17933,1989386589.78587,2100672021.88497,1741675767.06564,"7.4008020439236","0.0745274211450721"
"Int_P06396ups|GELS_HUMAN_UPS",1391620532.97565,1295896561.17274,1647066393.93388,2979131161.81864,3181600343.82579,2969242422.16612,"-2.8199784458251","-0.0279224399649646"
"sp|P19823|ITIH2_HUMAN",5421521659.71764,4670276567.86279,5163502621.47371,4533030139.91009,4415490220.75822,3451875466.05178,"-3.78564979526362","-0.036352104861091"
"sp|P01011|AACT_HUMAN",38076284027.2505,32144966647.2718,26878506796.7125,24644639843.616,50579287517.2304,36826999653.0145,"-0.581123702056315","-0.00555869128311357"
"sp|Q15063|POSTN_HUMAN",575976276.148255,553701257.955625,629522922.344055,148461685.804916,347732601.680959,204594442.516747,"6.71584239500723","0.0683434610425697"
"sp|P02790|HEMO_HUMAN",54118576282.3864,45103932258.9992,53453872539.3267,31275928476.2355,31102182848.297,24341492648.1463,"7.10439860101149","0.0689283950981835"
"sp|P02649|APOE_HUMAN",4329486102.59091,2011164143.63821,2708060083.2778,5225851340.33303,6118462199.66497,5067646960.79943,"-4.69766936196109","-0.0464282917602358"
"sp|P09871|C1S_HUMAN",528622521.901167,536029941.21236,820501786.425959,1385642400.84588,1346061683.92629,1384946995.49798,"-4.64926942047509","-0.0458518699380891"
"sp|O00391|QSOX1_HUMAN",166221341.438758,125382199.74983,176832281.557319,365215747.080092,324278496.582244,328400310.296112,"-3.20790155397155","-0.0298356222591743"
"sp|P03952|KLKB1_HUMAN;sp|P20718|GRAH_HUMAN",643624496.501239,796892235.993885,997334067.983278,441426079.126615,404838248.877832,523551932.389009,"-0.971915249067213","-0.00976583931563543"
"sp|P24043|LAMA2_HUMAN",16332213.1995059,13379711.2484718,26373271.7065487,46419020.4283369,48845723.2273254,49627267.3386776,"-4.20294629844242","-0.045125220856841"
"sp|P06310|KV206_HUMAN",383.620467128275,1289.73041269151,2491.59782815835,110769.268506678,135330.44614831,8190.50249022011,"5.93804246265228","0.0596227193913764"
"sp|P01614|KV201_HUMAN",17774.7794139488,8.41491273488791e-06,1.01047018032754e-05,9.8974457203277e-06,1.01974369994416e-05,1564536.0752211,"1.40090687338925","0.0140752793219316"
"sp|P02745|C1QA_HUMAN",57404346.9852456,34080396.576296,42742888.6278548,175184789.2498,146843092.791959,29797344.4485929,"6.37591774365007","0.0602233047619015"
"sp|P01766|HV305_HUMAN",70644070.1114723,51078520.3007696,70429771.5688293,347400344.783502,245758231.686543,359876378.375611,"3.02431156986828","0.0313841553501335"
"sp|P13473|LAMP2_HUMAN",6053856.71389017,1222484.70679769,3223261.31250042,5688882.81402537,7499452.76276644,6190297.24163898,"-3.40529681012784","-0.0333678061145887"
"sp|P11684|UTER_HUMAN",6479785.88291018,5110115.86207336,26474318.7245814,26525154.5304782,59858955.1867223,40289367.1417594,"-1.61696512864","-0.0161644192455159"
"sp|P40189|IL6RB_HUMAN",126433.971733607,8.41491273488791e-06,184.970137813714,1425659.60690011,866467.606843829,779835.712069119,"0.4075199063123","0.00422416533872756"
"sp|P01743|HV102_HUMAN",22420553.0312744,10182044.4092144,16268569.9032733,109861647.495637,66079391.7563817,101667699.896783,"2.49609953335505","0.0256062198562116"
"sp|P31949|S10AB_HUMAN",1343086.66712134,1129768.68581651,2228303.83400435,375563.71987781,469025.10768313,1001010.28235394,"-0.961500025320947","-0.00968760940809233"
"sp|P14543|NID1_HUMAN",1190914.93523568,1639722.22869327,1810508.19344657,1894356.98226696,2332260.39173228,3708722.02922569,"-1.79195674801319","-0.0174838456277303"
"sp|P35590|TIE1_HUMAN",1033730.33879104,1148234.62865977,376143.069564947,1074242.58270967,1842868.45830468,2704812.0004603,"1.50085525619281","0.015328604283498"
"sp|Q15904|VAS1_HUMAN",677131.35353297,274785.852667798,711912.398583694,816566.949441171,933031.150270634,1526216.81721368,"0.105652466482737","0.00111228040383214"
"sp|P28827|PTPRM_HUMAN",197347.950319782,82401.9668795104,20803.3664159733,1396297.70784144,1682773.90830375,1476847.72917582,"-2.56170439911109","-0.0248492866644871"
"sp|P30530|UFO_HUMAN",1222020.06145793,203379.435835825,601673.686350831,4904768.18693002,6523334.38051442,8700410.24271776,"-1.05516227821796","-0.0102673773082209"
"sp|P01714|LV301_HUMAN",15559090.6811861,13295562.1211229,15864381.8311423,146482196.66085,123388987.693244,148986722.242964,"5.23632656383273","0.0512527657954199"
"sp|P60900|PSA6_HUMAN",1074968.8098866,1203317.47690798,1145277.32639361,301598.275200802,321228.174371271,377686.039213677,"-0.474180132651069","-0.00464816824642508"
"sp|P01593|KV101_HUMAN",316980232.51112,217104748.560108,237460492.376971,1494514303.76948,1142112943.93746,1542327335.89548,"2.88517991636062","0.029875831421091"
"sp|P01613|KV121_HUMAN",20584387.0502648,12454070.8476341,25362801.5262211,180133512.109964,113191550.693802,143740710.896381,"-2.05690876821818","-0.0208082227980007"
"sp|P01597|KV105_HUMAN",312148216.771622,213738783.466153,232408141.475333,1425232183.72719,1091125758.94025,1479375199.73648,"0.977685402367272","0.00973938779483877"
"sp|P01606|KV114_HUMAN",312148216.771622,213738783.466153,232408141.475333,1425232183.72719,1091125758.94025,1479375199.73648,"-1.08927066434964","-0.0110070398696356"
"sp|Q9H6X2|ANTR1_HUMAN",415882.929251554,445324.133489679,1940.82165938525,80981.3809989157,400803.659544314,546396.677565924,"-1.27472285521591","-0.0122229228586698"
"sp|Q9BQE3|TBA1C_HUMAN",285618.804190651,184040.760009163,329477.068556697,28403.3086468439,114106.193591542,75521.9715162368,"2.38316269376277","0.0237405554801668"
"sp|Q8NBP7|PCSK9_HUMAN",153851.53721975,267602.269794308,302750.05074209,221247.061987667,1786148.38843768,58866.8949703063,"-0.854718674072112","-0.00860502916079868"
"sp|P25786|PSA1_HUMAN",20294466.1058949,27264317.2610368,12832971.2901597,16033862.0669309,58941185.8567726,24866093.7828046,"2.98580276158926","0.0297204960201597"
"sp|P01598|KV106_HUMAN",7266497.23266138,3539643.84638008,2423857.36436719,60374418.893999,38444337.4878949,54873278.6852609,"1.93924259791205","0.0189692223333841"
"sp|P02786|TFR1_HUMAN",832516.081325717,1560577.15626737,1028448.70121548,1866785.96167798,1459956.51207994,2398703.42453692,"2.22850728526807","0.0232058233671229"
"sp|P01772|HV311_HUMAN",9509542.65253716,6082336.70857666,7993959.25808374,83039569.5935494,71687982.1060746,164724756.282714,"3.54460087723355","0.0364810363042696"
"sp|P00352|AL1A1_HUMAN",669354.486385421,235215.694340891,273014.049772153,234100.596230534,813974.033610804,228523.885105271,"-2.41736154412902","-0.0256228986796734"
"sp|Q06141|REG3A_HUMAN",9186699.62032733,9593000.51777222,6539467.13130631,29692337.1609831,244738487.986599,46479660.5307276,"0.180200974338408","0.00181738314176703"
"sp|O95967|FBLN4_HUMAN",197944.462566183,716911.395529099,876660.555064335,600430.941290161,437805.388462157,15072.9550663643,"-3.75061950567442","-0.0379236045032156"
"sp|Q07075|AMPE_HUMAN",91572.8454476215,69203.3723138905,102893.778393981,541546.260687499,611687.481971343,339253.28039333,"-2.58499371452062","-0.0255016129092098"
"sp|P50895|BCAM_HUMAN",610179.317057932,991424.770461471,372687.24143987,173782.119580261,291242.003107168,561195.794239412,"0.173684141237847","0.00166490228556291"
"sp|P48637|GSHB_HUMAN",110200.078071001,380894.845285236,768463.096371021,748927.747686343,1243753.79961661,1368728.60413407,"6.58498090634947","0.0655296217761474"
"sp|O00592|PODXL_HUMAN",1778827.66738499,962897.319260504,1991584.5568711,2177513.99167566,4378556.89869516,4594175.40319192,"3.26186829445384","0.0332665744829584"
"sp|Q99969|RARR2_HUMAN",7265600.76617649,4197717.38165409,9883815.20346088,20091814.8122652,22842258.8787492,15003592.4512281,"0.0705034959451625","0.000696709048892774"
"sp|P04083|ANXA1_HUMAN",219220.834569355,409339.266037354,617815.650302283,83016.5858935593,67379.3613411911,176980.073136025,"2.84859849808721","0.0293770026630127"
"sp|O43240|KLK10_HUMAN",191439.516871149,1080195.80966727,253633.306892452,2076.10638699603,1.01974369994416e-05,49716.1873988746,"6.01276215753571","0.062023481211548"
"sp|P49913|CAMP_HUMAN",1487490.81193896,1086631.72257947,901605.538084069,825530.27324467,1339942.89336916,4209618.17398936,"-6.46223256269368","-0.0634386578035705"
"sp|P01709|LV206_HUMAN",9.66403147899758e-06,8.41491273488791e-06,12419.8532888571,145149.996408941,3094672.39715765,467181.979676676,"-2.56425126164129","-0.0263773411750663"
"sp|P01609|KV117_HUMAN",314081023.067421,214580274.739642,232408141.475333,1445027075.16784,1101323195.9397,1489867222.42964,"2.79131949212711","0.028964120999844"
"sp|P01608|KV116_HUMAN",313114619.919521,213738783.466153,232408141.475333,1425232183.72719,1091125758.94025,1489867222.42964,"2.04551133748202","0.0200666748384372"
"sp|P12318|FCG2A_HUMAN",7231987.62953841,4809091.91608143,5874944.86657201,22566176.2423472,8631609.18313383,22767689.2441713,"-0.129695656602593","-0.00124986654539785"
"sp|Q13201|MMRN1_HUMAN",76260.0235512076,110455.392153101,162255.222972579,8018126.52119038,6070671.34520934,6702251.98566566,"-3.04709586899986","-0.0301341872264787"
"sp|P83593|KV405_HUMAN;sp|P06312|KV401_HUMAN",2038438.14047952,2431219.12473691,2123103.15400753,25139512.1296324,13052719.3592853,54138837.0967392,"-5.49492946876968","-0.0530782653286286"
"sp|P01624|KV306_HUMAN",766027.385680255,1052647.49919933,1969818.16119296,5534101.92287705,3509981.8291522,6069154.95533226,"-3.21567918483987","-0.0303957182183183"
"sp|Q6FHJ7|SFRP4_HUMAN",4371185.95870936,2694347.12467441,384642.822280828,4601920.01527078,8052537.1514376,6889360.85858091,"-1.18733678075759","-0.0118413735207706"
"sp|P01604|KV112_HUMAN",939254.435866001,1243965.53868517,918531.281213606,11678985.9499867,2973724.0558779,8033129.71771858,"-0.622848397510548","-0.00628431915455493"
"sp|Q9BUD6|SPON2_HUMAN",5162805.88362383,4505490.40910907,9432561.36740154,6383949.98539018,5522183.71741878,9865326.44823056,"1.50050923342986","0.0155522314114919"
"sp|P34096|RNAS4_HUMAN",9375010.68890695,3644396.8429613,8659134.95245438,25238486.5868356,15194181.129168,22348008.3364447,"2.10407807665622","0.0210940933529302"
"sp|Q9UEW3|MARCO_HUMAN",579869.093181749,238272.884309935,2343313.69874786,3660021.21213876,2054977.71356821,1683690.32152668,"6.44172032030263","0.0630096305068936"
"sp|Q12866|MERTK_HUMAN",917590.796162967,1174432.76469642,2280902.94880767,5704445.91002508,9979308.56422505,9492314.77719586,"-2.03945329493356","-0.0205783602513974"
"sp|Q99650|OSMR_HUMAN",2566861.70509902,149692.852178937,324161.49098146,3318241.31402055,2044802.19799909,1456412.11440609,"1.08462097780047","0.0106505838935679"
"sp|P32942|ICAM3_HUMAN",1456030.35764089,245584.170468554,14498.5357351933,1055764.68300686,4902255.5238571,4481756.597938,"-1.10023625308122","-0.0111420477314285"
"sp|P05019|IGF1_HUMAN",3001746.56398193,3118237.50350591,5996415.58266433,6684890.92123859,11319155.0693802,9574059.17100378,"-2.47286837147785","-0.0245037283089473"
"sp|P02462|CO4A1_HUMAN;sp|P29400|CO4A5_HUMAN",1021296.4557617,353358.252414977,615915.968283161,2852093.5949021,1286325.29887307,8570497.385062,"2.45367085601091","0.024773598433131"
"sp|P78417|GSTO1_HUMAN",490788.36612373,314092.975296263,393575.551566371,872938.348689996,483975.09191019,119090.120426848,"0.458792104012815","0.00473204207874021"
"sp|Q92692|PVRL2_HUMAN",286691.719944698,985731.313714787,2147853.43074078,1391103.78071227,1649749.33930361,1983025.53298237,"-1.03237926857387","-0.0102041899084893"
"sp|O00187|MASP2_HUMAN",8882243.24877704,5940032.21777145,13136112.344258,4766651.25596629,10911257.5894025,16577395.8552031,"4.96412075426854","0.0483182253170226"
"sp|Q9BQ51|PD1L2_HUMAN",220285.114254951,57691.4998656378,641887.143691899,1595176.32792454,731096.599472084,1390586.40628465,"-0.72025960332611","-0.00739135816954443"
"sp|Q14393|GAS6_HUMAN",200056.984863697,438244.992053151,321235.826346942,3120171.09256027,3230771.51723521,2435148.46315299,"2.25308840592192","0.0229111559527307"
"sp|Q9BYZ8|REG4_HUMAN",14120.7283301006,53036.1267982513,18996839.3901577,70913.1515667318,428.418909064481,29880.2940232763,"3.49726680898097","0.0347281574534517"
"sp|P23083|HV103_HUMAN",24933201.2158137,22888562.6388951,39509384.0508067,117779604.0719,94530240.9848239,171019969.898614,"2.96085356158473","0.0298492397550999"
"sp|P12110|CO6A2_HUMAN",143837.198999045,501671.049144094,963953.383022031,147114.40808112,786571.649571513,103733.217725378,"-3.4954500801637","-0.033401312515848"
"sp|P10721|KIT_HUMAN",201287.483571365,282955.340601913,228280.404942587,125367.216967486,52809.0451822243,285551.027692238,"3.22491508964018","0.0319093639913902"
"sp|P37802|TAGL2_HUMAN",2708339.84597926,3783976.71629559,4006625.47532579,5301081.26307832,2768991.21354356,3367427.51511555,"-2.51850724068816","-0.0257522412277792"
"sp|LEP_HUMAN|",258864.790337279,204854.073726698,107923.615817907,1869816.99009643,218188.606417281,288216.377805157,"-2.46934267446733","-0.0247630716199995"
"sp|Q9BUN1|MENT_HUMAN",2262897.232751,1338375.32424101,2592512.87272273,1456205.98277537,2922143.58909478,3440883.89087894,"-4.64047029095935","-0.0447705562128795"
"sp|Q9Y5Y6|ST14_HUMAN",568096.385786405,470112.200018212,1117082.0829782,727686.8434839,1132738.21168129,1115208.29229089,"0.337740827134277","0.00335758610820295"
"sp|Q86VP6|CAND1_HUMAN",33498.2223355733,116638.599850324,2765462.69948097,3940.10605637537,5340.56879311965,32803.3325152681,"-0.0820457709529003","-0.000804026179807431"
"sp|Q02487|DSC2_HUMAN",234930.185380949,25022.2531881036,462932.165304779,2891777.59453846,1311812.5026774,1041321.49136886,"6.68082489085768","0.0662843725905707"
"sp|P14314|GLU2B_HUMAN",23775.8560566397,667133.278480167,259881.368277298,38203.0703191464,66124.7330080149,1.04920226931665e-05,"-2.62875818366132","-0.0259154664542087"
"sp|P15941|MUC1_HUMAN",2877935.34728559,10518640.9186099,624087.900221259,4595976.56447467,13562591.2092574,10331581.3198371,"2.93082549035189","0.029847519672673"
"sp|O15394|NCAM2_HUMAN",9.66403147899758e-06,55915.7165754961,35776.481344382,411458.625438229,551901.64597701,355912.442889626,"0.417298139992829","0.00408279156137548"
"sp|Q06323|PSME1_HUMAN",146937.924180109,196555.318932518,537545.839683998,45382.932561233,72003.9358331854,208050.765026617,"4.56458705584197","0.043526488948306"
"sp|P80419|HV322_HUMAN",16250.5854647529,3608.89356037575,10931.9365141881,470509.829971289,154580.912881905,702468.943500111,"-0.254538172827941","-0.00262454005931197"
"sp|Q96RW7|HMCN1_HUMAN",55445.3726859361,8.41491273488791e-06,133135.428746855,11537.437798274,48496.3539574009,124774.405489652,"1.73205611583485","0.0174514750247349"
"sp|P12277|KCRB_HUMAN",1027.96467033992,2499.46020373041,319937.7168366,11966.6560808232,295.531036645261,16527.544604164,"-1.58688842124208","-0.0166887359797002"
"sp|P06748|NPM_HUMAN",19904.1740570466,2258863.70401315,13553.1848408207,135690.936371389,4253.95734164366,20208.4488912575,"0.644568587257064","0.00651719411984689"
"sp|Q99972|MYOC_HUMAN",49963042.7464175,14557799.0313561,6646511.79610487,2620883.22840259,668951867.16337,510961505.157209,"0.876633415622672","0.00876025049154965"
"sp|Q9NS71|GKN1_HUMAN",360109.554476213,269406.860200227,149471.836666732,2121009.04153993,2786481.11001287,1753690.91984078,"-0.98323732973863","-0.00938695001306215"
"sp|P41271|NBL1_HUMAN",4353600.75067643,1374188.91430708,3911414.03070473,12272832.6932064,19273155.9289447,14269150.8627065,"1.95307818583447","0.0195879142271953"
"sp|P01769|HV308_HUMAN",2690268.82515108,937282.435972353,1753755.07109838,22764125.1567537,30592310.9983249,50361708.9271993,"-3.29491579232691","-0.0339861062988736"
"sp|O75874|IDHC_HUMAN",636808.331109578,445493.752717378,1212430.38669095,787495.043463638,786043.864189887,1188346.10821207,"7.36269103888211","0.0717852769646183"
"sp|O75636|FCN3_HUMAN",2396419.65106398,2411756.9656197,4115514.21889981,3010460.5018607,4376846.08182797,3298717.00332137,"6.57619524643308","0.066984154285133"
"sp|Q01459|DIAC_HUMAN",3085166.09618097,2631581.34665643,3345652.31734089,6821662.03316407,1844109.09786516,3281399.21270397,"1.04408551349276","0.0105088996458519"
"sp|P19021|AMD_HUMAN",1559586.02142048,1113936.52903462,1329978.14227655,2444250.61406972,2161724.89911405,2506072.2251662,"2.29376357093089","0.0226779102004024"
"sp|Q8WWA0|ITLN1_HUMAN",575148.950106817,36985.9857074599,327749.321575403,4229668.61644393,7088.3448135008,2912956.77558406,"-2.09079407974389","-0.0210626522484587"
"sp|Q12864|CAD17_HUMAN",1610.78538468041,7730.76521383378,385441.560156322,520675.452959545,535845.173654144,513991.716933086,"3.5417290823809","0.0348825067215304"
"sp|O75023|LIRB5_HUMAN",551095.704378113,1963456.62980562,633317.579511153,588369.824363486,228062.532481223,1976216.0686122,"3.58385834824884","0.0347228794306931"
"sp|P04066|FUCO_HUMAN",268123.0004323,203085.632860248,239668.082141173,2182140.68233417,976677.267165156,1675134.99507239,"0.253697398881746","0.00247222798843781"
"sp|Q08554|DSC1_HUMAN",98020.8150185688,110484.885328298,775672.030624145,3226067.94404918,1035591.62652244,1109650.54301525,"1.22016690133053","0.0121275143107583"
"sp|Q13444|ADA15_HUMAN",465.736721764987,64200.9073802535,203501.543927829,1130270.30968459,1250295.52173509,727245.410857783,"-1.04353408671094","-0.0106173250736604"
"sp|P16152|CBR1_HUMAN",254552.401935821,82432.8025446405,858058.181204327,28643.3239720769,443131.802473407,560654.652955579,"0.0569814089338225","0.000606182757982623"
"sp|P30101|PDIA3_HUMAN",417976.641381558,530111.673424182,954430.399100009,30848.5672811191,57129.4908746575,268813.41833575,"3.03804868192394","0.0301478153041533"
"sp|P28300|LYOX_HUMAN",1059625.36916865,309033.721827554,542869.804464873,2220417.47105596,3446969.56029214,2812646.02576942,"-0.980639013177909","-0.0101522761056558"
"sp|Q9NPH3|IL1AP_HUMAN",7425706.04747558,7312819.776465,7182657.00943057,5415484.259517,5902662.1013895,7487121.03557153,"3.75437020032353","0.0373037159242245"
"sp|P08174|DAF_HUMAN",152013.20678561,90907.6732325769,322844.92907306,550251.507999994,1147164.13422282,899653.078550405,"4.0870592695659","0.042063782309642"
"sp|P19971|TYPH_HUMAN",391340.768670131,1256204.28622127,1443097.22734427,194158.852855298,319026.637562512,431819.730392966,"5.88630477929865","0.0600701362632736"
"sp|Q8IWV2|CNTN4_HUMAN",183375.495494802,7684.27643181258,219545.77924532,581782.038073016,133598.257594631,409167.133706488,"-2.92031776348059","-0.0292324426517233"
"sp|Q16663|CCL15_HUMAN",11239.5386327777,171.804268006272,11644.9221211257,679265.07768534,1521092.96546318,1929771.75675513,"-2.18033259160861","-0.0210784466603657"
"sp|P31146|COR1A_HUMAN",36780.735322413,170557.935786003,797633.016081556,140177.170101266,1.01974369994416e-05,2392163.807646,"2.2712602443462","0.0230690988144542"
"sp|P07911|UROM_HUMAN",656641.827939221,224859.013733005,129909.024642718,473859.876918152,271461.05631922,538883.77563921,"-2.67491930694571","-0.0261967067370807"
"sp|P01596|KV104_HUMAN",56045.5464889038,8.41491273488791e-06,39119.7957772855,9.8974457203277e-06,2100.99002079985,1446102.3370979,"5.60368218101412","0.0585361715289027"
"sp|P40199|CEAM6_HUMAN",453972.045663004,154280.104609134,1530464.81837386,131235.969761262,31301.6472143781,333458.633416025,"1.41691919106084","0.0136911768882418"
"sp|P01707|LV204_HUMAN",30560.4960536438,3939.03728916649,1.01047018032754e-05,396845.937206382,10605.8717925722,69492.5284523632,"-0.81746583620169","-0.00815782104566613"
"sp|Q9Y624|JAM1_HUMAN",291738.515594687,24765.1994828259,32888.6050712091,41059.402228937,2345606.89007382,975945.549505617,"3.6285583257093","0.0362171688894838"
"sp|P08254|MMP3_HUMAN",21427.1333005885,1673.15205237769,1.01047018032754e-05,29323.7109520567,295567.05674605,218990.521568266,"-0.301151652759976","-0.00300469957556469"
"sp|Q9H4A9|DPEP2_HUMAN",62112.6201458652,8.41491273488791e-06,15255.2108190143,550521.085223951,99252.3534008588,601986.210233129,"-2.80976814151359","-0.0289812440045832"
"sp|Q12906|ILF3_HUMAN",602.076311268519,358491.168346784,173932.05217504,11638.1063121842,1.01974369994416e-05,1493.3099929184,"-3.549008340192","-0.0351373106647852"
"sp|P04216|THY1_HUMAN",1788629.63551809,2299736.81674099,2514570.09671935,4056218.72472109,4612262.81936206,5223816.06642435,"0.0721689505034187","0.000717602605887221"
"sp|P30041|PRDX6_HUMAN",6088.54462612516,13375.6636249568,367769.91592969,14074.818680234,1.01974369994416e-05,1.04920226931665e-05,"0.41668859186826","0.00405330312258804"
"sp|Q13232|NDK3_HUMAN",101480.269338054,32809.8120221404,88157.5373800092,8075.6452657015,25794.9518170403,440545.567324534,"3.2462477737688","0.0336895797691722"
"sp|P55103|INHBC_HUMAN",790051.470387251,122744.588184985,184837.070208231,222549.798731359,407601.410141182,411408.88225264,"0.0335269574785397","0.000325334655717386"
"sp|P01599|KV107_HUMAN;sp|P01610|KV118_HUMAN",312148216.771622,213738783.466153,232408141.475333,1425232183.72719,1091125758.94025,1479375199.73648,"1.76475914722013","0.0165611655184976"
"sp|P48304|REG1B_HUMAN",240996.8887992,2647841.40343387,1064688.92928033,3743121.0937973,3530514.77440856,11436304.7355515,"3.89042465619481","0.039199704620087"
"sp|O95633|FSTL3_HUMAN",1698068.6101944,1353126.52321175,100588.988673816,4393992.28428366,8992035.81850531,16743.0769383702,"6.64831359505578","0.0659578002970348"
"sp|P01611|KV119_HUMAN",1588378.18057582,1541577.80304523,548131.10372495,4287782.05096065,7754492.35081804,126953474.587315,"-0.329330811034994","-0.00325231093256073"
"sp|P01612|KV120_HUMAN",3440334.54056553,4518521.55784224,75853.4917140192,27613873.5597143,32529824.0282188,47319022.346181,"-0.874974412668955","-0.00874360571176487"
"sp|CAH2_HUMAN|",729026.622636658,1000583.1196992,7868317.83238493,2044013.87174012,1765725.82533811,1831457.54233239,"-5.78689802634622","-0.0594211250815205"
"sp|P27797|CALR_HUMAN",1227273.78557268,1336224.54070677,719903.738381741,32784.160897107,3640912.189634,4590919.77786274,"0.596833578927685","0.00609470958873103"
"sp|P04080|CYTB_HUMAN",1245588.25398425,811509.747919201,4572869.97618474,3497309.59373997,5340793.17752339,4840332.20157017,"-4.97490913894442","-0.0485805023909478"
"sp|Q9UHG2|PCSK1_HUMAN",13761.819498678,1135.65248873075,2906.27607625703,222376.261174001,148474.211692255,191363.627860055,"1.48192518543224","0.0146466598822148"
"sp|P12821|ACE_HUMAN",1021968.62587439,221786.259962112,741983.729842653,2216989.56496157,1534588.0098695,2481963.15075555,"0.236814937247142","0.00236462413293999"
"sp|Q96SM3|CPXM1_HUMAN",833183.829564157,1531988.42093994,1697097.36845979,563326.637342787,1090693.06639221,1445773.81298173,"1.79204132695622","0.0188193643960747"
"sp|Q6WN34|CRDL2_HUMAN",453328.627203654,80789.6642644512,246319.113173207,1279398.85964879,4369769.51637579,603443.237634369,"1.19950780478464","0.0118024989073027"
"sp|P01616|KV203_HUMAN",632100.224102651,52780.252577632,612765.478176448,7854220.63047298,2212599.77157964,5491721.86153024,"0.628791510516397","0.00632018443550218"
"sp|Q86SQ4|GP126_HUMAN",1810565.98288254,338187.244639726,757919.162682431,1603391.94325263,1957045.21601879,1619068.86258911,"2.96025249521903","0.0298305010000226"
"sp|O00299|CLIC1_HUMAN",663843.839934914,2001308.82167979,3012335.71754581,674058.027532897,664811.88446318,2223026.9197503,"-0.168135729111695","-0.00163146750618746"
"sp|P20062|TCO2_HUMAN",74114.4618145521,745222.603836869,521008.370832768,1323536.28228963,1135934.42393259,1699506.68586025,"-4.02483603608507","-0.0403541598276688"
"sp|Q8WUJ3|CEMIP_HUMAN",248453.955556572,408956.58483762,501389.189628697,731510.331975511,1444792.51944327,1048932.71330579,"-0.988361700184117","-0.0100024318129718"
"sp|P26022|PTX3_HUMAN",513552.494415584,768403.574595406,1468199.52662659,1244475.92136327,1669423.48802794,4408867.17121126,"1.23568472075433","0.0127040522931316"
"sp|Q9H8L6|MMRN2_HUMAN",395227.022666566,936762.14528392,1312836.37153554,2250700.94306004,1438178.01617743,4180513.83183646,"0.0678401595611473","0.00065271495763051"
"sp|Q24JP5|T132A_HUMAN",67862.0961256803,408.015269726384,3516.24215057417,2358.57250223699,490924.162376668,968.63038579935,"-0.133770183680589","-0.00147024817825217"
"sp|P28066|PSA5_HUMAN",9.66403147899758e-06,8.41491273488791e-06,150385.255430214,9.8974457203277e-06,13155.8979242201,45806.4665023902,"-2.7146572876689","-0.0266165837617488"
"sp|P35237|SPB6_HUMAN",33727469.8617015,2281318.16065835,16571710.9573716,11876934.8643932,4035681.42293525,4148334.98919134,"0.89958288112484","0.00892899530955193"
"sp|P08833|IBP1_HUMAN",3884764.3072434,3470717.00164667,2890060.25289717,5877373.32944477,3110963.96527207,9369867.42281002,"0.634276481168487","0.00644749651727199"
"sp|P00491|PNPH_HUMAN",26045.004626643,91671.1039888262,358774.747367623,6471.96277996052,13102.2038703611,334.72291218313,"-1.68527001763887","-0.0175864784031616"
"sp|P62987|RL40_HUMAN;Int_P62988ups|UBIQ_HUMAN_UPS;sp|P0CG47|UBB_HUMAN;sp|RS27A_HUMAN|",12369960.2931169,19438448.4175911,62952292.2344055,58790827.5787465,355890551.280513,228726094.71103,"3.49077417663662","0.0346129525674393"
"sp|P01042|KNG1_HUMAN",6291284492.82742,7346218817.55715,8265646075.07924,5819698083.55269,6393792998.6499,6777846659.78557,"0.660267025829613","0.00659606209506746"
"sp|P00736|C1R_HUMAN",1961798390.23651,1144428131.94476,1889579237.21249,2899951596.05602,2539161812.86096,2906290286.00712,"-0.187554431021775","-0.0017854154335012"
"sp|P24821|TENA_HUMAN",54891698.8007062,39465940.7266243,59415646.6032591,39193885.0524977,50579287.5172305,59070087.7625275,"3.15537857358242","0.0314049400595078"
"sp|P01871|IGHM_HUMAN",1285316186.70668,1035034266.39121,1414658252.45855,4641902042.83369,7199390521.60579,12065826097.1415,"-5.97741827129707","-0.0591795213956386"
"sp|P04003|C4BPA_HUMAN",2725256877.07732,2558133471.40593,3678111456.39223,2345694635.71767,2131264332.8833,2748909945.60963,"3.23114443635987","0.0331842943994438"
"sp|P23142|FBLN1_HUMAN",307316201.032123,279375102.798279,293036352.294985,766062298.753364,682208535.262645,798442926.949972,"-0.881534497539856","-0.00886971903961357"
"sp|P04196|HRG_HUMAN",4068557252.65798,4283190582.05795,3253713980.65467,2474361430.08193,3222390091.82355,2465625332.89413,"-1.16509320317716","-0.0125503254433017"
"sp|P07358|CO8B_HUMAN",1034051368.25274,942470226.307446,801302852.999736,611662145.516252,740333926.159462,629521361.589991,"0.863627393940963","0.00865821895617538"
"sp|P05155|IC1_HUMAN",11403557145.2171,11107684810.052,10205748821.3081,13955398465.6621,19069207188.9558,15003592451.2281,"-0.90025629510055","-0.00935389402930737"
"sp|P05156|CFAI_HUMAN",1420612627.41264,1438950077.66583,1333820638.03235,1217385823.60031,1600997608.91233,1332486882.03215,"-3.41020131147346","-0.033800858697378"
"sp|P25311|ZA2G_HUMAN",5585810194.8606,5696895921.51912,6194182205.40779,5790005746.39171,9310259980.4902,5854548662.78691,"-0.764699833655088","-0.0075740479525166"
"sp|Q86VB7|C163A_HUMAN",81274504.7383696,71947503.8832917,140455355.065527,377092681.944485,558819547.569401,603291304.857074,"-0.471909073823702","-0.00497115885563398"
"sp|P02748|CO9_HUMAN",3720652119.41407,3037783497.29454,3435598613.11362,1989386589.78587,2528964375.86152,2675465786.75746,"1.72680585477473","0.0169787440048956"
"sp|Q15582|BGH3_HUMAN",201978257.911049,191018519.081956,186936983.360594,124707816.076129,210067202.188497,169970767.629297,"4.85616181143951","0.0492470964661595"
"sp|Q9NR99|MXRA5_HUMAN",24449999.6418639,16577378.0877292,17582181.1376991,19893865.8978587,25799515.6085873,36092558.0644928,"4.9751868317487","0.04983658915932"
"sp|P36955|PEDF_HUMAN",1517252942.20262,1228577259.29364,1475286463.2782,2761387355.97143,3589497823.80345,2843338149.84812,"-6.97661309255339","-0.0696314130639669"
"sp|P05546|HEP2_HUMAN",1391620532.97565,1481024641.34027,1394448848.852,788826423.910118,626122631.765716,701916318.17284,"1.04720362095377","0.0105055558186036"
"sp|K1C9_HUMAN|;sp|P35527|K1C9_HUMAN",69677666.9635725,36773168.6514602,26171177.6704832,63343652.6100973,53944441.7270462,98939773.9965602,"-0.460885836129759","-0.00465184948118281"
"sp|P01876|IGHA1_HUMAN",4116877410.05297,2406665042.17794,3476017420.32672,27712848016.9176,21414617698.8274,25600535371.3263,"1.6614567171572","0.0166785875050301"
"sp|Q12805|FBLN3_HUMAN",400090903.2305,318083701.378763,491088507.639182,1108513920.6767,971815746.046787,1259042723.17998,"-3.93122141694365","-0.0394388653625006"
"sp|P04264|K2C1_HUMAN",80114820.9608899,100978952.818655,109130779.475374,149451430.376948,320199521.782467,302170253.563196,"0.00440051637149998","4.37715686679474e-05"
"sp|Q08380|LG3BP_HUMAN",174918969.769856,106027900.459588,258680366.163849,331564431.630978,362009013.480178,293776635.408662,"0.359655530541867","0.00363079036025029"
"sp|P07225|PROS_HUMAN",305383394.736323,229727117.66244,392062429.967084,451323524.846943,319179778.082523,474239425.731126,"-3.77443387942058","-0.0369063617922955"
"sp|O75882|ATRN_HUMAN",208743079.946348,167456763.424269,214219678.229438,310779795.61829,378324912.679284,266497376.406429,"0.965976978111723","0.00989891378399233"
"sp|P19320|VCAM1_HUMAN;sp|P49454|CENPF_HUMAN",40009090.32305,29788791.0815032,60830304.8557177,119759093.215965,354870807.580568,150035924.512281,"0.887398066837681","0.00881002567951626"
"sp|P98088|MUC5A_HUMAN;sp|Q9HC84|MUC5B_HUMAN",11016995.8860572,10097895.2818655,28798400.1393348,1337757.49645501,5771253.65854783,1703998.96393619,"1.31244719525491","0.013734076821341"
"sp|ANT3_HUMAN|",137229247.001766,18765255.3988,9421566.74248951,87394445.7104936,140724630.592294,95582326.7347469,"4.90898474835775","0.0504973797599658"
"sp|K1C10_HUMAN|",19714624.2171551,54949380.1588181,68206737.1721087,62749805.8668776,137665399.492462,107018631.470298,"0.376978598715538","0.00377292381845081"
"sp|P00739|HPTR_HUMAN",38462845.2864104,50826072.918723,60830304.8557177,12569756.0648162,17743540.3790284,17626598.1245197,"-2.81144074152426","-0.0282988731250742"
"sp|P02765|FETUA_HUMAN",8233754820.10594,9340553135.72559,7315804105.57136,7917956576.26216,8973744559.50863,9316916151.53186,"1.76059227025406","0.0169909893948279"
"sp|P29622|KAIN_HUMAN",370132405.645607,413172215.282997,501193209.442458,302861839.042028,353851063.880624,296924242.216612,"-5.06033550037594","-0.0508947557524004"
"sp|P08253|MMP2_HUMAN",138195650.149665,185969571.441023,258680366.163849,246446398.43616,329377215.081964,350433557.951761,"0.326212867304292","0.00330671885924516"
"sp|P08697|A2AP_HUMAN",1855494043.96753,2322515914.82906,1465181761.47493,1039231800.63441,1407246305.92294,1196090587.02098,"0.0654035031238994","0.000649011225937236"
"sp|P35858|ALS_HUMAN",212608692.537947,242349486.764772,349622682.393327,86899573.4244772,120329756.593411,95057725.6000886,"-3.9949763496559","-0.0396397393041301"
"sp|P10909|CLUS_HUMAN",2589960436.37135,3037783497.29454,3920624299.67084,2959336270.37798,2620741308.8565,3179082876.02945,"4.31837829405002","0.0420592573441895"
"sp|P07357|CO8A_HUMAN",719003942.03742,599141786.72402,549695778.09818,570092873.490876,625102888.065771,466895009.84591,"1.57153134919039","0.0159643377357956"
"sp|O75339|CILP1_HUMAN",28798813.8074128,9508851.39042334,14449723.5786838,34740034.4783502,33345618.9881741,44591096.4459577,"0.356718663722392","0.00352861288627885"
"sp|P04217|A1BG_HUMAN",12949802181.8568,12538219974.983,11216219001.6356,8640470113.84608,10299411369.436,8792315016.87354,"-1.49879308483567","-0.014734483309865"
"sp|P02760|AMBP_HUMAN",4300494008.15392,3365965093.95517,5759680027.86695,5305030906.09565,4333910724.76269,4322713349.5846,"-3.05044731304192","-0.0305348757027451"
"sp|P04004|VTNC_HUMAN",3353418923.21216,3559508086.85759,2869735312.1302,2335797189.99734,3242784965.82244,2927274331.39346,"1.37673915529391","0.014112458752687"
"sp|P55058|PLTP_HUMAN",414586950.448996,285265541.7127,418334654.6556,473097905.431664,644478018.364711,569716832.238942,"-2.35660045293826","-0.0246138842703196"
"sp|P13796|PLSL_HUMAN",59433793.5958351,47291809.5700701,81848084.6065304,70766736.9003431,54658262.3170071,138494699.549798,"-2.88154674587889","-0.0284806585602813"
"sp|P22897|MRC1_HUMAN",18554940.4396753,19775044.9269866,29707823.3016296,66312886.3261956,78010393.0457284,78060648.8371588,"3.72232132054085","0.0367015841964029"
"sp|P07996|TSP1_HUMAN",73543279.5551715,69423030.0628253,66488937.8655519,41767220.9397829,81273572.8855497,89392033.3457787,"-2.61691771369634","-0.0275984137394525"
"sp|ALBU_BOVIN|",25802964.0489235,24319097.8038261,12832971.2901597,26327205.6160717,21006720.2188497,12485507.0048681,"-1.33836771480181","-0.0138473001070327"
"sp|P02750|A2GL_HUMAN",5121936683.86872,6403748591.2497,4991722690.81803,2316002298.55668,4843782574.73477,3745652101.46044,"0.0965033310206031","0.000993043220528854"
"sp|P01877|IGHA2_HUMAN",772156115.171906,334913526.848539,818480846.065304,3662054916.52125,2233238702.87772,3116130739.87045,"1.67229635922305","0.0169989757630576"
"sp|P01860|IGHG3_HUMAN",1014723305.29475,1203332521.08897,976114194.1964,7155853255.79693,3701669630.79731,4196809077.2666,"2.89036642013691","0.0288962480944903"
"sp|Q06033|ITIH3_HUMAN",661986156.311334,544444853.947248,353664563.114638,387979872.236846,507832362.572193,446960166.728893,"-2.02279330878431","-0.0198580112739081"
"sp|Q92954|PRG4_HUMAN",135296440.705966,95088513.9042334,154601937.590113,373133703.656354,246777975.386487,311613073.987045,"-4.61357697918366","-0.0472511490663486"
"sp|Q07954|LRP1_HUMAN",5033073.90430078,3547903.16401254,6200820.99348208,9996420.17753098,13868514.3192406,11646145.1894148,"-3.38594694998743","-0.034647902794995"
"sp|Q99715|COCA1_HUMAN",31891303.880692,9172254.88102783,18895792.3721249,5399951.70010657,13460616.8392629,9964063.00223958,"4.54840728556748","0.0458289713028389"
"sp|Q96PD5|PGRP2_HUMAN",856233189.039185,891980749.898119,844753070.75382,630467292.384875,625102888.065771,610635720.742291,"2.99996063578387","0.0290486880595118"
"sp|TRFL_HUMAN|",10243873.3677374,8499061.86223679,34355986.1311362,11085139.206767,8340662.5971252,26964498.3214379,"-0.488236213432414","-0.00467347908449663"
"sp|P02749|APOH_HUMAN",6890454444.52527,7893188145.32486,9771246643.76727,5235748786.05335,5241482617.71299,5392899664.28759,"1.39440457482842","0.0138529862036142"
"sp|P51884|LUM_HUMAN",2213063208.69044,1859695714.41023,2031045062.45835,4691389271.43533,4619438960.74706,4616489984.99327,"-1.44751392548867","-0.0148593144911244"
"sp|Q14520|HABP2_HUMAN",359501971.01871,252447382.046637,285963061.032693,252384865.868356,254935924.986041,240267319.673513,"-0.917370466633984","-0.00886249059323132"
"sp|O43866|CD5L_HUMAN",122733199.783269,110235356.827032,93165350.6261988,508728710.024844,1172705254.93579,1143630473.55515,"-1.80803547286034","-0.0181946952610068"
"sp|Q16610|ECM1_HUMAN",212608692.537947,296204928.268055,246554723.999919,437467100.838484,329377215.081964,384008030.569894,"9.95399928215735","0.0971019740407103"
"sp|P05160|F13B_HUMAN",58757311.3923053,84990618.6223679,103067958.393409,91749321.8274378,116250781.793635,96736449.2309952,"1.84084127052605","0.0184710305385614"
"sp|P00748|FA12_HUMAN",724802360.924818,486381956.076521,557779539.5408,518626155.745172,593490833.367502,431222132.689144,"-2.10430769697079","-0.0203094455105564"
"sp|P07942|LAMB1_HUMAN",5976804.25441802,5592293.96925553,12428783.2180287,29395413.7893733,42115414.8076939,37456521.0146044,"0.596935589420569","0.00603184439997508"
"sp|P03951|FA11_HUMAN",56534584.1521358,65552170.2047768,150560056.868803,59582623.2363728,59756980.8167279,55712640.5007142,"0.962430930921921","0.00984295254409912"
"sp|P12109|CO6A1_HUMAN",153658100.516061,139687551.399139,107109839.114719,126687305.220195,129507449.892909,231873701.51898,"-2.77321691976044","-0.0272956121352491"
"sp|P26927|HGFL_HUMAN",44357904.4885989,56379915.323749,39711478.0868722,38006191.5660584,48743748.857331,34623674.8874495,"-4.23203211195599","-0.0426875548280649"
"sp|P01833|PIGR_HUMAN",36819959.9349808,25160589.0773149,142476295.426183,61067240.0944219,74645238.8359127,73339238.6252339,"0.751266912675754","0.00789464236752303"
"sp|P35443|TSP4_HUMAN",24836560.9010238,10771088.3006565,11418313.0377012,14945143.0376948,6329114.55220312,13954390.1819115,"-4.37247048026079","-0.0426188841545652"
"sp|P04220|MUCB_HUMAN",40975493.4709497,277891.265388208,469414.972654909,2866884.07352476,355744.623101768,177116.06422912,"1.15496124683237","0.0111302873225507"
"sp|Q03591|FHR1_HUMAN",250298415.306037,127065182.296807,97308278.3655417,151430919.521014,158060273.491345,141642306.357748,"6.57338236813639","0.0657196629883718"
"sp|HBB_HUMAN|",174918969.769856,182603606.347068,6689312593.76829,3454208556.39437,108092832.194081,245513331.020096,"1.19343389186082","0.0115004785893495"
"sp|P05543|THBG_HUMAN",528622521.901167,464503182.965813,398125251.049049,414702975.681731,392601324.478503,325252703.488162,"1.5651599751952","0.0157931322458521"
"sp|RETBP_HUMAN|",688079041.304627,662253632.235679,1131726601.96684,803672592.490609,1386851431.92406,873985490.34077,"-10.6883813201065","-0.104835660209134"
"sp|P02766|TTHY_HUMAN",5199248935.7007,5537012579.55625,8487949514.7513,5483184929.06155,7097416151.61137,4700426166.5386,"6.94461618048591","0.0692057442056943"
"sp|P08571|CD14_HUMAN",551816197.450762,435892479.667194,690151133.163707,797734125.058413,844347783.553766,1112154405.47565,"3.76914445214209","0.0378977961757091"
"sp|P08123|CO1A2_HUMAN",74606323.0178613,75481767.2319446,76795733.7048927,124707816.076129,284508492.284421,212988060.67128,"-0.33150969153626","-0.00330290264620387"
"sp|P18206|VINC_HUMAN",7782618.38276938,6539262.13640101,9493655.80006817,4726453.63729198,13970488.689235,15842954.2666814,"2.14190679167925","0.0211406507103042"
"sp|P08519|APOA_HUMAN",16235572.8847159,13043114.7390763,44662781.9704771,8202824.03551715,9070080.82573119,36302398.5183561,"-4.26195277303544","-0.0427185378626262"
"sp|K2C1_HUMAN|",87942686.4588779,79857521.8540863,111151719.836029,129656538.936293,198850021.489112,246562533.289413,"2.59170206679645","0.0261034659008665"
"sp|GELS_HUMAN|",27832410.659513,28021659.4071768,17481134.1196664,116789859.499867,90349291.8150528,75647483.6177305,"-0.203092555470778","-0.00195780897709705"
"sp|P02763|A1AG1_HUMAN",36240118046.2409,23393457402.9884,20613591678.6817,14747194123.2883,24881746278.6376,16472475628.2714,"-1.24923856559035","-0.0125718289008776"
"sp|P01857|IGHG1_HUMAN",60303556.4289449,49816283.3905364,32840280.8606449,102933435.491408,222304126.587827,465845807.576593,"-3.22121982413649","-0.0330599801087683"
"sp|P01019|ANGT_HUMAN",2502984153.06037,3020953671.82476,2819211803.11382,1989386589.78587,2947059292.83863,2360705105.96247,"-0.297588199594285","-0.00296060462596273"
"sp|P08185|CBG_HUMAN",1121027651.56372,992959702.716774,774020158.130893,866026500.528674,997309338.545391,1112154405.47565,"1.67883006437828","0.0174686260675833"
"sp|P04278|SHBG_HUMAN",334375489.173316,376146599.24949,184916042.999939,222692528.707373,186613097.089782,192004015.284947,"0.682201176924488","0.00688037825578698"
"sp|P02538|K2C6A_HUMAN",2527603.88401991,13548009.5031695,9867122.59479878,29593362.7037798,121349500.293355,49102666.2040193,"2.8600427101567","0.0304050937824432"
"sp|P04259|K2C6B_HUMAN;sp|P12035|K2C3_HUMAN",2527425.74789406,13716307.7578673,10508889.8754064,29593362.7037798,118290269.193523,48158384.1616343,"-2.68403924454446","-0.0267585668507535"
"sp|P15144|AMPN_HUMAN",36819959.9349808,12454070.8476341,21725108.877042,45528250.3135074,44154902.2075822,45010777.3536843,"2.30098654979182","0.0224423664752982"
"sp|P27169|PON1_HUMAN",719970345.185319,594934330.356575,532517785.032611,406785019.105469,371186706.779675,332597119.373378,"4.48545669608858","0.044816683831888"
"sp|K22E_HUMAN|;sp|Q7Z794|K2C1B_HUMAN",88039326.7736679,85832109.8958567,104078428.573736,148461685.804916,288587467.084198,274890994.560963,"2.48197364612614","0.0242856180979943"
"sp|Q13822|ENPP2_HUMAN",20584387.0502648,11865026.956192,14146582.5245855,47012867.1715566,49457569.4472919,58965167.5355958,"7.24084887467383","0.0720795463049914"
"sp|P02452|CO1A1_HUMAN",436814222.85069,385403003.257866,385999608.885119,718554559.295791,556780060.169513,570766034.508258,"-3.12227029374081","-0.0314395526482325"
"sp|Q15113|PCOC1_HUMAN",44454544.8033888,55201827.5408647,55272718.8639162,98974457.203277,84332803.9853822,104920226.931665,"-0.503976693117114","-0.00500980232732146"
"sp|P49747|COMP_HUMAN",209709483.094247,119491760.835408,105088898.754064,99964201.7753098,72503777.0660299,123805867.779365,"-2.65972259950607","-0.0271740027275366"
"sp|Q16363|LAMA4_HUMAN",1249677.87979194,1649139.91544359,5841663.87823644,6767959.23004528,8275568.58778505,3150156.91504957,"-1.19637323341178","-0.0121448825539582"
"sp|P21333|FLNA_HUMAN",446398.501909908,1223163.87524602,2476653.20457851,329914.649662854,1045511.33224623,3829732.99003196,"-0.570853292668274","-0.00580129592683325"
"sp|P18065|IBP2_HUMAN",107270749.416873,112759830.647498,142476295.426183,87097522.3388838,196810534.089223,238168915.13488,"-2.06409466301331","-0.0197948877590577"
"sp|P18428|LBP_HUMAN",407822128.413698,311351771.190853,297078233.016296,149451430.376948,265133361.985482,228726094.71103,"-0.512490247013222","-0.00493974597131628"
"sp|P22792|CPN2_HUMAN",284122525.482529,180920623.80009,313245755.901536,296923371.609831,421154148.076939,306367062.640462,"-1.23467308144115","-0.0121518210040348"
"sp|P43251|BTD_HUMAN",59047232.3366752,72031653.0106405,66488937.8655519,68292375.4702611,76276828.7558233,73863839.7598922,"-3.9049314594935","-0.0405092232041409"
"sp|P26038|MOES_HUMAN;sp|P15311|EZRI_HUMAN;sp|P35241|RADI_HUMAN",15655730.9959761,26170378.6055014,32941327.8786777,16627708.8101505,15908001.7191289,33679392.8450645,"-2.52288337127144","-0.0243561385999561"
"sp|P80108|PHLD_HUMAN",58853951.7070952,44094142.7308127,54363295.7016214,32562596.4198781,44562799.6875599,56866762.9969625,"-6.14826193857475","-0.0625472583736282"
"sp|P12259|FA5_HUMAN",12273319.9783269,8380867.24589411,14045535.5065527,11777960.40719,12134950.0293355,587553270.817325,"0.789843345908867","0.00780614629226456"
"sp|P02461|CO3A1_HUMAN",125632409.226968,139687551.399139,108120309.295046,184092490.398095,253916181.286096,251808544.635996,"4.03489798026857","0.0418833789824502"
"sp|P15169|CBPN_HUMAN",131430828.114367,100137461.545166,157633348.131096,107882158.351572,108092832.194081,136396295.011165,"-2.53972727942853","-0.0254548777539183"
"sp|Q14515|SPRL1_HUMAN",49866402.4316275,31471773.6284808,35871691.4016275,62848780.3240809,91369035.5149969,64001338.4283157,"-1.08378733515368","-0.0105096967219212"
"sp|Q16270|IBP7_HUMAN",37109880.8793507,24487396.0585238,48805709.70982,88780088.1113395,136645655.792518,124855070.048681,"1.15782599844253","0.0118596022771768"
"sp|P00742|FA10_HUMAN",37013240.5645607,28526554.17127,19097886.4081904,35135932.3071633,97793420.8246452,94323284.0115669,"5.69399252757283","0.0573958524178956"
"sp|O00533|NCHL1_HUMAN",11790118.404377,8168726.03950112,14247629.5426183,24149767.5575996,20802771.4788609,30112105.1293879,"-1.87408207792178","-0.0199011749280169"
"sp|P11021|GRP78_HUMAN",5943176.90488885,12706518.2296808,13641347.4344217,4212939.49147672,9966078.74291817,11016623.8278248,"1.03666509424505","0.0108954765439621"
"sp|P02042|HBD_HUMAN",13626284.3853866,9340553.13572558,638617153.967003,166277088.101505,15704052.9791401,11121544.0547565,"6.17790629737773","0.0609672123318897"
"sp|P00746|CFAD_HUMAN",167187744.586658,116967287.014942,339517980.590052,919472707.418443,1019743699.94416,729195577.175073,"-2.75122107599071","-0.0262519004012801"
"sp|P05090|APOD_HUMAN",1981126453.1945,1093938655.53543,2031045062.45835,2098258492.70947,1641787356.9101,2192832742.8718,"5.15363637092666","0.0512779544166196"
"sp|P07360|CO8G_HUMAN",635893271.31804,753976181.045957,698234894.606327,594836487.791695,809676497.755665,697719509.095573,"0.487168767959861","0.00478093848604087"
"sp|Q9UK55|ZPI_HUMAN",58757311.3923053,56379915.323749,49715132.8721148,37412344.8228387,35793003.8680401,53719156.1890125,"1.26570970837287","0.0125191771919899"
"sp|Q12841|FSTL1_HUMAN",392359678.047302,220470713.654063,309203875.180226,359277279.647896,282469004.884533,334695523.912012,"3.75526246572664","0.036047103630486"
"sp|P01880|IGHD_HUMAN",60013635.4845749,111076848.10052,36174832.4557258,383031149.376682,762768287.558233,98205332.4080385,"0.662868965688882","0.00630115903617357"
"sp|P07333|CSF1R_HUMAN",62622923.9839043,54696932.7767714,82151225.6606287,207846360.126882,299804647.783584,266497376.406429,"0.965944250690968","0.00969929070797549"
"sp|P13611|CSPG2_HUMAN",51895849.042217,44178291.8581616,36275879.4737585,30286183.9042028,50069415.6672584,65784982.286154,"-2.6881310763482","-0.0276764323100832"
"sp|Q92859|NEO1_HUMAN",6198391.92520192,3420564.68638738,6556837.57448054,9701328.05409245,6986968.27844791,9605410.56132841,"4.11918599878435","0.0403013717601896"
"sp|Q7Z7G0|TARSH_HUMAN",19907904.846735,16156632.4509848,32941327.8786777,48497484.0296057,32631798.3982132,72814637.4905756,"-3.43163585429684","-0.0343345892929325"
"sp|P35555|FBN1_HUMAN",2138289.13354856,2337662.14767069,4036569.74157632,7566399.5546815,7098378.38686536,6884558.06594577,"-7.94680682726712","-0.0789435942492803"
"sp|P02652|APOA2_HUMAN",9480414880.89662,7287314428.41293,7608840457.86635,6383852489.61137,5853328837.67949,4333205372.27777,"-4.55524355825481","-0.0457322673247797"
"sp|P19652|A1AG2_HUMAN",4976976211.68375,7034867046.3663,5436329570.16214,3998568071.01239,5741157030.68563,4532553803.44793,"-2.15712407357853","-0.0210909493897699"
"sp|P01859|IGHG2_HUMAN",24546639.9566538,10097895.2818655,13136112.344258,47903637.2863861,115231038.09369,335744726.181328,"-0.694478613832607","-0.00698000037664047"
"sp|HBA_HUMAN|;sp|P69905|HBA_HUMAN",114035571.452171,113601321.920987,5022036796.22785,2494156321.52258,70566264.036136,140593104.088431,"-0.0202317223653316","-0.00020060239676104"
"sp|P49908|SEPP1_HUMAN",117901184.04377,88356583.7163231,88315093.7606266,164297598.95744,181514378.590061,166823160.821348,"-3.93241135537168","-0.0395315194833823"
"sp|P05362|ICAM1_HUMAN",17781817.9213555,13127263.8664251,14752864.632782,48200560.6579959,137665399.492462,110166238.278248,"1.79280208404724","0.0181531143070795"
"sp|P13647|K2C5_HUMAN",2527061.91836974,13379711.2484718,7738998.32453336,28504643.6745438,117270525.493579,48263304.388566,"-1.77664205289649","-0.0178455495434564"
"sp|P36222|CH3L1_HUMAN",37883003.3976705,39297642.4719266,36073785.437693,81258029.3638904,140724630.592294,80368893.8296555,"-1.63074598721893","-0.0160059244168951"
"sp|P06276|CHLE_HUMAN",38559485.6012003,32229115.7746207,45875346.1868701,34937983.3927568,38546311.8578893,48368224.6154976,"-0.722759884038333","-0.00710578911693704"
"sp|P12955|PEPD_HUMAN",7032435.88236652,6194222.01184476,7565397.97223008,20883610.4698914,14072463.0592294,21508646.5209914,"1.51301050933151","0.0152291305947097"
"sp|P00740|FA9_HUMAN",52475690.9309568,75145170.7225491,38701007.9065446,34641060.021147,67914930.4162812,42702532.3611877,"5.71565732774712","0.0546201232658326"
"sp|P05154|IPSP_HUMAN",20487746.7354749,33491352.6848539,31122481.5540881,25634384.4156487,34773260.1680959,22138167.8825813,"0.0999777162238325","0.000955210380420625"
"sp|O95445|APOM_HUMAN",336308295.469116,198591940.543355,275858359.229417,128666794.36426,85352547.6853264,93798682.8769086,"-2.48532187424924","-0.0250724547139965"
"sp|Q9NZP8|C1RL_HUMAN",31987944.195482,25413036.4593615,23645002.2196643,62155959.123658,30592310.9983249,32315429.8949529,"-1.06752602141679","-0.0109601705266574"
"sp|Q9Y279|VSIG4_HUMAN",35466995.5279211,42074563.6744396,50018273.926213,96994968.0592115,153981298.691568,209840453.86333,"2.24810703604456","0.0231556125757944"
"sp|P35442|TSP2_HUMAN",14302766.5889164,10855237.4280054,6449083.94258359,12668730.5220195,11217180.6993858,14898672.2242964,"-3.32530357361672","-0.0326660767216439"
"sp|LYSC_HUMAN|",82724109.4602192,70432819.5910118,456732521.508046,228630996.13957,225363357.68766,273841792.291646,"3.87805388541019","0.0400850627874441"
"sp|P09172|DOPO_HUMAN",7634870.59033078,13043114.7390763,8792188.74683107,60968265.6372186,6555344.55946905,13429789.0472531,"-0.345981822938929","-0.00338281473354485"
"sp|Q13421|MSLN_HUMAN",12080039.348747,14473649.9040072,23847096.2557298,20982584.9270947,17539591.6390396,8272619.82297466,"-4.38191153767123","-0.0470157173085947"
"sp|P22891|PROZ_HUMAN",11403557.1452171,9172254.88102783,12529830.2360614,6753766.7719187,9497103.32958897,8685389.20308199,"-3.55163408037249","-0.0381483093071272"
"sp|P02654|APOC1_HUMAN",1092035557.12673,700120739.542675,456732521.508046,370164469.940256,399739530.378112,549781989.121925,"5.54880363700867","0.0581646005318729"
"sp|P41222|PTGDS_HUMAN",312148216.771622,202799396.910799,439554528.442478,1039231800.63441,1305271935.92853,999889762.658769,"2.25591114324965","0.0227501754739999"
"sp|P01591|IGJ_HUMAN",215507901.981646,81708802.6557616,149549586.688475,1039231800.63441,971815746.046787,1374454972.80481,"3.10406403557439","0.0316958303341962"
"sp|P22352|GPX3_HUMAN",183616598.100954,161566324.509848,202094036.065507,502790242.592647,501713900.372528,724998768.097806,"2.1919103032094","0.0224117194350134"
"sp|P02746|C1QB_HUMAN",486100783.393578,361841247.60018,616386809.999797,1326257726.52391,1590800171.91289,1384946995.49798,"-2.25463327874018","-0.0222038947253814"
"sp|P01834|IGKC_HUMAN",3053833947.36323,2499229082.26171,3526540929.3431,21576431670.3144,15806027349.1345,26439897186.7796,"-2.54910029957074","-0.0267757795114181"
"sp|Q04756|HGFA_HUMAN",55084979.4302862,64458231.5492414,79220862.1376788,37511319.280042,79438034.2256503,60853731.6203658,"0.200197074943608","0.00198302618671826"
"sp|P0DJI8|SAA1_HUMAN",379796437.124605,167456763.424269,109130779.475374,34047213.2779273,23556079.4687102,15108512.6781598,"-1.18273472938561","-0.0122694243771772"
"sp|P39060|COIA1_HUMAN",16138932.5699259,17166421.9791713,26575365.7426142,27712848.0169176,40279876.1477944,32630190.5757479,"-3.24877200325739","-0.0333731981447036"
"sp|P01033|TIMP1_HUMAN",782786549.798804,599141786.72402,803323793.360391,1751847892.498,1784551474.90228,1710199698.98614,"1.48419835644199","0.0152400351781352"
"sp|P05452|TETN_HUMAN",164288535.142959,188494045.261489,249586134.540901,605723678.084055,515990312.171746,570766034.508258,"3.49957048242942","0.0343928600319275"
"sp|P63104|1433Z_HUMAN",76152568.0545009,66646108.8603123,88921375.8688232,28801567.0461536,50273364.4072472,89496953.5727104,"0.238979733426751","0.00231359555643343"
"sp|P20908|CO5A1_HUMAN",79051777.4982002,70012073.9542674,53049684.4671956,40183629.6245305,75257085.0558792,66204663.1938807,"-3.77945555958186","-0.0372882350148428"
"sp|Q8IUX7|AEBP1_HUMAN;sp|Q8N436|CPXM2_HUMAN",12949802.1818568,5375780.34475329,4820943.28226375,8510501.34216914,7511081.78735392,9794199.06228693,"1.47014856217605","0.0140729214896738"
"sp|P07858|CATB_HUMAN",35660276.1575011,19859194.0543355,23847096.2557298,24941563.2152258,37526568.1579452,54558518.0044659,"-0.093359192577075","-0.000983381344501299"
"sp|P07602|SAP_HUMAN",8303731.21387936,5815329.23275196,7790326.34767697,8348870.10618106,18253412.2290005,18885640.8476997,"-2.37087969137436","-0.0235688310771071"
"sp|Q99784|NOE1_HUMAN",6119892.73122527,4097085.93359621,6390222.99156488,19893865.8978587,26207413.088565,21403726.2940597,"4.49803125840744","0.0476397570802692"
"sp|P36980|FHR2_HUMAN",89972133.0694674,63785038.5304504,65478467.6852243,65026218.382553,76990649.3457842,52250273.0119692,"-0.363325326641338","-0.00342649806474241"
"sp|Q9BXR6|FHR5_HUMAN",8642845.27050698,7881300.40315323,9061986.16041118,1872726.85794335,6364553.23898441,1859946.46859901,"-0.0669777464849226","-0.000670582493348461"
"sp|P60174|TPIS_HUMAN",2316075.45721515,6202072.98321438,11721454.0917994,2026582.00140366,3554467.97572558,6617122.78769595,"-2.04502818247272","-0.0210754108749148"
