"0","1","1","1","1","1","1","2","2","2","2","2","2","2","2","2","2","2","2","2","2","2","2","2","2","2","2","2","2","2","2","2","2","LogFC","Zstatistic"
"sp|P29692|EF1D_HUMAN","32790651.1600834","9172597.98286824","3689680.61462428","4054800.65508691","9151608.02501289","7575607.35662708","5478764.23581042","6221862.8760221","3965718.62398127","4001415.52958998","15149455.9313107","20366809.9026677","21902812.7348996","25284897.6244142","54586843.8075551","58973364.0023138","55505279.0251505","55175383.5850672","10812617.5862049","9643219.27508119","7469919.10195233","7686517.75962414","11126627.0975391","10591762.0300622","35539687.9927789","40550125.408056","4802596.36111292","6642106.31796799","12138632.4867516","9092863.96101366","24874312.8463664","19484145.826055",1.08641112834276,0.0104640671888705
"sp|Q16643|DREB_HUMAN","8255100.77059646","10695335.4937106","17878179.7054067","17528232.7530922","5623379.81752905","5846775.1062938","22057513.4355161","21560910.9565122","20657069.5080186","20301349.7731821","15407475.8620143","15746145.9820184","10286624.5112787","9472051.43205611","19292336.5785606","18037066.1177289","20432061.3734314","21562793.5849688","17564158.1447273","17916086.3373877","17585452.8854102","17472360.7058323","16096520.5344399","15959209.0047559","16380432.3258898","16816774.4167189","20541798.2970375","19061935.2549903","19268148.8081855","18064743.1742758","12202493.0944439","12707051.625688",-5.99334459495633,-0.0628171902254159
"sp|P30040|ERP29_HUMAN","56595402.7234132","58033417.9846394","20561583.7887698","19092683.3995431","15771844.4108867","16403505.4610673","17588718.5057232","18603986.0253334","23608079.4377356","20798931.875466","20125554.5948799","19604176.0516867","25401664.6094842","25832867.5419712","61765387.6507404","58502831.8427208","52992244.7385787","51581584.6542391","18173319.6988797","18372870.4083126","22308403.0889204","23099053.136524","20250461.3175212","20110034.6651857","39196034.4940936","37159646.6950078","18449578.100117","18652490.3449786","15613081.6978055","15799201.8320934","26399624.4831719","27350415.8800523",1.9412221903878,0.0202726715896312
"sp|Q8TB36|GDAP1_HUMAN","3951253.93070551","11204094.0947468","16469392.5616411","15612578.9002953","2786943.06211556","8739375.59841009","15182444.3127578","18357575.6144018","21369382.2496744","21296513.9777499","11537176.9014605","14041435.0210022","10356601.5487704","10646272.6839639","3684356.62517865","3243173.58712263","2864211.30184377","2896664.89843374","16802706.2020368","18423624.1939709","17886917.7920173","19249210.9471034","21437301.5412587","15315115.3677927","9400630.08735075","11776633.4824511","14883293.673548","16150327.0060181","23187094.3284944","20917071.0438982","7483481.81236551","7698777.24594178",1.1733286463555,0.0115427842716168
"sp|P63241|IF5A1_HUMAN","11383614.4458164","3532124.71512305","2419144.31185137","2723490.7404051","1979425.19165452","2405605.14747754","2480340.65841965","2296199.81197663","3181465.28916692","3099831.77709446","4202038.87145844","4620663.92064927","6114901.04521691","9706895.68243766","24825797.4576826","29957214.1607498","36275103.6148621","36677889.0881577","5030716.88965253","4255685.52275543","5800711.70348307","5767866.50210927","7111942.22415271","6997185.51634161","4233617.85082412","4010489.96236959","4700658.16494599","3803130.5465771","3354318.78092524","3586071.91629897","9060936.475045","5877011.24254903",1.82307032309995,0.0189145034140761
"sp|Q86T65|DAAM2_HUMAN","667575.907238004","966341.99671083","4729499.69692749","4789134.63199241","546777.17202265","554590.148789402","3512927.39839805","3549516.69145724","861632.674380212","1011513.19103616","6008178.38638356","6056209.99308399","1912272.30381957","1876202.26136078","4711796.75572782","4475317.0961425","2242189.74040154","2233063.72443917","6700777.0956763","7156283.77782341","4934824.56230722","4863116.00622567","6143706.67906825","5706555.30904","313894.634713778","378445.259311216","2614999.72309938","2371151.30715065","186801.829128556","202204.815373138","1664223.64370267","1903152.96873076",-0.144788244067198,-0.00142119156681645
"sp|P25789|PSA4_HUMAN","14125707.7849365","12518094.0538287","3790308.2677504","3480104.49924782","3251435.79422684","3539052.02758257","3399631.25284687","3170996.51801504","3798421.84039309","4197321.37350125","5270978.5843733","6370235.69642909","6298573.61726071","8532674.43052988","15553511.6602349","22899231.7668559","20978373.17486","20822893.8050924","6396196.31860011","6191961.85031529","5635534.73402913","5940914.22153131","6539866.79355593","5903263.98266644","11719776.860274","10439468.1431971","3827399.03393453","4056308.49650368","4779915.98830347","4636194.93426523","12085161.4300742","11013344.6116268",3.11285540390698,0.0324283857297532
"sp|Q13363|CTBP1_HUMAN","3761664.14297954","837389.087399344","4628872.04380137","4533714.11828615","2369601.06795697","2196135.64044523","6645900.15199966","7084299.31428259","6198675.2246372","6562896.26864482","3722859.00015177","4143494.15957146","3563324.80311374","3579555.25915743","4692260.79582206","4981884.98940979","5279666.2786379","4731197.52485777","6497723.24429217","6750253.49255683","5655057.02658791","5895317.17433794","5235174.28284814","5197006.9730176","3794294.70118245","4003469.7090245","5706055.0825104","5595747.10349358","7454545.19959893","7035635.5613871","3354971.09337545","3611636.32573656",5.68340157498027,0.0552117444918318
"sp|P21912|SDHB_HUMAN","5794958.71096031","2751944.26257273","10465275.9251161","9929472.47033093","13851096.8479527","13875206.6749912","12375124.4209649","12628533.5602429","10989968.0141183","10449224.1479614","7445718.00030355","6729122.21453777","5010416.26409195","4335097.63986777","8094816.74467294","7543460.7314908","7029779.5478707","7317731.20768599","9289713.70082396","8932666.27586468","10048830.2202344","9970104.13157661","8604591.62209691","8158519.40153443","8469494.886487","8833909.98921444","10413550.5255815","10554579.9025245","13661366.420094","14583454.6899359","7952666.91740428","9037606.68158156",-1.97051130315444,-0.0195151380042401
"sp|Q00535|CDK5_HUMAN","11359494.7684252","4492120.97263203","24083551.6481839","24105310.9810285","10611419.43475","14379261.7772212","24922125.5699987","27228350.4079383","27474920.0352957","25874269.3187615","26576052.8624696","25077195.4528441","32469345.3961451","29433812.7144884","41127074.1015826","47680592.1720835","39334449.7028625","39426088.2705557","18477900.4759559","19134177.1931874","18087894.3964219","19644066.5562747","16764118.1602923","15601379.206443","20183032.6872571","40550125.408056","20161394.6248701","18606996.4660884","29065512.6089578","26304801.4642963","34026182.6671993","29044689.4301441",3.21899186375215,0.0318001562202828
"sp|Q9HC38|GLOD4_HUMAN","3015606.03596356","483351.546766923","4561786.94171729","4757207.06777913","2613740.52812194","2406795.49314645","4321812.77373564","5107002.2680185","6100530.44277643","5710621.9998717","2789301.78534243","5562741.03068456","3955449.88962491","3928837.30131794","11557137.4389518","13072765.630332","13111483.2342875","11732696.5094683","6650013.63283027","6242715.63597361","6813693.64353014","5880895.023856","6477798.32404992","5710152.26856277","7337091.63171565","7894238.18190791","5801156.00055224","6187167.52906607","5506309.63199388","5217047.01134059","6256734.26703414","5364717.7912604",-1.33587862117187,-0.0133459498083892
"sp|Q9BWM7|SFXN3_HUMAN","11219040.3557893","8317158.9225028","11136126.9459569","10408385.9335302","2972382.16124326","3163542.26157305","15812658.982344","17987959.9980045","13126906.2390857","12837618.238924","11537176.9014605","11574090.209005","8187313.38652796","7633453.38240282","15403958.6635018","15385504.2871969","13548532.6754304","12472596.2893447","16193544.6478844","16190457.6250047","14168850.6105305","14313515.8324615","13277775.0030633","13812230.2148785","6294338.64686822","6144956.3048553","12125367.0503346","12283347.3003518","15012315.7850724","15594775.0579053","8050555.72062883","7915532.35842632",2.39336812766807,0.0246519789735041
"sp|Q9NX63|MIC19_HUMAN","14606449.2782726","2546740.45974165","6238914.49381924","5906599.37945731","12496077.3294397","12099897.6229795","9567804.52917192","10102826.8481943","10044785.7192639","9319759.04195603","11242296.9806564","9465631.91511647","4766986.18298487","6201647.70625173","13561221.836273","13504916.1068097","15952304.6017165","16383495.1258341","12640102.2486621","12028647.2010223","12460549.4730907","11253384.8613835","9791431.84583442","10019234.3527616","11601110.0248835","12350864.5298484","7655623.90236813","8370873.71579528","16818807.8579925","15797403.4314485","11516198.476148","8996554.52785808",1.75961427003106,0.017606421553971
"sp|P35613|BASI_HUMAN","9234989.99317806","14152032.0684999","28142200.3242706","18230639.1657844","8668204.4201029","8563888.92856693","14895983.0993096","15708663.6968875","24422151.1424851","23087809.5459718","8662097.67362047","9241327.84129854","15814810.4731224","19648635.6152569","29761046.3498725","27290865.2563899","26878540.6302894","27481991.8239798","11929413.7688177","12130154.772339","21404008.3690993","22111914.1135957","19805396.2336196","17605226.0769954","8171818.11328091","9980480.73800766","17593669.8377404","19425886.2861119","13173843.2633719","11983849.2575288","12906483.0806618","19847204.4439318",1.67537744063943,0.0174564106348487
"sp|O43681|ASNA_HUMAN","7721556.2016262","8652466.22958876","5937031.53444089","5427685.91625806","6912838.017369","7126112.76182208","7505283.79234444","7577120.13614573","6386721.76183217","6780055.20353894","9915337.33703789","10766595.5432604","8117336.34903627","6820140.70794221","13860698.5551672","12787189.6419085","13548532.6754304","13001096.1321135","6650013.63283027","6953268.63519012","5879476.66860423","5960723.11365166","5118756.57193748","5007142.22296399","23254363.7483615","23868970.139859","5658504.62348948","6187167.52906607","7582945.02116342","8080777.42767063","11654936.3206158","11813244.8053182",0.794222477091437,0.00810773170990638
"sp|P32969|RL9_HUMAN","6051437.76963406","6226440.56151612","1382572.09515638","1424517.6578883","2655208.82710865","2592457.28502178","2227054.3255989","2205330.23281509","1384950.09200664","1447265.58305914","4017738.92095588","3295844.80821942","3049774.6703393","3047043.49077926","10960799.6023178","11039059.2131149","8710585.4260393","8433217.31352569","2128228.27658686","1720741.92828663","2222323.15554","1625924.34387701","2266388.28947733","1931371.32829655","4175184.60443065","5679719.39706567","1323887.05332413","1317106.53920698","2253169.72603587","2505461.54945038","3384507.88614119","4504934.02658619",-1.72199302117258,-0.0181743874640224
"sp|Q9P0J0|NDUAD_HUMAN","1748806.05826316","1727675.63337467","6238914.49381924","5172265.4025518","2848177.24639506","2899062.41853788","11286571.8098615","11458084.1083179","6229722.72175335","6294284.5210937","8330357.76271585","8030085.84268174","3527750.21688211","3588709.16395224","4162145.25495751","3817303.67336698","2539562.34523635","3085851.49035985","8325207.90674934","8628143.56191475","5561513.11924171","6201954.62108351","5561078.98528245","6014135.67422385","3533234.05754197","3485625.61817045","6181559.6727196","6187167.52906607","12101430.8203229","11798303.4169656","5176486.3666976","5073125.59950418",-1.86079734847703,-0.0176306148754754
"sp|Q9GZP4|PITH1_HUMAN","3129700.12768495","3131817.72826738","6272457.04486127","6481295.53529639","4405248.99987853","5723341.63893823","4121576.19303337","4155839.05832289","7838302.16466661","7555253.7956838","4275758.85165946","3893907.15680975","2501134.39816517","2749012.9834186","3498943.77798731","4196105.03478776","3168266.60023215","2983881.78256731","5685507.83875565","4983745.08413346","8194230.6416597","7668641.98382667","7788638.96827738","8444783.24018476","4989183.78565639","5393035.20328791","6989917.47607524","6915069.59130914","5256899.61948666","5012225.58589914","5713717.88483543","4650040.08962458",2.05442850225576,0.021158374459565
"sp|P20742|PZP_HUMAN","3789845.40757663","3951737.30096394","246615.122392507","256642.93910783","1014.78265776595","856.064563819844","32205.1794103086","14052.0304074345","17707.6919345322","8244.41588051106","60652.4680708069","94042.8080317556","361186.45676067","356626.122636159","3967.88685648961","16679.5359485353","8816.01109645265","18033.2657842697","45980.2481978587","85091.0904876149","4749.41432445387","13062.0701880732","5456.47610486679","10151.7895746912","13082.6327976553","47166.2323750437","41348.816102755","28074.8137400365","9244.68928514294","3051.11822367717","58661.0465664985","389464.611673542",0.513744893460281,0.00509933608470186
"sp|P13693|TCTP_HUMAN","9014109.46488796","8956570.66525829","7848956.9438371","7183701.94798861","5631208.66126127","6096433.34427824","6130269.96779279","6837888.90335102","8998304.23273328","7937655.59492133","8440937.73301739","7985225.02791816","11826119.3360959","11507368.2686963","14416465.0401846","14400456.5477773","14313369.1974305","13740995.9119899","9289713.70082396","9896988.2033728","9012837.94620988","10167531.9361623","10310674.4437196","11593685.4653384","15210401.4454691","17494870.1593285","11840064.2962091","12738286.0892537","8335063.7417815","9218730.5518993","16191769.6830121","18394969.9724246",0.125102248989539,0.00124139525228928
"sp|Q15819|UB2V2_HUMAN","162854.378809335","384358.802694914","30583.7307894482","28373.7690599957","82635.549131186","270035.37352641","78699.5656557848","117442.219391878","276877.742954674","285832.571106818","66682.8166722962","55190.33888036","117327.539083519","331360.504785324","579870.134125181","540069.118011514","748045.188455884","720137.96947511","455233.896520412","379491.613059065","488931.036443934","483909.752785464","731936.448309107","483257.826363569","93479.4933580688","422703.579903374","145530.815079965","301460.382356008","138899.605991322","297614.927170204","602505.265737523","249765.283649243",3.16244112733505,0.0306016031094725
"sp|Q13404|UB2V1_HUMAN","1656275.22801547","1468058.06297184","2457371.78789426","2458898.69257291","1977872.15453062","2027000.40791661","2145967.59987461","2131317.40259347","2215164.84883722","2493936.25854263","4054598.91105639","3673801.66227296","3977938.33038979","3356151.36110647","5987063.93884904","5195563.82696531","4584664.97996043","4350449.89374096","2468864.99913663","2613506.89378228","2408090.73683016","2535900.40133936","2510096.51184465","2773846.59553267","4426938.98186497","4635863.35549007","2474645.41266","2609227.3255917","3649818.53522623","3356971.84366466","3040621.82867477","2835106.44037423",-2.40445148001627,-0.024550588361963
"sp|O43237|DC1L2_HUMAN","5962824.36911562","6480973.9303025","12175946.0282601","11813198.7589146","7454352.16953463","7724094.13856028","11114695.0817925","11766097.1219824","12007557.6450552","11344871.9320724","11021137.0400533","10497430.6546789","5852794.03402259","5403574.90028451","13709825.256722","13452335.7597427","13439270.3151447","13001096.1321135","9086659.84943983","9084927.63283964","11053713.2422579","11154670.9590907","10904094.5555883","11736817.3846636","17696717.0663631","19122299.9415916","10889055.1157907","12146865.6636812","7512483.86990756","7885923.38432288","16191769.6830121","17426813.6580864",2.07838852225273,0.0199380523669691
"sp|P35080|PROF2_HUMAN","1703566.09429537","1437392.60331308","16435850.0105991","15867999.4140015","1323862.54473153","1281764.63510564","15927243.4677233","15462253.2859559","15263844.4640532","14827946.6480595","3240401.37044382","3929852.78140676","3151623.43603132","3884254.46178018","4633374.96737373","7000167.40792027","6152530.09963014","5141389.39372478","18985535.1044162","17408548.4808045","23815727.6219556","21322202.895253","17431715.7861446","20825694.2618116","1013173.07993267","925687.89299522","13219027.6078158","12556310.5736929","10856952.3567741","11055306.2301095","8233491.4339052","8736750.12581113",-2.89302902199936,-0.0289799843313452
"sp|O43399|TPD54_HUMAN","14598378.6225027","17950276.4336873","9391914.29177089","8173456.43860038","9017595.25057026","9524932.30032326","8020913.97655131","8932377.39626935","8533650.88022613","9151200.80498289","10836837.0895507","11035760.4318419","12385935.6360295","12211901.0198409","29312387.3596734","28075085.5223781","31358297.4020043","31709990.5661306","10101929.1063605","10100003.3460061","10249806.8246391","9659271.33213793","10088141.9017688","10520196.0703997","19305509.5269416","21020968.0208986","10080697.312435","9917665.5980618","9471671.89744235","8731028.39441091","15018453.0393155","15732540.1079947",7.83509380507244,0.0793133868334073
"sp|P04632|CPNS1_HUMAN;sp|Q96L46|CPNS2_HUMAN","5123450.51509865","5065834.01699858","2166368.49448341","2018790.41491654","3054570.32918132","3124557.54792175","2700402.79574208","2555948.31064737","2455187.87499271","2264620.42061429","2582530.43270041","2514364.81007513","3369426.76299057","3726310.66650163","8088232.59472868","10690347.0532625","8593440.73704149","7964470.73054998","3015524.86507375","2985934.97697717","4170548.7584917","4404670.54379661","3313173.56853176","4178104.4658623","10869630.5943871","11759922.9941172","3107639.68041017","2646102.06111528","2290977.70558913","2148157.32876382","8728587.37848643","8736637.51228903",-2.71528636901337,-0.026927567837196
"sp|P01116|RASK_HUMAN","41135.6732131199","47688.3971022287","666385.495318318","667430.532038834","203381.812578237","51644.1060520354","456632.966083526","477453.317137943","1274435.57912249","1357684.80837861","189885.331496037","88760.1699880907","198425.121710878","734505.430743881","64811.8457243052","50340.5977069247","98623.9917555927","90702.5269879571","198842.636389498","202194.31673171","1486900.56999443","1589649.12588893","1064266.29024927","1112076.19810391","72666.023973681","161976.02495321","824061.714291889","876601.388083164","133235.887990293","146753.955267545","481515.424293635","391351.942974904",-3.14083033346177,-0.0318313002229647
"sp|Q14683|SMC1A_HUMAN","9187382.35344321","7781274.91982364","534543.234421942","524211.971390853","1194218.81942702","1117215.05388543","519400.603943241","604944.718661106","545963.412877231","562965.585119088","1633741.25382072","1625306.11302599","1447818.73722725","1497092.83413783","5937838.67615699","6107000.14922652","5234059.99791273","5173739.32783853","702429.128393326","674374.303039999","625906.64348718","635095.534862384","733478.867718314","836861.135976766","2338367.11005228","2781935.67524593","439148.182175901","443817.081122307","685855.53351635","806053.467228914","1198793.65879653","1248480.99883129",3.04945059432056,0.0308983897800731
"sp|Q16795|NDUA9_HUMAN","1775312.86668228","1916062.61394421","4293446.53338098","4661424.37513928","1774077.06306316","1151878.5025637","6130269.96779279","6345068.08148789","3936079.38034886","3993784.36068314","3870298.96055383","5069272.06828512","2693032.73527783","3176590.84145677","4166697.23092521","4902530.1610365","4041853.21249752","3149918.07308075","8122154.05536521","7257791.34914005","5557853.49806655","6158120.82629136","5123406.95240887","5088358.61898205","1468484.70477287","1733452.41953047","6181559.6727196","6232661.40795627","2600826.38825759","1927300.94479907","3494727.64303293","3731760.28776279",2.50329023186343,0.0248594355102515
"sp|P27694|RFA1_HUMAN","5498279.37020161","3795656.04686127","4427616.73754914","4342148.73300645","8133461.65938692","11470912.5677229","4819127.87807136","4992270.63423627","5782772.5541338","5795856.58894579","4607498.76256408","4128859.8139658","3763219.79347681","4334125.84340029","9568716.87404996","9262461.9980288","9877753.97894376","9687254.33776985","4080211.86676104","4121114.92662612","4881068.90174927","5063728.35091349","4847154.41912987","4700267.54537595","5814980.77289706","6121614.25036843","4402308.37274743","5322783.83015243","5491701.59111306","5384364.27101672","5840700.1994511","5042127.44534605",2.3568337018469,0.0225693419286152
"sp|P19623|SPEE_HUMAN","2984984.51317777","3511227.74222295","1475028.35182687","1339728.7146563","3826635.94975531","3936968.34890727","1834128.89409054","1867898.89375144","1985429.75866223","1936371.43593079","4644358.75266459","4530942.2911221","5111254.52917315","4790413.15741581","8080772.30799495","8456259.51098892","7894970.31362738","7634279.11851551","2235094.54238893","2026824.01880342","1987474.69583261","2098535.89095118","2440499.14186978","2442254.2270504","8843639.04835853","9591772.01642102","1763414.95958104","1784861.41873971","1775107.11770888","1983777.10000265","9106136.68948915","9607648.82962541",0.601177576664505,0.00627323742282577
"sp|O00330|ODPX_HUMAN","3490596.20673347","2196578.305542","8788148.37301419","8205384.00281366","2772919.78835366","3066327.52573484","11057402.8391029","11150071.0946535","14449772.7593037","13733266.023035","3944018.94075485","3861852.34477141","4746071.66014909","4963933.19721853","6913819.49891598","7095382.16265638","6545291.8283782","5520357.37455405","8934369.46090173","8272867.06230649","11656643.0554719","11648240.4705549","8901301.67803129","8945744.95782284","5835863.98423901","6219008.41224843","12363119.3454392","13420694.2726066","8318673.81842257","7615773.23967034","8398972.0123224","7980641.53859342",3.01471270475235,0.0307701141462691
"sp|P62166|NCS1_HUMAN","3596341.14916238","3241068.81813361","7781871.84175303","7151774.38377533","2707253.0834924","1984085.29171381","8479251.91806853","8501159.17713911","8242541.88628865","7732761.98620152","8146057.81221329","6998287.10311928","4907293.99189278","5619094.30577821","3767818.16856352","3652405.28749595","3619782.0817759","3613430.15895975","9086659.84943983","9744726.84639783","8994363.35775334","8568663.16772543","8159526.53819535","8802613.03849768","5855438.50872852","6392537.11219093","7275220.23020076","6642106.31796799","9307228.61624118","9029104.61002734","7348943.49344223","6760419.84021676",0.861023564668938,0.00839919823788066
"sp|P62993|GRB2_HUMAN","4673451.03442669","3969672.01816772","5467435.81985234","4789134.63199241","2339386.57326594","2344212.79312025","4711519.77054172","4724720.02732355","4722815.25430177","4745193.38931088","4460058.80216203","4575803.10588569","4580474.01343647","4440201.32694452","7771297.94734074","10417127.4918688","7465986.55764121","8006488.94142936","5380927.06167945","5532162.6367571","6666424.30351218","6765065.19130564","6400555.72323634","6879850.95702623","5636219.35110308","4787038.54926214","6181559.6727196","6414636.92351703","6064898.26423161","6384392.73566119","4611676.74366635","4682494.90756935",0.118439494738177,0.00114806417336018
"sp|Q14108|SCRB2_HUMAN","10248083.6534079","5159522.37927212","4528244.39067525","3990945.52666034","22082549.6945152","13088213.0781229","4597967.86840871","4539117.59606376","3540143.95025472","3712394.16437121","7740597.92110765","7357173.62122796","6040513.81060263","6551419.0354485","14796562.9665257","16625469.6389502","14641156.2782877","14163795.786205","8426734.83244141","7816082.99138159","6715961.71134002","6315024.0992283","9049656.70599848","9518272.6351235","10582539.4898292","10391355.9578084","3822729.16279216","3821939.73785828","4963891.53238038","4757891.75933095","18890397.9635141","16821715.9616251",4.18671129496598,0.0412656835045493
"sp|P42025|ACTY_HUMAN","2039286.45726735","2120465.21751451","9291286.63864478","9546341.69977154","1815829.19906973","1533365.5788744","9854265.74262018","9610006.02633117","13432183.1283668","13932298.8639485","6745378.18839381","6639400.5850106","2824646.18138416","3398258.54535843","2912603.1598784","2877888.37177699","3513737.54607602","3366709.40091932","6294669.39290804","5684423.99373207","9599847.4348867","8843905.44360943","8011171.51022816","7943821.52254668","2812182.33421225","2667014.97613542","13076376.230753","8188898.20023451","3728609.53581702","5910923.27431618","7850401.83434935","7673940.06461772",7.63989487608738,0.0722786571572388
"sp|P36955|PEDF_HUMAN","9487335.98102639","10664942.1257362","8117297.35217341","7886108.36068083","3623377.51031694","3645319.85041956","5025985.14632839","4893281.37309514","3935881.74103797","4027299.99138053","14596556.079803","13906852.5767114","14205338.6108135","14795187.7740381","7116025.56536972","8275592.67648066","6130287.90075271","5817938.52213528","17868738.9218035","18017593.9087043","16982523.0721962","16978791.1943681","20398816.3454884","21326655.9794497","6421209.99181147","6119825.52466426","2997673.91446885","2961992.24943645","6033885.06835694","6257226.15831794","2533380.00704709","2560985.77415508",-0.328953529883775,-0.00331335408223744
"sp|Q15008|PSMD6_HUMAN","3157854.96900781","3788075.38893977","4326989.08442302","4118655.78351347","4094731.08726821","4492995.65096865","3803537.73726003","3661139.77659013","4107683.16699982","4131271.8356233","6229338.32698663","6190792.43737475","8817106.72395319","7812044.02269695","13569760.1383955","12872360.6947799","14094844.4768591","13846695.8805437","4151427.47597765","4157618.49270925","4372416.69815645","4368073.01998185","4189413.86999791","4327455.17509303","10820024.7702868","12742328.4642888","4026287.90427014","4012466.61500057","3673435.11659165","4115036.8787566","8001464.60633011","8353721.61388146",1.82437388244624,0.0178306093425327
"sp|P19086|GNAZ_HUMAN","1575267.35292487","3195290.55752364","13584733.1720258","12132474.4010474","2840844.42121181","2632350.29603033","17015796.0788267","18234370.4089361","20962346.3972997","17713922.841306","10025917.3073394","9106745.39700778","3361108.95502499","2301429.62905326","3150524.69982294","1348886.12593629","1031399.41094135","1281169.29926618","12233994.5458939","11673370.7014141","13364944.1929118","12043096.0797262","10310674.4437196","9303574.75613575","4769739.6296301","5500476.0669514","13456779.9029204","16104833.1271279","13361729.0431127","14548918.3237802","7005590.41506121","5527060.58861749",-4.10409203792603,-0.0411296221503205
"sp|Q96G03|PGM2_HUMAN","4127982.85930461","4136840.57420381","1055057.65107989","1046094.56899763","3412102.69546192","2963809.80639573","979625.303852026","1141649.55567061","1334979.04121584","1283558.82233664","1972368.33702944","2015944.712077","3605950.0328227","3841667.54395605","8650092.08568489","8777268.9362381","7924087.53622069","7056002.00541064","2992771.8738871","3218689.07243245","2246336.58284282","2262348.55858515","3509974.38410624","3182666.78370669","3195580.9094464","2887329.03559557","1061470.38315135","1090616.69075008","1378377.76422248","1485175.65594061","3235215.32866033","2804403.53153514",2.96409909666343,0.0290272472601848
"sp|P07093|GDN_HUMAN","33578887.9668162","31369415.1268321","709333.857331024","695316.564054166","992865.933244982","969830.284590915","2421641.27184282","2578434.79762982","1179598.70945546","1161422.2926406","3502357.07782578","4026381.52412355","2812049.8059026","2909777.47889783","17946359.6079633","19762350.702903","14422631.5577163","11626996.5409145","2150346.7767743","1809615.23234735","1149467.14277156","996271.575136004","1602134.85596151","1480385.24172944","2567460.23871722","3050502.68327754","1218111.93168504","736330.480711332","1193187.7653817","1269615.7407399","2003119.69694854","2001940.77935411",-1.02810479169194,-0.0102568508586801
"sp|O95741|CPNE6_HUMAN","956818.177129771","10085825.3127246","1237162.75822227","1359906.06106239","5447557.7974758","5291405.18007939","2133393.45480684","2255349.86941136","1489525.18047169","1815088.41180029","2188601.75860444","1222881.80319031","261800.88908629","219723.253158943","463624.285994687","505597.697047344","624118.965643726","1403725.81998405","2138901.5799409","1746523.03543061","970338.438737705","976882.827547171","1525452.98003696","1695747.18054124","4805740.56719656","1638894.81622567","992338.93575323","1519701.73956068","1655871.41713327","1257391.34488013","830005.401915071","1706410.56822228",-2.62872497470065,-0.0252359703059609
"sp|Q86YQ8|CPNE8_HUMAN","8883.85701521773","17491.9936248359","56971.1068978341","34484.6806972157","2816.38107398977","49967.9449365047","41617.6188300255","48354.9094024385","152742.421847262","115034.176518103","10402.2053397558","2321.05746739904","1465.54801588013","1408.02682922468","814.223492111722","5909.32455115054","7879.11421671915","3741.70233994318","6034.33466428635","6233.09835695838","1348.00800619475","4796.04227085423","3460.0189283166","2168.08550434008","6754.76655027397","41736.409074061","1106.52371650265","49217.0827891034","7859.29437300727","49555.1389496783","5923.92953642333","20668.1395568704",4.37744317401146,0.0437835383446487
"sp|P00387|NB5R3_HUMAN","1809173.15045968","1978281.48568567","3258781.7047945","2926074.04649368","8623346.41796463","9017119.48459525","3428652.89046718","3749258.642453","2338063.75926408","2057809.36533103","4386338.821961","4028194.42770596","3828887.90951296","3594187.13389131","3642611.93159775","3789881.09831692","3702027.81784566","3617744.09706133","5533217.45021755","5227639.92280717","2807437.64184318","3170937.39846283","4586648.14164784","4005551.01476408","2541649.27705552","2499499.3254515","3907351.33244754","3469927.93833718","3150836.67409074","5527012.19856707","5005483.43621879","5413710.46415582",1.50927974509623,0.0157658962619579
"sp|P08779|K1C16_HUMAN","30898882.8239248","17601727.3767225","11203212.048041","14367403.8959772","13641652.2284616","9872549.51345298","16270996.9238612","18911999.0389979","17299023.7259269","17017307.8981086","18356275.0700553","31312848.7049824","26941159.4343014","31703973.8015101","14118435.1134317","14813425.9485923","20869110.8145743","23359693.0503829","101526925.692065","111150790.591725","14671292.1215422","17472360.7058323","13574485.0589977","13168136.5779152","10508690.3436166","11249283.5593207","8273779.86964009","10418098.2658539","20901042.7749809","22184772.319286","13845136.395619","6245428.04530522",-1.08465204105448,-0.0107512106823601
"sp|P02533|K1C14_HUMAN;sp|P19012|K1C15_HUMAN;sp|K1C15_SHEEP|;sp|Q04695|K1C17_HUMAN;sp|P08727|K1C19_HUMAN;sp|P35900|K1C20_HUMAN","32475356.4373903","18298825.4906521","11706350.3136716","14910172.487603","14497141.2290153","10804996.9699448","17015796.0788267","19712832.8745255","18011336.4675827","17912955.6822195","18688014.9809599","31357709.519746","27291044.6217599","31938818.0518917","14571936.8958694","15238033.0777743","21524684.9762887","24099592.8302592","101526925.692065","111150790.591725","14872268.7259469","17768502.4127108","13797017.6009485","13311268.4972404","10885825.1380569","11649718.4074984","8939486.29593297","11055012.5703166","21390910.9650195","22660160.2975564","14079799.7243583","6540851.95166354",0.0820747237851929,0.000811822883070464
"sp|Q96AE4|FUBP1_HUMAN","6565890.35243766","6621815.75523301","960842.109074473","1105381.14522494","2397790.61508243","1583478.5364101","1572101.92609874","1495219.00311136","1951635.25188003","1804529.94250661","4238898.86155895","3495432.45097631","5338662.00299427","4104327.48398093","21086972.5393569","20389726.9156936","19557962.4911455","18920294.3711246","2360469.15151564","2426078.82696104","3268671.70977465","3168500.99029625","4648066.88214933","4491158.64579103","4530106.66096401","3742247.28210691","1615676.65105489","1657260.03573388","2531790.20968106","2612867.16762036","3774160.58487472","3311210.42162729",-1.70624745837893,-0.0170100965382678
"sp|Q6NVY1|HIBCH_HUMAN","3919043.0860463","3417467.65726722","2034567.04380261","2033565.94535383","6307649.659269","6512771.14257012","4470322.89614481","4206462.58769785","4315338.75000119","4332364.01560292","4312618.84175998","4482474.60000891","7207634.86164428","7259674.3818702","11472182.6746979","12362965.4208189","11472547.8300016","11944096.4465758","3421612.4944459","3706461.22754291","3952744.61311842","3910930.52874469","3943593.8189999","4105761.86882716","3907638.37285468","4238017.40633566","4313070.06396837","4549387.88901917","3808936.1866402","4330522.67479146","4875628.95509775","5156814.03698794",-3.36608368681734,-0.0317131765625198
"sp|Q6NUK1|SCMC1_HUMAN","7739545.57377108","8638185.17090363","1089421.74741386","1042834.80268525","797106.107782807","826984.878518566","1688565.20859686","1691210.69853743","1421987.71494524","1495765.43004446","2154935.09467469","2327113.28530861","2488467.26050375","2360049.55407478","27218645.405411","27290865.2563899","28736000.7551468","29173191.3208401","1204336.18488668","1291111.40878953","1255616.40524409","1233376.72694388","1300027.23761691","1279175.11718942","7797872.32722008","8341773.84652371","1324823.64092584","1286381.6207379","1447296.24298544","1430588.49337511","4345703.55415533","4377399.28421737",3.51849814539605,0.0353555573692808
"sp|P07203|GPX1_HUMAN","23016514.756597","16066806.3928472","3589052.96149816","3384321.80660797","4651968.8298054","4397772.65482517","4389964.23680309","4330499.57737883","5570191.41807177","5383830.37445109","5971318.39628305","6190792.43737475","19803501.6101488","18474414.3633491","20040101.5622257","19291818.5433101","16717141.1237166","17334794.842818","6802304.02136837","6801007.27821515","5437589.78030636","4756714.91574689","5084873.70182384","5142989.9463638","16965447.7661002","18308585.0504601","5420752.32838488","5140808.31459167","7680409.59957831","7350644.95100387","12437156.4231832","10360754.4658296",-0.993797483138858,-0.00985915808009728
"sp|O75436|VP26A_HUMAN","10542595.5668073","8314586.22963098","5165552.86047399","5108410.27412524","11302741.3593876","11770595.5875025","6416731.18124105","6109984.49491886","5933375.0308805","5850237.50210165","10652537.1390481","9061884.5822442","13645522.3108799","12603308.1038102","12330150.288542","11574609.35595","11254023.1094301","12155496.3836834","7716046.35259695","7613067.8487483","5664084.44346041","5470631.98396257","5767354.08674174","5770124.6422367","23693125.3285192","26716972.2588195","5230550.4923012","5322783.83015243","9226636.41277086","8604882.48931865","11573827.7194509","11704301.4319015",-0.0530935739078824,-0.000527910398909364
"sp|Q9UJ70|NAGK_HUMAN","21912983.2271711","21261492.4748529","4595329.49275933","4693351.93935256","5709150.70440106","6603023.01345857","5587329.02238571","5771400.71777227","5266196.84334655","5592096.15877826","11426596.9311589","8164668.2869725","12315958.5985378","11429086.8519024","14955299.6733028","13811137.0827086","14641156.2782877","13635295.9434361","6294669.39290804","6293469.42163193","5458056.24788915","5449787.46455048","6129308.65892995","5968552.19924853","21499317.4277304","24004589.288381","4435590.30276333","4822351.16236032","5160868.92608636","4819937.87542865","13258478.0737708","14401325.1757798",-8.18985322927744,-0.0811068913422443
"sp|FABPH_HUMAN|","1647294.88233525","2133421.27741606","1986687.26465676","1931619.86823672","3906668.87037522","1731994.58250366","1728252.39761655","2449020.98493607","4201557.61769294","3534401.14478048","6855958.15869535","7581477.69504589","2194771.78465802","4681545.34207354","3283427.37966852","6350994.87349209","5835655.06708404","5686583.65019096","7056121.33559853","7207037.56348173","6801068.38167115","6984031.13446069","7936993.99624456","8516349.19984734","1780765.74053921","1937152.78882404","2645453.14829676","4024596.63701053","8685584.15548036","8239777.48626489","5168019.20223063","1796940.68198355",-0.293743395902681,-0.00292652298835456
"sp|Q63ZY3|KANK2_HUMAN","2220130.52745747","2183241.28326393","1397183.64531165","1311851.64758172","783134.144969833","879276.532019669","1472253.02731027","1497284.46445787","1653678.13615894","1702072.36599177","783260.43082675","693390.055143862","1517903.47847666","1681059.0100059","6320396.19295714","6520600.99322059","6935709.65988079","5684543.76129584","1109425.88772847","1004359.94205362","1505763.70250074","1671594.54794338","1417035.84586219","1410178.69679346","839470.736380798","809684.822071406","1178349.29159761","1278695.67238178","802913.14736477","733825.07782508","759407.523071549","588162.007202073",-3.07117008471486,-0.0304020831599719
"sp|Q8NCW5|NNRE_HUMAN","1415162.47794003","1181911.57512647","1228380.18026071","1408727.88803068","1554992.7427525","1126599.78864395","1037055.68444095","1268551.48342829","1384224.2636395","1414153.32127362","3342849.5975103","3697802.72349162","1328865.41778295","2136706.20513408","10342326.4969273","10432233.479847","7208250.97730048","7774541.40397083","3830685.11391451","3695807.71102359","3351625.34386975","3314929.36088376","4166396.32852928","4394814.43254086","2088735.50355639","1867228.84965281","1835913.047475","1745117.47162278","3848822.41076207","3411783.81451123","4828779.30032911","3118399.47881499",-1.6816453480391,-0.0168349899895755
"sp|Q14155|ARHG7_HUMAN","45041.5403281876","121591.95149797","1037604.89054307","862714.508270702","132726.299334709","438313.793629189","514044.796991158","455420.100196727","417492.821695235","450119.486785826","516897.375165674","578440.092733085","28697.2743156604","26456.8062632227","54110.8725517746","112860.423326108","232482.498804472","250969.954065673","1302934.8572818","1140158.25043388","1214421.83371047","1004646.48531073","1064432.33364722","908844.357388863","251447.529815744","352179.771741833","1276065.84103854","1119601.51612019","533351.541753087","411817.359322258","549739.179510128","192104.493187987",1.91463608282309,0.019539372328297
"sp|Q9P035|HACD3_HUMAN","3311268.45034726","3423540.57213458","6574340.00423963","5587323.73732448","34633063.5496713","34186745.0263364","7791745.0057927","7577120.13614573","6308784.66663455","7160062.03761626","13564476.3569886","16777944.7215808","4207419.31690125","3189825.87981129","6038823.02562119","5169271.96735824","5561206.62214837","5400870.90096683","4469734.0598794","4412138.04918923","6243557.74760105","6414476.53649111","5841704.97657054","6323609.11934852","27788233.4099917","28344402.0410826","4467846.54512742","4822351.16236032","31188274.7657918","24878637.529485","6514597.7300872","5984925.94625112",1.03993229143979,0.0103014554549978
"sp|Q14151|SAFB2_HUMAN","642179.193680898","1590854.18588212","171621.935058753","127764.741177606","213712.62110589","254159.171932515","191098.801949753","144907.064717414","112533.471665541","111302.895907526","464518.471500876","496390.532830294","259257.468133282","727962.75165405","1926147.03056542","1842397.54117099","1465072.05043642","1508564.28834312","202426.027455078","125387.308624188","73201.512629935","112300.462888345","72219.9826895953","101962.038529667","1028539.36590862","1128440.68126225","136245.164010084","149586.002677013","161619.994126526","148000.038464776","583583.323508038","665264.759224495",2.68174414577837,0.026524025041374
"sp|Q9H3U1|UN45A_HUMAN","2695511.77876609","2201303.84477632","2673705.60155928","2501453.23510738","2171899.71962463","2198555.83203741","1993201.78504279","1973166.92440491","2244705.34658943","2371731.03365672","5123538.62397125","4620663.92064927","2940849.84760923","2947289.51971675","5327111.14629226","4757604.1243712","5141006.02479301","5076592.72546609","1271478.7064403","1278968.32144507","2987693.5965193","2972318.80017668","3943416.30034054","4079449.70552748","3268396.85696498","4088584.27985591","2212753.10422305","2333435.14186475","1856087.1628884","1597152.60475118","4787330.85033198","4531382.13893421",-1.09246499003919,-0.0104739759303005
"sp|Q14165|MLEC_HUMAN","11638722.6219536","13116257.3004315","4293446.53338098","4597569.24671271","10979345.0277119","11646038.285327","5484952.28901542","5510656.61570091","4452756.60384252","4944966.44231627","8625237.68351995","8927302.13795344","5969241.80604593","6405028.94242643","20040101.5622257","19448662.5965077","19776487.211717","18603194.4654633","7716046.35259695","8069851.9196732","6942939.41472857","7251193.67546775","8752946.6500641","8874178.99816026","17404209.346258","18579823.3475039","5040348.65621752","4958832.7990309","3224407.31920126","3269105.51917682","12789151.4162921","13433168.8614416",0.618697383167431,0.00619518109472457
"sp|Q9UNZ2|NSF1C_HUMAN","8572427.57250675","4589036.26829926","6305999.59590331","6162019.89316357","4438785.83005783","4459164.586064","7333407.06427548","7761927.9443444","8293730.54718101","7978692.07261217","10062777.2974399","9959100.8775159","6529946.02431486","6492533.44208593","16002170.650434","16311781.5325549","15515255.1605736","15749295.3145115","11218725.2889732","10303018.4886394","8856031.76487629","8295575.05721858","9198011.73396566","9160442.83681059","11313198.5648741","11771419.1255505","6371761.50880328","7006057.34908953","9984154.93901748","9845533.85121737","7988475.86436619","7046258.61543119",-0.26204432719477,-0.00255669869319715
"sp|Q9H1E3|NUCKS_HUMAN","1683608.50114998","1039708.09171967","1670209.26577304","1595135.70001505","2862436.24899193","2776435.13748458","2265300.74591418","2357474.95005802","5158191.98429426","4780806.9455712","10615677.1489476","10811456.358024","5431662.71881613","5527279.55068018","44118134.0362432","41720518.150573","37476989.5780051","36466489.1510502","9746584.86643825","10150757.1316644","7151258.02208403","7993663.70833318","10236496.929736","10448630.1107371","12036060.8700402","12772840.22171","5325651.41034304","5595747.10349358","7489407.56253603","6694283.05561961","5762607.90908785","5673835.4639051",-0.995238029155368,-0.00999155732347037
"sp|P39060|COIA1_HUMAN","13015325.3110697","33983533.0540681","129230.664471486","160582.361752023","3081236.43297681","1479802.53274337","1190939.77108893","1149552.16671087","280455.561537959","234474.071256164","1773627.48797367","3079983.20014363","5075586.85248855","5949209.38727476","4700580.17628575","4268768.40806663","3510301.40655333","3301909.41262462","819805.334634389","765043.020238227","208967.297833193","272393.187635054","350343.4770597","321391.280588917","2526782.5239174","1855276.96193374","315275.947123401","347533.667557247","2357805.2513809","2124332.79435258","610955.919996673","573989.352197392",-2.31640988370989,-0.02292307273377
"sp|Q96EQ0|SGTB_HUMAN","10819712.6120263","10670919.4876223","3890935.92087651","4022873.09087362","898810.273451512","1180625.77266646","3396403.59409352","3521554.46616281","4536661.78081842","4369112.07796456","2895962.7329369","3056399.43108364","4425270.42628101","8376111.59694218","4705428.49600306","6472755.44031555","3900594.049614","3571479.7271282","3699316.11092269","3360164.19173859","3262446.54888781","3236412.57175907","2487929.07806615","2556954.91071632","3960744.32970843","4220626.90596065","4740573.92702155","4445426.37383673","5364238.28812403","5526928.46055933","2753092.86471342","2569771.23722801",2.55229933585947,0.025664146028242
"sp|Q9Y224|CN166_HUMAN","4089945.44384077","5457867.67439184","2501121.4240936","2423006.01446734","2256004.73230981","2530783.61974406","2430971.65158906","2540356.97526765","3063482.67071748","3049440.02543016","4128318.89125741","3670967.26672318","3276529.62158145","3223075.98361338","8962505.62484366","8767277.51677009","8494427.89198541","8270618.66080954","2748197.62478121","2693128.47246143","3238591.83984366","3279770.40365136","3328255.76571206","3692331.82591781","6195873.11419711","5982118.1423296","2914686.94566112","2916141.74130001","2512007.23389855","2663400.27585986","6532056.32271051","5630217.41276289",-2.33479833849053,-0.0229190270124704
"sp|P19823|ITIH2_HUMAN","23804751.5633298","29800944.3704905","4360531.63546506","4278293.60457989","638655.791881032","717469.853920201","811946.522781392","698390.762861651","343089.717190218","350465.475821775","2225780.51095054","1879327.02772535","14415269.7232886","14560343.5236565","1368462.52163498","1345933.77315567","1132247.02200227","1140899.95516697","626933.212012578","545881.645813681","412618.198027322","395843.376705695","485400.772563688","502969.745749825","1238914.76292974","1260064.24921597","689575.381086603","650529.828546332","1401960.1287847","1284714.66508787","1425658.26156078","1379910.35086697",-1.85479983344303,-0.0180487755593529
"sp|Q9HCJ6|VAT1L_HUMAN","521475.673118456","929961.905694021","3095027.72632094","3384321.80660797","3167774.4676252","3218065.67714624","2175946.56279707","2616582.6670795","4101761.47306247","4987937.09229534","2054866.72475985","1772518.27229264","791399.073357332","755905.327880699","773725.931439287","247750.386174506","536043.139827818","283905.430278616","4468210.67221822","3874987.63548921","3139199.78060817","3188343.89725305","3242420.3615669","3535232.35462853","844477.348390684","1008815.72901208","4114607.58668238","3240702.11439027","2518170.82241427","2744673.44764632","789732.827682573","443449.22995291",5.91561213245382,0.0590120952990194
"sp|O00625|PIR_HUMAN","3708438.46994612","2284157.99704317","877485.936103492","874913.773220429","3757947.22254959","3742444.88054543","864723.035017272","913320.154236427","849216.511352535","783095.227372807","3487035.36152253","3573748.58800295","2931638.88282723","3442424.12224307","6532244.11608727","5894309.18609786","7627720.80285991","7713024.58142537","4382780.64210949","4794855.31792847","2554409.81524765","2531369.01862573","5580052.26558196","5128405.87942094","3094410.71145403","3020640.51038531","462699.223064591","474159.765753181","914172.770471902","502100.403533619","6732853.30736236","4896672.2167329",-3.03852364573661,-0.0316493620206952
"sp|Q9UJU6|DBNL_HUMAN","8261500.34857127","6612757.91155318","6507254.90215555","6832498.7416425","2117190.5316117","2817305.30991256","6187562.21048244","6101544.84963671","8833914.73731873","8174575.36212191","5418418.54477536","5248715.32733946","6777786.08141708","6855997.87647885","12926777.4593767","13120886.653153","13548532.6754304","13318196.0377748","5482453.98737152","5481408.85109878","7505570.01220605","7445261.49869416","7936993.99624456","7657557.68389635","10048868.0364942","10802403.5549718","8083578.03355641","8552849.23135605","7929118.53232668","7983715.33599365","7954767.08497081","7743954.34703145",2.51494754366476,0.0260333483370017
"sp|Q4J6C6|PPCEL_HUMAN","520659.86757176","128386.848616354","3421340.20628797","3512032.0634611","265924.483882959","253011.367605242","3721799.63884093","4357982.63237213","4759701.94631113","4696025.83391701","1119539.34394292","891030.136956493","720508.852320862","1117143.80584157","1103731.66358486","1125273.82028091","1511040.62985156","1008990.76647966","3007278.62633271","2464644.95533049","3521808.83247208","3562388.0996037","2816021.11368085","3050610.32785108","429036.532257523","506681.813621133","5087899.11523844","4446165.43827709","1111494.48077182","1249016.41093908","3138992.29950126","3289689.83765672",0.300539644700496,0.00300202640566158
"sp|P30519|HMOX2_HUMAN","1220102.07785015","1509174.54407793","4259903.98233894","3767452.57716736","1025385.88615867","1068696.57763554","2849678.76074695","3322640.21081749","3721860.33506965","3593802.16774694","3126675.7693243","3639598.48331131","2529636.56196607","2563851.31567206","3156276.65015264","3143406.23298208","3432251.55927277","3305894.81302694","2556972.57398254","2791526.9775119","3676359.15090465","3479295.99415603","3661184.44746997","3738724.09786099","2298207.05493996","2571635.58995635","3285603.3678383","3438457.9324931","2190308.33109609","2257969.59540455","4404081.88152306","4667146.20271374",-1.68233530842265,-0.0173842733025509
"sp|P41218|MNDA_HUMAN","6189158.83083645","7477282.16275746","211396.540606242","196144.697036162","859142.203649996","788845.119398316","396705.391892731","406590.042447014","190816.934428775","196002.354338732","747477.57736375","989050.144672079","1715486.0755365","1703456.0020505","1972340.63417079","2088490.76828851","1530501.33682319","1298570.86160814","355008.64409073","397961.23302355","235370.246321941","277146.555803027","364012.163704226","321064.375085868","1143281.04166563","1072081.44934148","126982.848232867","130531.272469598","821775.2449201","754680.945360641","1038900.53145094","1194511.97670301",2.77534662733197,0.0282762021953578
"sp|Q16576|RBBP7_HUMAN","3589015.37402197","3697031.37425318","1530238.28125448","1561194.80499395","1466604.66386415","1547368.23048327","2309246.42550966","2362600.69934284","3396668.51355672","3712670.65581798","2143805.82111308","2339171.84943804","3017775.3956925","3317856.89596107","16450829.640633","16782313.6921478","20869110.8145743","20717193.8365386","1506238.66998752","1697209.34986746","1978208.25848938","1863656.43853688","1978865.43316248","2206699.56554796","7430343.68960093","7497486.82032598","2062171.02242597","1966100.30014312","1285626.17859843","1309466.51505892","4509525.55915129","4123968.59283222",-3.75461491310116,-0.0368199573487666
"sp|Q15393|SF3B3_HUMAN","5726640.0387754","5263723.60500652","881310.287712571","1022377.33787889","1423905.83640167","1619722.00047532","1460719.54254916","1567887.33558345","1444934.45779388","1378742.83822089","3294248.8347216","3340982.6241587","4034986.82819743","3700733.84103489","18843677.5883615","17880222.0645313","17263452.9251452","17017694.9371567","1740340.30502865","1521178.05728917","1472162.02909129","1491161.01881478","1498414.94239112","1556080.03053909","8741711.48498965","9684301.00815935","877259.503578428","996866.293517277","1619152.20784209","1535341.43648473","5691235.49764553","5313642.25349461",-0.344395004011644,-0.00340972500899517
"sp|Q9HCC0|MCCB_HUMAN","2821718.70549655","1378540.88764513","1855736.57013389","1743343.25897352","5636505.20211099","4715641.04993903","2340380.9586441","2604431.15327352","2660610.1692949","2630334.82182467","5012958.65366972","4755246.36494002","2281953.7642602","2626764.97953597","11089624.0990625","10863231.1415545","9988022.47839631","9117790.41405302","4072350.737924","4567784.10101415","3089837.44249555","2861280.03777711","3328753.13039397","3093849.20895211","2883841.43124829","3004283.41842869","2467105.09148818","2435349.12086407","1471472.0982091","3834389.12327493","4083656.15893588","3664331.98232974",-0.99641771956848,-0.0103850720741415
"sp|Q07866|KLC1_HUMAN","1769962.64945059","1880439.02512848","2549170.6903956","3102608.40643116","3882634.22328771","3855847.24711373","2446368.97962479","2363582.41628474","4428377.73791017","4417862.0903228","2568670.0447115","1527821.81701042","2242597.20325893","1560562.02051039","3242197.68977823","4247604.23540634","5168258.77371055","3833943.46173902","1915052.57955935","1672643.0959953","3569713.61187845","3383694.55502243","3620166.96227063","3274499.1925959","3085907.55590673","3266893.80019228","3113013.76481605","2771835.23752954","2557387.21710202","1784170.68860596","2716862.83435446","6308497.40846227",-0.0743539313462545,-0.000770790352362008
"sp|Q9BUJ2|HNRL1_HUMAN","2605070.3703868","131797.985742661","1000155.08915418","1017625.74399617","205012.312903464","217488.763252699","1333177.24428631","1313299.76066766","1163068.33019798","1157513.52548931","365705.083584327","363837.365656076","2071160.90486176","2099096.53721183","12674167.7573038","11671723.7901741","11800334.9108588","10110892.8482194","1245183.95251195","1173112.41142154","1330251.21673455","1352549.64716902","1513559.43681477","1470721.73599842","560940.222869845","351106.137463412","985312.444841599","1114983.80916336","551839.014406269","525245.462421339","2936067.70692654","3025585.06679079",-1.90781969642279,-0.0196843324368862
"sp|P22059|OSBP1_HUMAN","2797370.75472612","2857172.47416152","1988740.34215233","1877629.71732367","2735918.09650889","2981959.15840555","2332310.42041862","2593707.36110131","2558300.4225848","2797411.22148096","3620400.47440406","3849754.7005918","2371742.57674719","2165693.26580292","3091625.42506468","2861479.72335718","3150374.33477519","2808689.38977087","2272947.62561925","2493749.04782658","2409929.79837084","2199046.77914708","2137354.41061342","2071038.01311996","3211812.59428392","3225726.45034024","1970217.47497278","1932397.44653422","2203077.36923494","2554330.73479625","4256172.91897482","3886272.76028944",-1.67942508064136,-0.0178268983563284
"sp|P55011|S12A2_HUMAN","2649552.64487706","2784773.86820587","3488425.30837205","3512032.0634611","10550329.2541133","5195656.20476678","4502753.61069664","4235488.11395714","2339390.59947181","2374857.20168722","4496918.79226254","4162818.13138527","1931660.98714963","2002910.10081315","3762626.36150543","3736670.87494292","3954694.73586733","3308228.11340778","1783379.56028017","1812215.37416352","3365962.24408271","3300142.3904717","3136678.29849668","3305666.45858675","2259341.09785755","2606839.28711229","2713010.49243202","2734686.56834819","3214086.63574464","2337090.61767443","3794600.26650739","4048302.06863194",-4.49627402689083,-0.0458203846885056
"sp|Q8WZA9|IRGQ_HUMAN","724320.176364737","701283.058804805","3135373.0129578","2634893.46262706","2419591.75048286","2311393.33393042","2205858.83067397","2138852.3428115","3249686.27880678","3047648.57660665","1913142.00460766","1852657.8076407","518794.622099483","654649.961829172","2874480.58005718","2687199.30108115","3165386.04123691","3626950.70807432","2135491.93774105","2362742.41399355","2414002.35612624","2957682.20953624","2757184.0933661","2974311.96748214","1861386.73297999","1395984.39602965","2466713.22102282","2686678.2423168","1747329.92088316","1668792.48602268","2227633.30286079","2128362.80030773",0.320273485664153,0.00327845014341794
"sp|Q12874|SF3A3_HUMAN","8392023.47876094","9573413.46794311","840643.94083363","855861.197546327","1046669.99170239","1031925.82181415","1703009.35871589","1344317.26868892","841802.699180244","819248.218062648","2668759.60764624","2657216.1809808","2238489.03402786","2279480.37305171","14621071.6176817","14494893.6273498","15952304.6017165","15854995.2830653","1624995.07792829","1552217.50329075","926132.480691719","825980.100082819","1293777.36889504","1082232.37349437","5702963.08405876","5882293.71378811","755931.844560846","743722.29658239","773252.897543122","810578.460694019","4107165.26858801","4800655.73661661",6.1352884018168,0.0624781154560193
"sp|Q15818|NPTX1_HUMAN","285932.302424693","237766.859058392","4930755.00317972","5715033.99417761","1030502.69252927","1055042.71207694","5150614.69608738","5511517.24964702","5606716.33865072","5603058.7035504","2157497.37191734","2212528.43385399","699546.35973604","774687.731554342","751004.461147423","597029.179988445","446729.285480394","556147.580388112","6091615.54152391","6242715.63597361","4791458.41203571","4844635.79928163","4265552.92674354","4656811.44655849","1417408.33789074","1802132.05301401","5087899.11523844","5049820.55681128","2620962.7533195","2693320.08755821","1201258.03088917","1112873.75846379",-0.452733482834358,-0.00441696376286736
"sp|O75363|BCAS1_HUMAN","64635418.1520875","943792.789570747","1665821.30236849","1881964.96172092","11607153.0196545","12091713.106194","1915998.28284006","1733892.5158521","961334.710896987","841098.45971484","12421816.6638728","11394646.9499506","210116.910956516","3284858.58981579","5267863.37566337","10857274.6404406","4913353.65885074","4482256.58337185","1646647.31367895","1610004.91808324","6123049.54582113","6130631.87214167","11052449.5835555","10734893.9493874","1161157.18603884","875308.440243506","850895.147770243","1074768.32026642","3031118.55785315","3617381.10165649","5059306.27606524","2626030.4860034",-0.379994156547648,-0.00383144787087154
"sp|Q9NPH2|INO1_HUMAN","2290135.50774896","4315167.38107661","656005.16858712","688024.304237269","2182789.12848822","2313872.58427441","656533.906025808","625028.604587161","974384.698655219","977509.185097648","2911961.5606235","3271006.3543964","3818517.21738792","3960805.70974538","10627321.164642","11724194.1911282","13439270.3151447","12578296.2578985","1974947.79239306","1792745.17544192","1394481.28250675","1430122.06605609","1916194.05698234","2049895.18074884","2489988.71199975","2620526.51270153","825503.858373901","759115.833822947","2422538.61229316","2367969.71002025","1937045.24075972","1488016.95525252",3.74157708488788,0.0391593838530425
"sp|P46060|RAGP1_HUMAN","3760300.3435389","4041929.02955447","1454155.8490509","1849565.32899493","3855939.57104489","6250853.74784543","2257105.00924244","2224565.65845499","2550026.39417253","2398648.90082672","5086678.63387074","4889828.80923078","1944496.98360114","2588540.75004335","7780973.85424342","8532444.6339748","7802144.50763153","7865366.35653099","2611471.70736855","2400597.16715245","2301845.14828091","1612717.43852914","2514887.03070078","2116259.60623233","6570347.17358807","7542588.27689173","2519906.15207897","2525073.47950726","3091261.98445626","3150701.09655535","3900884.56215173","4551953.01238862",0.381896810226949,0.00379459608055645
"sp|Q9P258|RCC2_HUMAN","1856025.82486341","4281412.62865255","426824.98319254","317433.861416063","3813145.07355717","3630951.58766953","420108.691687068","478237.368946023","504718.765972922","375390.588770376","1118543.95649725","1528317.37917843","2091286.93063771","2197147.63930698","10072739.8407622","12068503.4325614","9826163.50910072","9917313.15102929","2153141.10438066","1736564.49252845","1651915.58446148","1358579.48520239","2196546.73602773","2432589.37086971","798354.214515866","772739.166660945","472911.088603538","630643.229843148","629155.932868398","545821.64526457","1907918.11384676","2076929.51910223",4.8506268619968,0.0491065345985037
"sp|Q9Y6G9|DC1L1_HUMAN","4735001.20858765","4331939.35779655","3924478.47191855","3575887.19188767","1413800.49642562","1899185.80034022","3161087.0579849","3622309.84805119","4667596.95068198","4491363.63670067","4460058.80216203","4665524.73541285","2507371.88467466","2492142.81526121","4824234.68725014","4440699.83499022","4602421.83766691","4498602.044478","4214941.90238359","4603880.86535447","4347758.6504536","4331949.6289112","4265003.54804704","4088271.10105209","4069860.75439917","4854554.24225302","4077669.17805373","3780586.73138704","4413099.89045519","4990933.28478548","3526446.26503028","3538661.56895743",-4.72443563339827,-0.0459373436744782
"sp|Q6DN90|IQEC1_HUMAN","4405787.98480866","1025058.81814268","776321.193277005","920291.248175886","1477770.54180164","1345451.11612975","1284067.70256442","1369078.91966989","1441630.88460232","1640053.10282417","1635695.49124687","1814380.2362456","816220.542254254","1352809.54454222","1980303.04209999","2443102.89795278","2624363.35751379","2456400.95620031","2048590.38043242","1859108.10922614","2067953.20858547","2097896.57628582","1953912.98014288","1916130.18422032","2868188.03417341","3339958.12416096","1904113.22721677","2053220.07689756","2531614.49396129","2230873.57720474","2091299.21694775","1536235.70456359",0.805519415246142,0.0078516517260323
"sp|O15083|ERC2_HUMAN","25207.793373394","18346.4489682269","226527.838225056","172476.836946705","70867.6424417629","53382.5429993971","332888.056562567","288151.19169189","451247.682371336","512347.344033471","76659.0916084481","124963.619915813","43432.618581576","37322.6884439825","50730.9551145232","42557.6790093234","69151.8732594529","47242.0422045031","488997.087960154","322395.245875403","322794.960610126","225605.355230601","182452.710672187","180051.778529562","78643.3890179828","57688.6071740733","349572.272745867","357997.518607656","93174.1014937262","94643.7627651571","67435.5571395452","75736.2445613273",3.92571409067751,0.039529086031574
"sp|Q9BQI5|SGIP1_HUMAN","1075835.19362995","693666.999975507","6272457.04486127","5427685.91625806","1141185.11564059","1159738.10883108","8307375.18999957","9117185.20446803","11600521.7926804","11444388.3525291","4054598.91105639","4252596.01143946","1229339.11718916","1738365.44565533","991709.576283752","1016844.78545555","1281005.90959087","901982.69358986","8223680.98105728","9186435.20415629","6958555.45666722","8263657.8220905","5307284.9531544","6080042.0102935","4251997.22533274","3343125.30594597","9795394.55830953","6869575.71241895","9678014.73000147","8759527.54399799","2739806.21882698","2373358.16235103",-0.163337768359771,-0.00166242462564503
"sp|P51570|GALK1_HUMAN","2336746.45987706","2102384.55584959","1023774.24351234","931224.186110004","5716886.23267976","4580117.07074276","1193504.94073361","1381493.08418096","1101331.02482649","1183297.66875705","2374840.33853894","2969993.05703945","2204435.86685249","2276999.98721989","11564133.1497699","11967650.1717555","12892958.5137161","12155496.3836834","1372999.7659066","1337598.79925053","1201157.77675832","1150028.36316727","1230697.75454137","1191217.48687839","7757470.04646474","7384041.44327314","898933.161143192","1066097.45945829","1858381.72998395","1709600.53485191","3302299.86381479","3066662.12028448",-1.92019468916154,-0.0196276009172032
"sp|P10768|ESTD_HUMAN","4773271.72774587","3314374.03504133","5266180.51360011","4821062.19620569","9449151.32442949","9536297.66531081","4813455.5759372","4997304.10467027","4841011.53197566","5498505.8963773","7556297.97060509","7267451.99170079","4182648.05582895","5344876.00731817","9992904.11107818","13526925.1936792","10482429.437041","10466083.5481895","8528261.75813347","7511560.27743166","8165255.42858111","8172611.18455671","8233704.05217894","8874178.99816026","6805394.04241403","6177333.62843409","5373201.86936396","5322783.83015243","7539512.98248869","6458317.13347795","7907632.9091293","6554961.11630834",-8.16311518185235,-0.0815718330414945
"sp|P09110|THIK_HUMAN","4799254.23572358","5737805.89339755","2539496.67922446","2395465.32343829","5426991.97738068","4998731.75377757","4003627.31580724","4753907.58136457","2829619.96937334","2725772.09107635","3355612.66580552","3630692.68116744","2556958.23203829","2688232.60245319","2276873.93878994","2134194.60309961","2639836.13583918","2839756.66533621","2958296.30516863","3107696.83920481","2863927.09269185","3018679.46751689","3036087.46247227","2952182.54038865","6431712.53854085","6179310.34940195","3479172.34987919","4098176.64745327","3433250.29694056","2749923.71170967","7938384.61026712","9135169.61109089",-2.60798888877609,-0.0264182999822215
"sp|Q4G0F5|VP26B_HUMAN","1111636.92799415","1254247.66828593","2985431.05667808","2899705.84609191","1090217.62678023","1245163.90253818","4500475.81493082","4189472.3717909","3765793.49438072","3638869.60581626","3833438.97045331","4188159.85715592","1052791.87651436","1133073.83226954","1209036.96911878","1002848.80229051","1088316.58474186","1260495.60308071","4115641.00225498","4096115.82721357","3209649.99591558","3213817.62485594","2934509.42758526","2719864.34063169","2606946.23318918","2592555.66411171","3513840.98727446","3158931.1603425","3725824.4849304","3977701.05532244","2835036.99639349","2947726.37892323",-0.381889156107398,-0.00382183870868403
"sp|Q15276|RABE1_HUMAN","1523088.17633966","1249204.58099342","599423.87946505","643506.532586563","943831.50217149","732490.709438993","746206.528021624","924881.161509287","1049323.23175615","932531.73604524","1833235.44514256","2434482.46985305","355108.468842752","680741.733649821","2805868.58742162","2885825.94032654","3041734.69564469","3157564.36863994","1596015.94954648","1707631.52555638","1619937.40508683","1482872.16149725","1492632.52033445","1569223.67509863","1232261.50079385","1402615.98116938","744193.543477492","937265.835073962","2092127.75970174","2329231.64464943","1979163.26619258","1420800.00560407",5.17994734669944,0.0501471117644786
"sp|Q9Y6I3|EPN1_HUMAN","4300674.86462751","3652021.25476867","4897212.45213768","5683106.42996433","527455.833238503","376771.136864128","5524651.96545233","5787402.92895964","7445364.37554702","7717157.38255813","3980878.93085536","4338796.39583746","4403539.08177993","4924159.2618302","3312418.55411075","3381722.93118168","2974746.84833847","3124599.07784827","6040852.07867788","6141208.06465697","8246423.81865066","8602215.96092501","6069870.83932424","6500469.49220009","4714074.94248173","4568412.62407133","5658504.62348948","6369143.04462684","4122540.91242816","4007406.54468929","2943678.04987455","3175804.53816801",1.60787683730658,0.0165695544122285
"sp|Q96A26|F162A_HUMAN","3141615.97916307","1751589.12286834","797666.336424925","682992.23404628","2511489.57421611","2453930.0508652","1234357.70433671","1138448.47806389","511212.097296274","375200.530021709","1522778.01592231","3429748.94981321","296542.495184911","844710.009775955","1509126.83525941","2529340.49509125","1645656.95044219","1621994.63995206","5736271.30160168","5329147.49412381","4591703.02187003","4022886.14093306","4116691.98884483","3388637.99831498","2446999.58657027","2311136.56100174","2638953.55546246","2945908.66195076","6855374.76633314","5930879.80810372","2293863.39715577","2611514.58678899",2.76669408404182,0.0280171747486584
"sp|O00203|AP3B1_HUMAN","3663998.35351323","3452078.93065837","587817.645951452","566925.149220878","1206159.63503832","1152364.45947906","1073874.71207173","1275596.2689851","832751.423698543","774665.46894721","1664856.44859411","1830234.86106101","2124219.26510701","2232762.73665285","7911644.67994226","7778167.10230434","7895001.41734349","7462666.85552996","1075071.03046357","988879.58419653","926086.345607784","990353.845494322","1382527.88777242","1346205.06888348","3537561.96081756","3728676.657793","502159.084653194","566158.401162015","772958.815789044","960619.135918991","3413877.44373907","3046167.93449173",0.757849617158208,0.00787227775109529
"sp|Q9Y6K8|KAD5_HUMAN","341600.709498627","480972.075201777","7211648.47403836","7598760.28276129","765830.270308786","788571.440247128","5417359.256875","5467377.93323247","7180822.72464649","7682322.1442222","4865518.69326767","4889828.80923078","800014.791065776","844093.140469407","1375631.40734564","1554302.09645483","1471792.65912162","1552285.91869273","3335835.9077603","3285715.8982155","5314547.31780858","5645086.88585601","3087610.42710256","2744447.99993403","2634938.91194506","2751337.47824799","6086458.75467776","5004326.67792109","5373116.8208568","6245829.25288106","2676440.32304405","2917775.90906969",-0.427350073018757,-0.00409798583589956
"sp|Q6UWR7|ENPP6_HUMAN","464660.230622201","655894.104312948","2220291.01551958","2195415.23745664","12168660.8235206","12005804.7777721","2288508.98091919","2830164.36599376","544555.737689679","538665.086087837","4865518.69326767","6056209.99308399","219762.512565279","267714.105880799","224125.725851327","299010.800819049","301682.111509767","392793.629097872","845194.510011597","972432.683933805","3438769.26982488","3877089.59756143","6585615.94443004","6430962.80438118","914949.236445419","989327.589636392","525414.527732977","591931.103006872","373900.707795975","459161.07535391","2899091.09988046","2457649.62688694",-1.08502829974042,-0.011494527170633
"sp|Q5TF21|SOGA3_HUMAN;sp|Q9Y4B5|MTCL1_HUMAN;sp|O94964|SOGA1_HUMAN","116456.937598958","976427.340354899","3255998.05443682","3512032.0634611","738723.832687896","954566.583912088","3372096.34892435","4110830.29201376","3977567.33384976","4376084.0501023","3183508.02769626","3047290.90291786","938000.46936569","1098676.93467554","227325.704592539","281996.811364327","298428.249138145","219479.946274097","3784165.52681823","3841982.58215805","5094498.85262555","5671807.48652727","3098279.19497859","3852542.26732665","1142023.5852003","1477452.18830018","3298922.77161208","3581095.84088971","4450533.922594","3853992.18391585","1872727.89312388","1773520.09850727",4.41996488117048,0.0439007739662371
"sp|Q02156|KPCE_HUMAN","7220.57723117239","202174.089647378","2248807.25620988","2413721.13908484","132189.821757768","223611.941036316","2044733.77627652","2265077.54133711","2531433.54389927","2635359.50939061","861399.90946543","764668.964534346","424859.69344347","537276.927306273","410545.673241816","352513.872743782","378600.81332194","300749.598211598","1622996.15692965","1588388.78129394","1805061.31257677","1693615.59294849","1340852.10829102","1362577.52335609","181208.619626203","259851.597515199","1850891.80249907","1934650.7824674","1643477.59843326","1524175.74644961","693362.788753289","624184.681573536",-1.71569133139729,-0.0174554241717772
"sp|P22570|ADRO_HUMAN","56437755.3620667","3990339.955997","953620.851330412","1082024.85234615","4121380.55607248","4142021.81611111","1226571.84610886","1455989.88539453","1561686.52443682","1518661.22464749","3024938.13467598","3221364.54450603","906389.959848154","4679613.64947956","8890323.16208926","12348491.7057248","9860674.83960156","9247471.8049862","4876451.29071401","4731678.26829518","4677118.92786817","4436606.70435403","4744654.90443232","4246976.34787449","1454914.19052866","1468885.41826921","1458846.18169447","1495193.80530889","4314848.61475208","4006718.45703716","3909205.86693346","1811518.49842485",-1.4066645371174,-0.0142565563349371
"sp|Q14247|SRC8_HUMAN","3371106.61042289","3831485.55323162","3790308.2677504","3543959.62767438","3073550.84938856","3113950.99070038","3947356.09536223","3596745.60201629","4217621.86865059","4075704.25085367","4054598.91105639","4131450.23890918","5267552.35496134","5498501.95620921","9103918.1917423","9711383.95027452","8900109.38676729","8609044.31624934","3353522.07131927","3427670.60729861","3365437.33238244","3478216.57935152","3677892.76114472","3592310.63739235","19744271.1070994","18715442.4960258","3768474.87077884","3740916.62493","3987364.99402365","4104847.12442831","10615845.6495655","9943250.17499955",0.274145431498828,0.00266344564510769
"sp|Q9NVH1|DJC11_HUMAN","1844858.22924472","2057461.59454227","3204351.25561641","3256611.54975484","1300857.31970426","1943259.23091818","4094531.61904069","4190602.00459031","3957119.21009102","3859716.78444977","1175733.3649515","2075738.36419527","2706291.51759492","2944810.15858868","2021931.16061547","2181771.75975549","2234293.30701137","2338228.48437317","4671104.703977","4460076.64771894","4338487.26205171","4087858.18131498","3760065.26778097","3564188.03136547","1252617.17548637","2274782.66292908","4064897.95356521","5004326.67792109","2401886.99080581","4213885.61473381","2285147.59515883","5336604.26731221",-3.84623308681656,-0.0376330759587248
"sp|P22087|FBRL_HUMAN","3205537.37615672","2709208.89622614","219766.575914965","229753.431535754","442107.091002243","414365.191676586","359461.904369385","352237.514096463","234585.952563776","208473.908291638","1536636.90370963","1780454.58243397","1224908.24325154","1331969.4900306","8196415.02863062","9197930.0666652","8083533.44301149","8072476.24584383","1130975.53813524","1129134.56676177","791746.460512342","863035.952151067","571614.783710113","940798.60561174","265866.700510898","224702.817299166","174280.336672025","184154.402353436","353697.591008443","324010.438048484","1378599.11345204","1326246.37095249",0.452136126458075,0.00456541206393754
"sp|Q5JTV8|TOIP1_HUMAN","8557566.20777624","7542906.78924355","605793.557246128","654266.367887959","3035804.01288346","2483172.68429722","1426777.64139744","1516523.06447988","481881.330872533","618947.900888863","1633589.74046281","1655135.99239403","2194714.62601425","2083950.85457068","14347959.8328753","15684405.3197643","13002220.8740018","13952395.8490974","2830902.29503184","2831590.50294023","1414583.45788663","1320401.00888547","1962971.45581352","1903461.7526618","7901166.85082941","8243763.63601774","742993.285727492","764236.575242499","718129.992530046","702329.211411593","5575106.21649279","5101558.84618342",1.20545713009943,0.0119700307566286
"sp|Q9UHD1|CHRD1_HUMAN","1259157.05122432","1629192.15032147","2701250.05517558","2985286.78001193","120422.900966812","134449.361055567","2170357.1247252","2449849.62495441","3427942.56784589","3251504.88089365","730332.535575194","821203.352849756","4041946.9108917","3817025.21699295","5116994.79860633","5285575.42139623","4676771.23540475","4603875.75465459","2396966.81170773","2641764.1624099","3554740.43581408","3346870.15902031","2919280.83514691","3145136.59468318","539313.970985705","473585.18167479","2791608.75263303","2848134.40119069","683711.002270308","667663.923522293","2968885.19745323","2765522.37274113",-0.58841192236369,-0.00594551944765499
"sp|Q8TAQ2|SMRC2_HUMAN","540622.743953175","763217.980874425","52664.8235295417","47165.7429673803","343380.876628025","373022.617607608","175785.883606444","191902.645747003","72791.3643045636","91933.5085450084","610498.243299489","462641.186058154","152115.15557413","150775.823958287","2554687.40211369","2331378.51702698","2152913.89143647","2273633.04982861","89080.5570722452","147004.406893203","83608.9934890613","62440.3013273227","153623.461938536","150592.904497546","300937.137381314","369860.631357636","72687.5483232806","86057.5249357863","124203.776795574","116087.115509039","105336.456362985","75830.5033887506",1.39554689667396,0.0139644263984431
"sp|Q14498|RBM39_HUMAN","4844483.37247058","4938218.7748347","782947.321638352","900580.831221771","785983.352139991","732863.618147132","1066333.05056989","1076724.91738848","880961.094813175","819320.249938586","1645787.42147908","1785464.79344518","2282116.74497914","2259799.18176084","14607080.2319382","14232254.0129334","11691072.550573","11944096.4465758","1264230.78551303","1272589.89830685","1438674.89928287","1671029.18973361","1448331.35978158","1387325.4487213","6277454.10966258","6007650.51658706","1039453.56010539","1198202.46078134","932196.311986104","1019948.19294396","3805094.78016335","3662237.68595369",-3.62555877881922,-0.0365956944470824
"sp|Q9UIA9|XPO7_HUMAN","1079192.63801872","980352.213608503","1314987.65584856","1380799.25123511","775610.461103913","756319.344737666","1168987.72293252","1385949.31358631","1329292.45322199","1459471.42428828","1170995.39988537","1182283.33107553","2020969.17495047","1720207.22245943","3765375.6555611","3799990.31864796","3926975.97533481","3414835.30690564","1551535.29064155","1620765.50326618","1563239.87713033","1602368.38554661","1869552.79985145","1792649.09872715","1362371.39117647","1270499.94197839","1234947.35334415","1362507.10969663","1032663.21023989","1212183.55717646","2181330.20479776","1990951.74410192",1.4096088104029,0.0144708464410093
"sp|O94985|CSTN1_HUMAN","912470.513307241","945796.629120103","2320298.81639031","2151264.86171502","2087937.13303028","1134481.60372468","2338147.99634989","2617485.10393579","3030181.48630042","3077836.65585478","1882309.95648302","2306487.26423494","816069.170026063","700546.087207334","713751.187731202","381160.270572136","472942.756066499","421992.300347431","2264148.85907374","2594004.47249725","2119804.38067405","2763424.17251723","2628743.40021312","2638077.17388065","1478413.67457644","1600920.12828426","2251900.13942533","1751614.14492846","2123160.42783697","2100142.56140055","819062.792062306","609525.159274363",2.242644443919,0.0231541075670082
"sp|Q8WWI5|CTL1_HUMAN","241795.517802131","239344.930075684","4092191.22712875","3895162.83402049","493749.166963846","442936.373827506","2421097.03220431","2560880.97704636","1022917.5399552","921932.743068049","1946652.26975641","2016627.73054281","60713.749234298","47866.1157618924","37518.7461969674","155177.563362463","55575.2804255969","61241.3991438194","1800420.52124163","1788506.93489212","2873888.07804806","3426828.37052056","5259994.02710279","4971366.79978238","137223.936068881","54574.697851864","948879.688269681","942268.546264244","447616.891112864","367164.227056054","3647471.25681152","3684748.54982057",0.0498535096798939,0.000493214276478914
"sp|O60331|PI51C_HUMAN;sp|A2A3N6|PIPSL_HUMAN;sp|Q99755|PI51A_HUMAN","4460511.34718672","2252117.32522949","3313009.60861983","3256611.54975484","2659046.43585828","2964458.70147709","2824927.01715041","2966162.29135673","4738602.05028824","4226773.42233753","7924897.87161021","8299250.73126325","1356332.82693184","2851180.8253759","3190731.61770599","3905913.64503247","3824946.82154182","3419323.86769727","5939325.15298581","5785931.56504871","5459712.50111047","5590127.18632304","4751404.8801788","4752538.15578836","3418949.363671","4211808.26269087","3275121.43404659","3662244.1752647","8775277.2150957","7958878.00492559","2992459.24783495","2559142.66593479",2.88413522653605,0.0281409848727401
"sp|Q13347|EIF3I_HUMAN","1187019.74691152","617654.120673269","912410.292661238","954585.766512704","6031612.62331281","6064195.9029247","866792.025767067","830314.220620839","806058.349016698","775797.06916906","3575972.16665877","3286302.67560549","2670443.61924888","2536035.11798234","7208117.81219606","7874754.74597534","8709885.67710532","9313146.69940261","841860.956658577","766614.894417261","1069269.45764269","1087442.54875256","1498187.5393536","1515578.2561217","8443879.18542878","9000946.67646391","924884.965840381","1030658.93339062","4011872.37783215","4131806.65715493","5948983.05226732","5901876.77633074",3.9169929883785,0.0398634815634867
"sp|Q9BXM9|FSD1L_HUMAN","309771.342762058","485795.045051088","2438400.30953402","2348972.21414263","4609678.85661996","4745651.22638714","2287462.85092211","2605065.21531087","2612057.26092388","2584660.48585068","1812841.53765596","1941874.97326838","563599.832112136","714816.873484813","791660.197593723","679447.242829972","750988.873670518","648392.053084354","2141733.40651726","2138294.85210921","2801938.97520547","2841507.51876834","2525883.48887146","2345460.45719575","2277800.06664188","1921762.8024403","2925732.09704626","2882149.43152185","3193734.6258068","3328472.54987657","1386080.28831738","1299924.44567809",-0.989034150124108,-0.00948172485672586
"sp|Q02809|PLOD1_HUMAN","6717675.43585223","7116098.34189731","1005819.90007798","1082242.57151493","3657218.0645202","4249027.98679054","1257887.06007031","1239361.21456057","742331.116695982","697793.951250686","3722859.00015177","3410513.22505395","4773174.19922771","4828494.97892063","6735112.16093469","6212680.98843102","5553538.11878275","5920505.46117514","1618331.01144604","1569827.58591872","956056.33559985","1011306.37667116","1308819.89594086","1489369.46412548","4008936.02962355","3815481.66435068","738189.191526919","806229.526365473","1535945.05678507","1836494.96050074","2325169.5725399","2675738.0794068",-0.315146878408376,-0.00332147208316611
"sp|Q12979|ABR_HUMAN","6500353.45149681","7819814.264406","3354255.10420389","3480104.49924782","1426632.3025648","776247.336356514","3900715.45570255","4088986.19512454","4203456.56103743","3920398.60365079","3094617.19433967","3074852.04617024","2471077.94429441","2487479.51298139","2087621.9076463","1844554.49666469","2257750.39298018","2085018.24822439","3454763.35760515","3361357.62742039","2821014.54098751","2867629.70786678","2435339.08250738","2246812.1485322","2931199.09512584","3684356.74861254","3536100.7289729","3608338.19519579","4222871.77167294","4567778.04087001","1389951.70172914","1573502.40945484",-0.84361057586449,-0.0083299145751763
"sp|P17812|PYRG1_HUMAN","808772.495589879","933453.333448305","879182.061485653","1013795.16902818","2856079.35017739","4177476.81885818","1675823.27574838","1726147.86682179","1672203.9679791","1519237.61280797","2263403.18032122","2319671.86846055","1790385.67572136","1824038.18364627","9607160.43498149","9341365.15630833","10042096.4456321","10992796.7295919","2245929.95530813","1980432.77885166","1672288.43915172","1922536.80550989","2115112.27859479","1919720.43801268","2175685.62740332","2322350.83515868","1405577.52938537","1375372.23499493","1954482.39452363","2222287.24155746","2213488.85690932","2389905.52459669",-0.750522093974683,-0.00724601128662187
"sp|Q9Y3L5|RAP2C_HUMAN","96877.1931132383","62156.7833386068","66848.2663826375","63900.8081824399","4281.80661294668","24645.4595348558","137319.938781951","152214.739627799","58265.9513401486","60219.9888703717","128552.576369435","119861.635475984","144490.69577087","140556.190240705","301091.469070734","283862.775340888","274711.340445175","260677.963977995","38997.2154107591","36377.4863405567","35025.7942311889","37493.8490287372","37045.536105826","37186.6600290669","150203.59223593","164332.934132313","31453.9500354728","55381.552330138","11612.3992288122","30429.5133393552","91260.0856213185","89262.6566179126",4.7309119498488,0.0467558496836848
"sp|P49354|FNTA_HUMAN","683632.049160098","882162.164944093","410629.63796887","408322.366467227","779559.850290295","1333208.28072413","496662.608369202","509942.947053698","406508.22726668","366197.838347202","649175.154830632","700045.977518342","896833.575113457","709605.690919652","4415229.61580915","4116029.74011923","3540031.25336714","3552600.29425092","489614.553046215","570201.029719638","606042.391647722","649679.611977225","894386.935681419","859544.713324781","1256733.4166656","1427743.03183384","341132.008115443","530324.854018637","396452.730634617","428846.013413413","2372785.72808558","2391858.76906911",0.288783373813308,0.00298311787216325
"sp|Q8N608|DPP10_HUMAN","34226.8826583087","203329.786826146","1002876.27791502","1133695.12345562","18392.4349332145","20377.1569278451","936875.439404415","1214085.02660822","1607658.21393242","1677370.24087972","1038197.66767106","763732.419659988","331597.607998348","251652.647067629","74134.8039355134","37981.5694968885","28890.2676369863","20744.9867448201","1348192.36519533","967646.991227761","893547.648613234","1092008.51884328","804770.877965674","975755.27914749","159398.840062","138791.270505656","1075533.98679615","545747.91815141","701575.852290662","507557.416205657","273849.42654353","158369.193275128",2.11350934535675,0.0229401463758519
"sp|Q96GK7|FAH2A_HUMAN","1146125.48253954","1372844.32437309","1856701.0637156","2215043.51213138","2020140.41214974","2638658.37443411","2574668.16455997","2575342.09440195","2135353.91016094","2300741.75045351","1194684.26980505","1177053.57213408","1127591.76221987","972275.779895375","5464661.66707198","4787590.25273315","7483650.10747725","6754926.60924297","3027707.95706491","2921917.8968696","2758587.44236273","2630331.74312924","2914383.1231071","2884855.82684532","2079912.7921001","2379495.04698539","2892356.98762636","2955846.84437833","1142698.41156167","1088498.34582955","5193984.12932374","4689129.25801293",-3.78847562027777,-0.0377889495387883
"sp|P49589|SYCC_HUMAN","2311221.66682476","2799494.84111227","1968454.40165611","2047092.32357012","2826162.61722191","3025392.36016536","2473218.61217834","2498665.70439594","2390223.98624355","2606188.55165006","3182482.99707796","3495450.35178723","2363321.57434419","2251619.51659652","2830400.21712579","2905659.06377157","2540799.82232073","2617017.04005728","2542317.76126775","2525570.92484616","2665946.68267653","2569098.98141762","2206881.17620515","2241231.42283149","6477058.86668357","6173198.93150638","2272857.04229302","2300539.82826296","2963361.08058018","2828422.47647002","3967296.65193794","4388830.82741497",5.01973020671251,0.0511652743887339
